/*M!999999\- enable the sandbox mode */ 
-- MariaDB dump 10.19-12.1.2-MariaDB, for osx10.19 (x86_64)
--
-- Host: localhost    Database: ehkam
-- ------------------------------------------------------
-- Server version	12.1.2-MariaDB

/*!40101 SET @OLD_CHARACTER_SET_CLIENT=@@CHARACTER_SET_CLIENT */;
/*!40101 SET @OLD_CHARACTER_SET_RESULTS=@@CHARACTER_SET_RESULTS */;
/*!40101 SET @OLD_COLLATION_CONNECTION=@@COLLATION_CONNECTION */;
/*!40101 SET NAMES utf8mb4 */;
/*!40103 SET @OLD_TIME_ZONE=@@TIME_ZONE */;
/*!40103 SET TIME_ZONE='+00:00' */;
/*!40014 SET @OLD_UNIQUE_CHECKS=@@UNIQUE_CHECKS, UNIQUE_CHECKS=0 */;
/*!40014 SET @OLD_FOREIGN_KEY_CHECKS=@@FOREIGN_KEY_CHECKS, FOREIGN_KEY_CHECKS=0 */;
/*!40101 SET @OLD_SQL_MODE=@@SQL_MODE, SQL_MODE='NO_AUTO_VALUE_ON_ZERO' */;
/*M!100616 SET @OLD_NOTE_VERBOSITY=@@NOTE_VERBOSITY, NOTE_VERBOSITY=0 */;

--
-- Table structure for table `activities`
--

DROP TABLE IF EXISTS `activities`;
/*!40101 SET @saved_cs_client     = @@character_set_client */;
/*!40101 SET character_set_client = utf8mb4 */;
CREATE TABLE `activities` (
  `id` bigint(20) unsigned NOT NULL AUTO_INCREMENT,
  `title` varchar(255) NOT NULL,
  `project_id` bigint(20) NOT NULL,
  `current_year` varchar(4) NOT NULL DEFAULT '2025',
  `is_feed_indicator` tinyint(1) NOT NULL DEFAULT 0,
  `creator_id` bigint(20) unsigned DEFAULT NULL,
  `status` enum('draft','in_progress','completed','returned','rejected','delayed') NOT NULL DEFAULT 'draft',
  `created_at` timestamp NULL DEFAULT NULL,
  `updated_at` timestamp NULL DEFAULT NULL,
  PRIMARY KEY (`id`)
) ENGINE=InnoDB AUTO_INCREMENT=57 DEFAULT CHARSET=utf8mb4 COLLATE=utf8mb4_unicode_ci;
/*!40101 SET character_set_client = @saved_cs_client */;

--
-- Dumping data for table `activities`
--

LOCK TABLES `activities` WRITE;
/*!40000 ALTER TABLE `activities` DISABLE KEYS */;
set autocommit=0;
INSERT INTO `activities` VALUES
(1,'تثمير',1,'2025',0,NULL,'draft','2025-10-11 12:27:33','2025-10-11 12:27:33'),
(2,'اسبوع الوقف الخليجي',2,'2025',0,NULL,'draft','2025-10-11 12:28:32','2025-10-11 12:28:32'),
(3,'اللقاء السنوي الوقفي',2,'2025',0,NULL,'draft','2025-10-11 12:28:45','2025-10-11 12:28:45'),
(4,'الوقف وعي وعطاء',2,'2025',0,NULL,'draft','2025-10-11 12:29:04','2025-10-11 12:29:04'),
(5,'ملتقى لجان الزكاة',3,'2025',0,NULL,'draft','2025-10-11 12:29:30','2025-10-11 12:29:30'),
(6,'الرسول الأعظم',4,'2025',0,NULL,'draft','2025-10-11 12:29:57','2025-10-11 12:29:57'),
(7,'الوعظ الألكتروني',4,'2025',0,NULL,'draft','2025-10-11 12:30:12','2025-10-11 12:30:12'),
(8,'جنة',4,'2025',0,NULL,'draft','2025-10-11 12:30:24','2025-10-11 12:30:24'),
(9,'مسارات امنه',4,'2025',0,NULL,'draft','2025-10-11 12:30:36','2025-10-11 12:30:36'),
(10,'ملتقيات الارشاد',4,'2025',0,NULL,'draft','2025-10-11 12:30:46','2025-10-11 12:30:46'),
(11,'ملتقيات السيدة عائشة',4,'2025',0,NULL,'draft','2025-10-11 12:30:57','2025-10-11 12:30:57'),
(12,'ندوة المرأة العمانية',4,'2025',0,NULL,'draft','2025-10-11 12:31:09','2025-10-11 12:31:09'),
(13,'الانماء المهني',4,'2025',0,NULL,'draft','2025-10-11 12:31:27','2025-10-11 12:31:27'),
(14,'الكوادر الدينية',4,'2025',0,NULL,'draft','2025-10-11 12:31:46','2025-10-11 12:31:46'),
(15,'معرض مسقط الدولي للكتب والمعارض الدولية',4,'2025',0,NULL,'draft','2025-10-11 12:31:52','2025-10-11 12:31:52'),
(16,'صيفنا مميز',5,'2025',0,NULL,'draft','2025-10-11 17:55:35','2025-10-11 17:55:35'),
(17,'المدرسة الفقهية',5,'2025',0,NULL,'draft','2025-10-11 17:55:51','2025-10-11 17:55:51'),
(18,'الملتقيات الشتوية',5,'2025',0,NULL,'draft','2025-10-11 17:56:11','2025-10-11 17:56:11'),
(19,'الفقيه الصغير والملتثيات الصيفية',5,'2025',0,NULL,'draft','2025-10-11 17:56:27','2025-10-11 17:56:27'),
(20,'معرض نسك',6,'2025',0,NULL,'draft','2025-10-11 17:57:02','2025-10-11 17:57:02'),
(21,'بعثة الحج العمانية',6,'2025',0,NULL,'draft','2025-10-11 17:57:13','2025-10-11 17:57:13'),
(22,'التواصل والتبادل الثقافي',7,'2025',0,NULL,'draft','2025-10-11 17:57:43','2025-10-11 17:57:43'),
(23,'الفتاوي',7,'2025',0,NULL,'draft','2025-10-11 17:57:52','2025-10-11 17:57:52'),
(24,'التعريف بالاسلام',7,'2025',0,NULL,'draft','2025-10-11 17:58:03','2025-10-11 17:58:03'),
(25,'الاحتفال بيوم التسامح ومعارض رسالة السلام الدولية',8,'2025',0,NULL,'draft','2025-10-11 17:58:26','2025-10-11 17:58:26'),
(26,'الحواضر والبوادي',9,'2025',0,NULL,'draft','2025-10-11 17:58:36','2025-10-11 17:58:36'),
(27,'تعليم القرآن الكريم',10,'2025',0,NULL,'draft','2025-10-11 17:59:06','2025-10-11 17:59:06'),
(28,'الإجازة القرآنية',10,'2025',0,NULL,'draft','2025-10-11 17:59:24','2025-10-11 17:59:24'),
(29,'المسابقات القرآنية',10,'2025',0,NULL,'draft','2025-10-11 17:59:39','2025-10-11 17:59:39'),
(30,'استدامة',11,'2025',0,NULL,'draft','2025-10-11 17:59:55','2025-10-11 17:59:55'),
(31,'تحول',12,'2025',0,NULL,'draft','2025-10-11 18:00:27','2025-10-11 18:00:27'),
(32,'تطوير الانظمة الالكترونية',12,'2025',0,NULL,'draft','2025-10-11 18:00:41','2025-10-11 18:00:41'),
(33,'رضا',13,'2025',0,NULL,'draft','2025-10-11 18:00:54','2025-10-11 18:00:54'),
(34,'تثمير 1',1,'2025',0,NULL,'draft','2025-12-31 10:02:51','2025-12-31 10:02:51'),
(35,'تثمير الأصول الوقفية',14,'2026',0,NULL,'draft','2026-01-05 09:57:49','2026-01-05 09:57:49'),
(36,'فعالية الوقف العلمية السنوية',14,'2026',0,NULL,'draft','2026-01-05 09:58:00','2026-01-05 09:58:00'),
(37,'لقاء المؤسسات الوقفية',14,'2026',0,NULL,'draft','2026-01-05 09:58:06','2026-01-05 09:58:06'),
(38,'أسبوع الوقف الخليجي',15,'2026',0,NULL,'draft','2026-01-05 10:00:43','2026-01-05 10:00:43'),
(39,'الوقف وعي وعطاء',15,'2026',0,NULL,'draft','2026-01-05 10:01:06','2026-01-05 10:01:06'),
(40,'الحملات الأعلامية التوعوية',16,'2026',0,NULL,'draft','2026-01-05 10:13:34','2026-01-05 10:13:34'),
(41,'معرض ومؤتمر الزكاة',16,'2026',0,NULL,'draft','2026-01-05 10:14:37','2026-01-05 10:14:37'),
(42,'الرسول الأعظم',17,'2026',0,NULL,'draft','2026-01-05 10:23:36','2026-01-05 10:23:36'),
(43,'الوعظ الألكتروني جنة',17,'2026',0,NULL,'draft','2026-01-05 10:23:54','2026-01-05 10:23:54'),
(44,'مسارات امنه',17,'2026',0,NULL,'draft','2026-01-05 10:24:24','2026-01-05 10:24:24'),
(45,'ملتقيات الارشاد',17,'2026',0,NULL,'draft','2026-01-05 10:24:37','2026-01-05 10:24:37'),
(46,'الندوات الدينية',17,'2026',0,NULL,'draft','2026-01-05 10:26:28','2026-01-05 10:26:28'),
(47,'الانماء المهني',17,'2026',0,NULL,'draft','2026-01-05 10:26:40','2026-01-05 10:26:40'),
(48,'ملتقى الكوادر الدينية',17,'2026',0,NULL,'draft','2026-01-05 10:26:59','2026-01-05 10:26:59'),
(49,'معرض مسقط الدولي للكتب والمعارض الدولية',17,'2026',0,NULL,'draft','2026-01-05 10:27:21','2026-01-05 10:27:21'),
(50,'الوعظ الشامل',17,'2026',0,NULL,'draft','2026-01-05 10:27:54','2026-01-05 10:27:54'),
(51,'الأبحاث العلمية',17,'2026',0,NULL,'draft','2026-01-05 10:28:42','2026-01-05 10:28:42'),
(52,'تعليم القرآن الكريم',23,'2026',0,NULL,'draft','2026-01-12 00:01:10','2026-01-12 00:01:10'),
(53,'الإجازة القرآنية',23,'2026',0,NULL,'draft','2026-01-12 00:01:28','2026-01-12 00:01:28'),
(54,'مسابقة فاستمسك',23,'2026',0,NULL,'draft','2026-01-12 00:01:46','2026-01-12 00:01:46'),
(55,'تأهيل المتسابقين',23,'2026',0,NULL,'draft','2026-01-12 00:02:06','2026-01-12 00:02:06'),
(56,'مؤتمر ومعرض القرآن الكريم',23,'2026',0,NULL,'draft','2026-01-12 00:02:40','2026-01-12 00:02:40');
/*!40000 ALTER TABLE `activities` ENABLE KEYS */;
UNLOCK TABLES;
commit;

--
-- Table structure for table `aim_sector_feedback`
--

DROP TABLE IF EXISTS `aim_sector_feedback`;
/*!40101 SET @saved_cs_client     = @@character_set_client */;
/*!40101 SET character_set_client = utf8mb4 */;
CREATE TABLE `aim_sector_feedback` (
  `id` bigint(20) unsigned NOT NULL AUTO_INCREMENT,
  `workflow_id` bigint(20) unsigned DEFAULT NULL,
  `current_stage_id` bigint(20) unsigned DEFAULT NULL,
  `status` enum('draft','in_progress','completed','returned','rejected') NOT NULL DEFAULT 'draft',
  `aim_id` bigint(20) unsigned NOT NULL,
  `sector_id` bigint(20) unsigned NOT NULL,
  `achieved` int(11) NOT NULL DEFAULT 0,
  `evidence_title` varchar(50) DEFAULT NULL,
  `evidence_url` varchar(255) DEFAULT NULL,
  `current_year` varchar(255) NOT NULL DEFAULT '2024',
  `note` text DEFAULT NULL,
  `createdby_user_id` bigint(20) unsigned DEFAULT NULL,
  `created_at` timestamp NULL DEFAULT NULL,
  `updated_at` timestamp NULL DEFAULT NULL,
  PRIMARY KEY (`id`),
  KEY `aim_sector_feedback_workflow_id_foreign` (`workflow_id`),
  KEY `aim_sector_feedback_current_stage_id_foreign` (`current_stage_id`),
  CONSTRAINT `aim_sector_feedback_current_stage_id_foreign` FOREIGN KEY (`current_stage_id`) REFERENCES `workflow_stages` (`id`) ON DELETE SET NULL,
  CONSTRAINT `aim_sector_feedback_workflow_id_foreign` FOREIGN KEY (`workflow_id`) REFERENCES `workflows` (`id`) ON DELETE SET NULL
) ENGINE=InnoDB DEFAULT CHARSET=utf8mb4 COLLATE=utf8mb4_unicode_ci;
/*!40101 SET character_set_client = @saved_cs_client */;

--
-- Dumping data for table `aim_sector_feedback`
--

LOCK TABLES `aim_sector_feedback` WRITE;
/*!40000 ALTER TABLE `aim_sector_feedback` DISABLE KEYS */;
set autocommit=0;
/*!40000 ALTER TABLE `aim_sector_feedback` ENABLE KEYS */;
UNLOCK TABLES;
commit;

--
-- Table structure for table `aims`
--

DROP TABLE IF EXISTS `aims`;
/*!40101 SET @saved_cs_client     = @@character_set_client */;
/*!40101 SET character_set_client = utf8mb4 */;
CREATE TABLE `aims` (
  `id` bigint(20) unsigned NOT NULL AUTO_INCREMENT,
  `title` varchar(255) NOT NULL,
  `created_at` timestamp NULL DEFAULT NULL,
  `updated_at` timestamp NULL DEFAULT NULL,
  PRIMARY KEY (`id`)
) ENGINE=InnoDB AUTO_INCREMENT=16 DEFAULT CHARSET=utf8mb4 COLLATE=utf8mb4_unicode_ci;
/*!40101 SET character_set_client = @saved_cs_client */;

--
-- Dumping data for table `aims`
--

LOCK TABLES `aims` WRITE;
/*!40000 ALTER TABLE `aims` DISABLE KEYS */;
set autocommit=0;
INSERT INTO `aims` VALUES
(1,'نسبة نمو العائد من الأصول الوقفية وبيت المال وأموال الأيتام والقصر',NULL,NULL),
(2,'نسبة نمو الأصول الوقفية الجديدة سنويا',NULL,NULL),
(3,'نسبة نمو إيرادات الزكاة سنويا',NULL,NULL),
(4,'نسبة نمو عدد المستفيدين من الأنشطة الدينية وخدمات الإفتاء',NULL,NULL),
(5,'نسبة نمو عدد المستفيدين من برامج تعزيز قيم التسامح والتعايش والموتلف الإنساني (دولياً)',NULL,NULL),
(6,'نسبة نمو عدد المستفيدين من برامج تعزيز الهوية الوطنية (محلياً)',NULL,NULL),
(7,'نسبة نمو عدد متعلمي القرآن الكريم',NULL,NULL),
(8,'عدد الجوامع والمساجد ومدارس القرآن الكريم التي تغطي مصاريف الخدمات الأساسية \"الصيانة والتنظيف\".',NULL,NULL),
(9,'نسبة الخدمات المرقمنة من إجمالي الخدمات المقدمة',NULL,NULL),
(10,'نسبة رضا المستفيدين عن الخدمات المقدمة من الوزارة',NULL,NULL),
(11,'نسبة تطبيق توصيات مخرجات دراسة الظواهر الإجتماعية',NULL,NULL),
(12,'نسبة إشغال الأصول الوقفية وبيت المال وأموال الأيتام والقصر',NULL,NULL),
(13,'مستوسط قيمة المبالغ الموزعة للمستحقين',NULL,NULL),
(14,'نسبة المستفيدين من الأنشطة الدينة',NULL,NULL),
(15,'نسبة المستفيدين من خدمات الإفتاء',NULL,NULL);
/*!40000 ALTER TABLE `aims` ENABLE KEYS */;
UNLOCK TABLES;
commit;

--
-- Table structure for table `answers`
--

DROP TABLE IF EXISTS `answers`;
/*!40101 SET @saved_cs_client     = @@character_set_client */;
/*!40101 SET character_set_client = utf8mb4 */;
CREATE TABLE `answers` (
  `id` bigint(20) unsigned NOT NULL AUTO_INCREMENT,
  `user_id` bigint(20) unsigned DEFAULT NULL,
  `questionnaire_id` bigint(20) unsigned NOT NULL,
  `question_id` bigint(20) unsigned NOT NULL,
  `text_answer` text DEFAULT NULL,
  `range_value` tinyint(3) unsigned DEFAULT NULL,
  `choice_ids` longtext CHARACTER SET utf8mb4 COLLATE utf8mb4_bin DEFAULT NULL CHECK (json_valid(`choice_ids`)),
  `note` text DEFAULT NULL,
  `created_at` timestamp NULL DEFAULT NULL,
  `updated_at` timestamp NULL DEFAULT NULL,
  PRIMARY KEY (`id`),
  KEY `answers_user_id_foreign` (`user_id`),
  KEY `answers_questionnaire_id_foreign` (`questionnaire_id`),
  KEY `answers_question_id_foreign` (`question_id`),
  CONSTRAINT `answers_question_id_foreign` FOREIGN KEY (`question_id`) REFERENCES `questions` (`id`) ON DELETE CASCADE,
  CONSTRAINT `answers_questionnaire_id_foreign` FOREIGN KEY (`questionnaire_id`) REFERENCES `questionnaires` (`id`) ON DELETE CASCADE,
  CONSTRAINT `answers_user_id_foreign` FOREIGN KEY (`user_id`) REFERENCES `users` (`id`) ON DELETE CASCADE
) ENGINE=InnoDB AUTO_INCREMENT=133 DEFAULT CHARSET=utf8mb4 COLLATE=utf8mb4_unicode_ci;
/*!40101 SET character_set_client = @saved_cs_client */;

--
-- Dumping data for table `answers`
--

LOCK TABLES `answers` WRITE;
/*!40000 ALTER TABLE `answers` DISABLE KEYS */;
set autocommit=0;
INSERT INTO `answers` VALUES
(1,NULL,3,4,'حميد المعمري',NULL,NULL,NULL,'2025-11-03 06:36:46','2025-11-03 06:36:46'),
(2,NULL,3,5,'دائرة التخطيط والإحصاء',NULL,NULL,NULL,'2025-11-03 06:36:46','2025-11-03 06:36:46'),
(3,NULL,3,6,NULL,5,NULL,NULL,'2025-11-03 06:36:46','2025-11-03 06:36:46'),
(4,NULL,3,7,NULL,5,NULL,NULL,'2025-11-03 06:36:46','2025-11-03 06:36:46'),
(5,NULL,3,8,NULL,5,NULL,NULL,'2025-11-03 06:36:46','2025-11-03 06:36:46'),
(6,NULL,3,9,NULL,5,NULL,NULL,'2025-11-03 06:36:46','2025-11-03 06:36:46'),
(7,NULL,3,10,NULL,5,NULL,NULL,'2025-11-03 06:36:46','2025-11-03 06:36:46'),
(8,NULL,3,11,NULL,5,NULL,NULL,'2025-11-03 06:36:46','2025-11-03 06:36:46'),
(9,NULL,3,12,NULL,5,NULL,NULL,'2025-11-03 06:36:46','2025-11-03 06:36:46'),
(10,NULL,3,13,NULL,5,NULL,NULL,'2025-11-03 06:36:46','2025-11-03 06:36:46'),
(11,NULL,3,14,NULL,5,NULL,NULL,'2025-11-03 06:36:46','2025-11-03 06:36:46'),
(12,NULL,3,15,'زيادة مدة الورشة',NULL,NULL,NULL,'2025-11-03 06:36:46','2025-11-03 06:36:46'),
(13,NULL,3,4,'شيخة بنت سعيد بن مسلم المحروقية',NULL,NULL,NULL,'2025-11-03 13:21:47','2025-11-03 13:21:47'),
(14,NULL,3,5,'قاعة اللبان فندق مسك',NULL,NULL,NULL,'2025-11-03 13:21:47','2025-11-03 13:21:47'),
(15,NULL,3,6,NULL,5,NULL,NULL,'2025-11-03 13:21:47','2025-11-03 13:21:47'),
(16,NULL,3,7,NULL,5,NULL,NULL,'2025-11-03 13:21:47','2025-11-03 13:21:47'),
(17,NULL,3,8,NULL,5,NULL,NULL,'2025-11-03 13:21:47','2025-11-03 13:21:47'),
(18,NULL,3,9,NULL,5,NULL,NULL,'2025-11-03 13:21:47','2025-11-03 13:21:47'),
(19,NULL,3,10,NULL,5,NULL,NULL,'2025-11-03 13:21:47','2025-11-03 13:21:47'),
(20,NULL,3,11,NULL,5,NULL,NULL,'2025-11-03 13:21:47','2025-11-03 13:21:47'),
(21,NULL,3,12,NULL,5,NULL,NULL,'2025-11-03 13:21:47','2025-11-03 13:21:47'),
(22,NULL,3,13,NULL,4,NULL,NULL,'2025-11-03 13:21:47','2025-11-03 13:21:47'),
(23,NULL,3,14,NULL,5,NULL,NULL,'2025-11-03 13:21:47','2025-11-03 13:21:47'),
(24,NULL,3,15,'نعطى صلاحية أكثر في تنفيذ مقترحاتنا',NULL,NULL,NULL,'2025-11-03 13:21:47','2025-11-03 13:21:47'),
(25,NULL,3,4,'أحمد بن راشد بن هاشل الذيابي',NULL,NULL,NULL,'2025-11-03 13:37:49','2025-11-03 13:37:49'),
(26,NULL,3,5,'دائرة القران الكريم',NULL,NULL,NULL,'2025-11-03 13:37:49','2025-11-03 13:37:49'),
(27,NULL,3,6,NULL,5,NULL,NULL,'2025-11-03 13:37:49','2025-11-03 13:37:49'),
(28,NULL,3,7,NULL,5,NULL,NULL,'2025-11-03 13:37:49','2025-11-03 13:37:49'),
(29,NULL,3,8,NULL,5,NULL,NULL,'2025-11-03 13:37:49','2025-11-03 13:37:49'),
(30,NULL,3,9,NULL,5,NULL,NULL,'2025-11-03 13:37:49','2025-11-03 13:37:49'),
(31,NULL,3,10,NULL,5,NULL,NULL,'2025-11-03 13:37:49','2025-11-03 13:37:49'),
(32,NULL,3,11,NULL,5,NULL,NULL,'2025-11-03 13:37:49','2025-11-03 13:37:49'),
(33,NULL,3,12,NULL,5,NULL,NULL,'2025-11-03 13:37:49','2025-11-03 13:37:49'),
(34,NULL,3,13,NULL,5,NULL,NULL,'2025-11-03 13:37:49','2025-11-03 13:37:49'),
(35,NULL,3,14,NULL,5,NULL,NULL,'2025-11-03 13:37:49','2025-11-03 13:37:49'),
(36,NULL,3,15,'جزاكم الله خيرا',NULL,NULL,NULL,'2025-11-03 13:37:49','2025-11-03 13:37:49'),
(37,NULL,3,4,'سلطان بن جمعة بن سالم الوهيبي',NULL,NULL,NULL,'2025-11-03 13:41:32','2025-11-03 13:41:32'),
(38,NULL,3,5,'دائرة القرآن الكريم',NULL,NULL,NULL,'2025-11-03 13:41:32','2025-11-03 13:41:32'),
(39,NULL,3,6,NULL,5,NULL,NULL,'2025-11-03 13:41:32','2025-11-03 13:41:32'),
(40,NULL,3,7,NULL,2,NULL,NULL,'2025-11-03 13:41:32','2025-11-03 13:41:32'),
(41,NULL,3,8,NULL,5,NULL,NULL,'2025-11-03 13:41:32','2025-11-03 13:41:32'),
(42,NULL,3,9,NULL,5,NULL,NULL,'2025-11-03 13:41:32','2025-11-03 13:41:32'),
(43,NULL,3,10,NULL,5,NULL,NULL,'2025-11-03 13:41:32','2025-11-03 13:41:32'),
(44,NULL,3,11,NULL,5,NULL,NULL,'2025-11-03 13:41:32','2025-11-03 13:41:32'),
(45,NULL,3,12,NULL,5,NULL,NULL,'2025-11-03 13:41:32','2025-11-03 13:41:32'),
(46,NULL,3,13,NULL,5,NULL,NULL,'2025-11-03 13:41:32','2025-11-03 13:41:32'),
(47,NULL,3,14,NULL,5,NULL,NULL,'2025-11-03 13:41:32','2025-11-03 13:41:32'),
(48,NULL,3,15,'التعاون المستمر',NULL,NULL,NULL,'2025-11-03 13:41:32','2025-11-03 13:41:32'),
(49,NULL,3,4,'أحمد بن خميس بن سالم العلوي',NULL,NULL,NULL,'2025-11-05 12:43:27','2025-11-05 12:43:27'),
(50,NULL,3,5,'دائرة البحوث الشرعية',NULL,NULL,NULL,'2025-11-05 12:43:27','2025-11-05 12:43:27'),
(51,NULL,3,6,NULL,5,NULL,NULL,'2025-11-05 12:43:27','2025-11-05 12:43:27'),
(52,NULL,3,7,NULL,5,NULL,NULL,'2025-11-05 12:43:27','2025-11-05 12:43:27'),
(53,NULL,3,8,NULL,5,NULL,NULL,'2025-11-05 12:43:27','2025-11-05 12:43:27'),
(54,NULL,3,9,NULL,5,NULL,NULL,'2025-11-05 12:43:27','2025-11-05 12:43:27'),
(55,NULL,3,10,NULL,5,NULL,NULL,'2025-11-05 12:43:27','2025-11-05 12:43:27'),
(56,NULL,3,11,NULL,5,NULL,NULL,'2025-11-05 12:43:27','2025-11-05 12:43:27'),
(57,NULL,3,12,NULL,5,NULL,NULL,'2025-11-05 12:43:27','2025-11-05 12:43:27'),
(58,NULL,3,13,NULL,5,NULL,NULL,'2025-11-05 12:43:27','2025-11-05 12:43:27'),
(59,NULL,3,14,NULL,5,NULL,NULL,'2025-11-05 12:43:27','2025-11-05 12:43:27'),
(60,NULL,3,15,'زيادة عدد ايام الورشة للاستفادة القصوى',NULL,NULL,NULL,'2025-11-05 12:43:27','2025-11-05 12:43:27'),
(61,NULL,3,4,'جميل بن سليمان بن سالم الناعبي',NULL,NULL,NULL,'2025-11-05 12:44:41','2025-11-05 12:44:41'),
(62,NULL,3,5,'قسم الوعظ والإرشاد بدائرة الشؤون الإسلامية',NULL,NULL,NULL,'2025-11-05 12:44:41','2025-11-05 12:44:41'),
(63,NULL,3,6,NULL,5,NULL,NULL,'2025-11-05 12:44:41','2025-11-05 12:44:41'),
(64,NULL,3,7,NULL,5,NULL,NULL,'2025-11-05 12:44:41','2025-11-05 12:44:41'),
(65,NULL,3,8,NULL,5,NULL,NULL,'2025-11-05 12:44:41','2025-11-05 12:44:41'),
(66,NULL,3,9,NULL,5,NULL,NULL,'2025-11-05 12:44:41','2025-11-05 12:44:41'),
(67,NULL,3,10,NULL,4,NULL,NULL,'2025-11-05 12:44:41','2025-11-05 12:44:41'),
(68,NULL,3,11,NULL,5,NULL,NULL,'2025-11-05 12:44:41','2025-11-05 12:44:41'),
(69,NULL,3,12,NULL,5,NULL,NULL,'2025-11-05 12:44:41','2025-11-05 12:44:41'),
(70,NULL,3,13,NULL,4,NULL,NULL,'2025-11-05 12:44:41','2025-11-05 12:44:41'),
(71,NULL,3,14,NULL,5,NULL,NULL,'2025-11-05 12:44:41','2025-11-05 12:44:41'),
(72,NULL,3,15,'ورشة رائعة مثرية نتمنى أن تكون في ٣ أيام وساعات اقل',NULL,NULL,NULL,'2025-11-05 12:44:41','2025-11-05 12:44:41'),
(73,NULL,3,4,'إسماعيل الرواحي',NULL,NULL,NULL,'2025-11-05 12:45:51','2025-11-05 12:45:51'),
(74,NULL,3,5,'قسم الخطب / دائرة البحوث الشرعية',NULL,NULL,NULL,'2025-11-05 12:45:51','2025-11-05 12:45:51'),
(75,NULL,3,6,NULL,3,NULL,NULL,'2025-11-05 12:45:51','2025-11-05 12:45:51'),
(76,NULL,3,7,NULL,2,NULL,NULL,'2025-11-05 12:45:51','2025-11-05 12:45:51'),
(77,NULL,3,8,NULL,2,NULL,NULL,'2025-11-05 12:45:51','2025-11-05 12:45:51'),
(78,NULL,3,9,NULL,3,NULL,NULL,'2025-11-05 12:45:51','2025-11-05 12:45:51'),
(79,NULL,3,10,NULL,3,NULL,NULL,'2025-11-05 12:45:51','2025-11-05 12:45:51'),
(80,NULL,3,11,NULL,2,NULL,NULL,'2025-11-05 12:45:51','2025-11-05 12:45:51'),
(81,NULL,3,12,NULL,2,NULL,NULL,'2025-11-05 12:45:51','2025-11-05 12:45:51'),
(82,NULL,3,13,NULL,5,NULL,NULL,'2025-11-05 12:45:51','2025-11-05 12:45:51'),
(83,NULL,3,14,NULL,2,NULL,NULL,'2025-11-05 12:45:51','2025-11-05 12:45:51'),
(84,NULL,3,15,'ضعف التوزيع الوقتي للدوائر المشاركة في الورشة، أرجوا معالجة هذا الأمر',NULL,NULL,NULL,'2025-11-05 12:45:51','2025-11-05 12:45:51'),
(85,NULL,3,4,'كاملة بنت ناصر بن خلفان الحديدية',NULL,NULL,NULL,'2025-11-05 12:48:31','2025-11-05 12:48:31'),
(86,NULL,3,5,'دائرة التعليم والارشاد النسوي',NULL,NULL,NULL,'2025-11-05 12:48:31','2025-11-05 12:48:31'),
(87,NULL,3,6,NULL,1,NULL,NULL,'2025-11-05 12:48:31','2025-11-05 12:48:31'),
(88,NULL,3,7,NULL,4,NULL,NULL,'2025-11-05 12:48:31','2025-11-05 12:48:31'),
(89,NULL,3,8,NULL,5,NULL,NULL,'2025-11-05 12:48:31','2025-11-05 12:48:31'),
(90,NULL,3,9,NULL,5,NULL,NULL,'2025-11-05 12:48:31','2025-11-05 12:48:31'),
(91,NULL,3,10,NULL,5,NULL,NULL,'2025-11-05 12:48:31','2025-11-05 12:48:31'),
(92,NULL,3,11,NULL,5,NULL,NULL,'2025-11-05 12:48:31','2025-11-05 12:48:31'),
(93,NULL,3,12,NULL,5,NULL,NULL,'2025-11-05 12:48:31','2025-11-05 12:48:31'),
(94,NULL,3,13,NULL,5,NULL,NULL,'2025-11-05 12:48:31','2025-11-05 12:48:31'),
(95,NULL,3,14,NULL,3,NULL,NULL,'2025-11-05 12:48:31','2025-11-05 12:48:31'),
(96,NULL,3,15,'يجب إبلاغنا بنوعية الورش التدريبية المعدة والاهداف الرئيسية المعدة للورشة',NULL,NULL,NULL,'2025-11-05 12:48:31','2025-11-05 12:48:31'),
(97,NULL,3,4,'قبس بن هلال بن أحمد البهلاني',NULL,NULL,NULL,'2025-11-05 12:56:34','2025-11-05 12:56:34'),
(98,NULL,3,5,'دائرة الزكاة',NULL,NULL,NULL,'2025-11-05 12:56:34','2025-11-05 12:56:34'),
(99,NULL,3,6,NULL,4,NULL,NULL,'2025-11-05 12:56:34','2025-11-05 12:56:34'),
(100,NULL,3,7,NULL,4,NULL,NULL,'2025-11-05 12:56:34','2025-11-05 12:56:34'),
(101,NULL,3,8,NULL,4,NULL,NULL,'2025-11-05 12:56:34','2025-11-05 12:56:34'),
(102,NULL,3,9,NULL,4,NULL,NULL,'2025-11-05 12:56:34','2025-11-05 12:56:34'),
(103,NULL,3,10,NULL,4,NULL,NULL,'2025-11-05 12:56:34','2025-11-05 12:56:34'),
(104,NULL,3,11,NULL,5,NULL,NULL,'2025-11-05 12:56:34','2025-11-05 12:56:34'),
(105,NULL,3,12,NULL,4,NULL,NULL,'2025-11-05 12:56:34','2025-11-05 12:56:34'),
(106,NULL,3,13,NULL,4,NULL,NULL,'2025-11-05 12:56:34','2025-11-05 12:56:34'),
(107,NULL,3,14,NULL,4,NULL,NULL,'2025-11-05 12:56:34','2025-11-05 12:56:34'),
(108,NULL,3,15,'التواصل السابق مع الدوائر المختصة مباشرة وإرسال الخطط التفصيلية لهم والاطلاع عليها قبل الحضور للورشة مع أهمية التغذية الراجعة  مع مقترح عمل مجموعة في الواتساب للتواصل المستمر مع مدراء المشاريع لمعرفة الإنجازات العقبات',NULL,NULL,NULL,'2025-11-05 12:56:34','2025-11-05 12:56:34'),
(109,NULL,3,4,'إبتهال بنت حارب بن سعيد الشكيلية',NULL,NULL,NULL,'2025-11-05 13:24:15','2025-11-05 13:24:15'),
(110,NULL,3,5,'دائرة التعليم والإرشاد النسوي',NULL,NULL,NULL,'2025-11-05 13:24:15','2025-11-05 13:24:15'),
(111,NULL,3,6,NULL,3,NULL,NULL,'2025-11-05 13:24:15','2025-11-05 13:24:15'),
(112,NULL,3,7,NULL,3,NULL,NULL,'2025-11-05 13:24:15','2025-11-05 13:24:15'),
(113,NULL,3,8,NULL,4,NULL,NULL,'2025-11-05 13:24:15','2025-11-05 13:24:15'),
(114,NULL,3,9,NULL,5,NULL,NULL,'2025-11-05 13:24:15','2025-11-05 13:24:15'),
(115,NULL,3,10,NULL,5,NULL,NULL,'2025-11-05 13:24:15','2025-11-05 13:24:15'),
(116,NULL,3,11,NULL,5,NULL,NULL,'2025-11-05 13:24:15','2025-11-05 13:24:15'),
(117,NULL,3,12,NULL,4,NULL,NULL,'2025-11-05 13:24:15','2025-11-05 13:24:15'),
(118,NULL,3,13,NULL,3,NULL,NULL,'2025-11-05 13:24:15','2025-11-05 13:24:15'),
(119,NULL,3,14,NULL,3,NULL,NULL,'2025-11-05 13:24:15','2025-11-05 13:24:15'),
(120,NULL,3,15,'الترتيب للورش قبل وقت كافي وإعلام أصحاب العلاقة \r\nتقليل عدد القطاعات المشاركة',NULL,NULL,NULL,'2025-11-05 13:24:15','2025-11-05 13:24:15'),
(121,NULL,3,4,'عدي بن سعيد بن سيف المعولي',NULL,NULL,NULL,'2025-11-06 21:36:21','2025-11-06 21:36:21'),
(122,NULL,3,5,'وزارة الأوقاف والشؤون الدينية - المديرية العامة للأوقاف والأموال وإعمار المساجد ومدارس القرآن الكريم - دائرة الأوقاف وبيت المال',NULL,NULL,NULL,'2025-11-06 21:36:21','2025-11-06 21:36:21'),
(123,NULL,3,6,NULL,5,NULL,NULL,'2025-11-06 21:36:21','2025-11-06 21:36:21'),
(124,NULL,3,7,NULL,5,NULL,NULL,'2025-11-06 21:36:21','2025-11-06 21:36:21'),
(125,NULL,3,8,NULL,5,NULL,NULL,'2025-11-06 21:36:21','2025-11-06 21:36:21'),
(126,NULL,3,9,NULL,5,NULL,NULL,'2025-11-06 21:36:21','2025-11-06 21:36:21'),
(127,NULL,3,10,NULL,5,NULL,NULL,'2025-11-06 21:36:21','2025-11-06 21:36:21'),
(128,NULL,3,11,NULL,5,NULL,NULL,'2025-11-06 21:36:21','2025-11-06 21:36:21'),
(129,NULL,3,12,NULL,5,NULL,NULL,'2025-11-06 21:36:21','2025-11-06 21:36:21'),
(130,NULL,3,13,NULL,5,NULL,NULL,'2025-11-06 21:36:21','2025-11-06 21:36:21'),
(131,NULL,3,14,NULL,5,NULL,NULL,'2025-11-06 21:36:21','2025-11-06 21:36:21'),
(132,NULL,3,15,'- تمديد مدة الورشة لكل قطاع يومين أقل تقدير لحاجة المشروع للمناقشة المستفيضة ووضح حلول ودراسة الوضع القائم والوضع المستقبلي',NULL,NULL,NULL,'2025-11-06 21:36:21','2025-11-06 21:36:21');
/*!40000 ALTER TABLE `answers` ENABLE KEYS */;
UNLOCK TABLES;
commit;

--
-- Table structure for table `assessment_questions`
--

DROP TABLE IF EXISTS `assessment_questions`;
/*!40101 SET @saved_cs_client     = @@character_set_client */;
/*!40101 SET character_set_client = utf8mb4 */;
CREATE TABLE `assessment_questions` (
  `id` bigint(20) unsigned NOT NULL AUTO_INCREMENT,
  `type` enum('range','text') NOT NULL,
  `max_point` tinyint(4) DEFAULT NULL,
  `content` varchar(255) DEFAULT NULL,
  `description` varchar(255) DEFAULT NULL,
  `ordered` tinyint(4) NOT NULL DEFAULT 1,
  `assessment_year` varchar(4) NOT NULL DEFAULT '2025',
  `created_at` timestamp NULL DEFAULT current_timestamp(),
  `updated_at` timestamp NULL DEFAULT current_timestamp() ON UPDATE current_timestamp(),
  PRIMARY KEY (`id`)
) ENGINE=InnoDB AUTO_INCREMENT=16 DEFAULT CHARSET=utf8mb4 COLLATE=utf8mb4_unicode_ci;
/*!40101 SET character_set_client = @saved_cs_client */;

--
-- Dumping data for table `assessment_questions`
--

LOCK TABLES `assessment_questions` WRITE;
/*!40000 ALTER TABLE `assessment_questions` DISABLE KEYS */;
set autocommit=0;
INSERT INTO `assessment_questions` VALUES
(1,'range',10,'دقة تنفيذ مراحل النشاط وفق الخطة المعتمدة','إتمام كل مرحلة بدقة ووفق ترتيب الخطة',1,'2025','2025-10-19 11:31:45','2025-10-19 11:31:45'),
(2,'range',10,'الالتزام بالجدول الزمني وتسليم المخرجات في الوقت المحدد','إنجاز المهام المحددة في كل مرحلة بدون تأخير',1,'2025','2025-10-19 11:31:45','2025-10-19 11:31:45'),
(3,'range',10,'الانضباط في تسليم التقارير والأدلة الداعمة وإرفاقها في النظام','تسليم تقارير كاملة وأدلة وفق الموعد المحدد',1,'2025','2025-10-19 11:31:45','2025-10-19 11:31:45'),
(4,'range',10,'جودة المحتوى والصياغة في التقارير والوثائق المرسلة','دقة البيانات وصياغة صحيحة وواضحة شاملة كافة البيانات',1,'2025','2025-10-19 11:31:45','2025-10-19 11:31:45'),
(5,'range',15,'مدى تحقيق النشاط لأهدافه الرئيسية ومؤشراته','تحقيق الأثر المرجو من الأهداف الرئيسية من خلال المخرجات',1,'2025','2025-10-19 11:31:45','2025-10-19 11:31:45'),
(6,'range',10,'جودة المخرجات ومدى رضا المستفيدين عنها','دقة التنفيذ وجودة الخدمات',1,'2025','2025-10-19 11:31:45','2025-10-19 11:31:45'),
(7,'range',10,'مدى قدرة النشاط على الاستمرار والاستدامة بعد التنفيذ','وجود خطة استدامة وإمكانية استمرار المشروع',1,'2025','2025-10-19 11:31:45','2025-10-19 11:31:45'),
(8,'range',5,'إيجاد شراكات وداعمين خارجيين لدعم النشاط','إيجاد شراكات وداعمين',1,'2025','2025-10-19 11:31:45','2025-10-19 11:31:45'),
(9,'range',10,'التغطية الإعلامية وظهور النشاط في وسائل الإعلام','ظهور المشروع في وسائل الإعلام ومواقع وقنوات التواصل',1,'2025','2025-10-19 11:31:45','2025-10-19 11:31:45'),
(10,'range',10,'مدى التزام مدير المشروع مع فريق التخطيط','مدى استجابة مدير المشروع مع الفريق وتغذيته بالمستجدات',1,'2025','2025-10-19 11:31:45','2025-10-19 11:31:45'),
(11,'text',NULL,'ملاحظات المقيم:','ملاحظات المقيم:',1,'2025','2025-10-19 11:31:45','2025-10-19 11:31:45'),
(12,'text',NULL,'ملاحظات فريق التخطيط:','ملاحظات فريق التخطيط:',1,'2025','2025-10-19 11:31:45','2025-10-19 11:31:45'),
(13,'text',NULL,'أبرز نقاط القوة:','أبرز نقاط القوة:',1,'2025','2025-10-19 11:31:45','2025-10-19 11:31:45'),
(14,'text',NULL,'مجالات التحسين:','مجالات التحسين:',1,'2025','2025-10-19 11:31:45','2025-10-19 11:31:45'),
(15,'text',NULL,'خطة التطوير المقترحة:','خطة التطوير المقترحة:',1,'2025','2025-10-19 11:31:45','2025-10-19 11:31:45');
/*!40000 ALTER TABLE `assessment_questions` ENABLE KEYS */;
UNLOCK TABLES;
commit;

--
-- Table structure for table `assessment_results`
--

DROP TABLE IF EXISTS `assessment_results`;
/*!40101 SET @saved_cs_client     = @@character_set_client */;
/*!40101 SET character_set_client = utf8mb4 */;
CREATE TABLE `assessment_results` (
  `id` bigint(20) unsigned NOT NULL AUTO_INCREMENT,
  `activity_id` bigint(20) unsigned NOT NULL,
  `assessment_question_id` bigint(20) unsigned NOT NULL,
  `range_answer` tinyint(4) DEFAULT NULL,
  `text_answer` text DEFAULT NULL,
  `note` text DEFAULT NULL,
  `user_id` bigint(20) unsigned NOT NULL,
  `position_id` bigint(20) DEFAULT NULL,
  `assessment_year` varchar(4) NOT NULL DEFAULT '2025',
  `created_at` timestamp NULL DEFAULT NULL,
  `updated_at` timestamp NULL DEFAULT NULL,
  PRIMARY KEY (`id`),
  KEY `assessment_results_activity_id_foreign` (`activity_id`),
  KEY `assessment_results_assessment_question_id_foreign` (`assessment_question_id`),
  KEY `assessment_results_user_id_foreign` (`user_id`),
  CONSTRAINT `assessment_results_activity_id_foreign` FOREIGN KEY (`activity_id`) REFERENCES `activities` (`id`) ON DELETE CASCADE,
  CONSTRAINT `assessment_results_assessment_question_id_foreign` FOREIGN KEY (`assessment_question_id`) REFERENCES `assessment_questions` (`id`) ON DELETE CASCADE,
  CONSTRAINT `assessment_results_user_id_foreign` FOREIGN KEY (`user_id`) REFERENCES `users` (`id`) ON DELETE CASCADE
) ENGINE=InnoDB AUTO_INCREMENT=125 DEFAULT CHARSET=utf8mb4 COLLATE=utf8mb4_unicode_ci;
/*!40101 SET character_set_client = @saved_cs_client */;

--
-- Dumping data for table `assessment_results`
--

LOCK TABLES `assessment_results` WRITE;
/*!40000 ALTER TABLE `assessment_results` DISABLE KEYS */;
set autocommit=0;
INSERT INTO `assessment_results` VALUES
(1,1,1,10,NULL,NULL,1,NULL,'2025','2025-10-11 16:31:06','2025-10-11 16:31:06'),
(2,1,2,9,NULL,NULL,1,NULL,'2025','2025-10-11 16:31:06','2025-10-11 16:31:06'),
(3,1,3,10,NULL,NULL,1,NULL,'2025','2025-10-11 16:31:06','2025-10-11 16:31:06'),
(4,1,4,8,NULL,NULL,1,NULL,'2025','2025-10-11 16:31:06','2025-10-11 16:31:06'),
(5,1,5,13,NULL,NULL,1,NULL,'2025','2025-10-11 16:31:06','2025-10-11 16:31:06'),
(6,1,6,7,NULL,NULL,1,NULL,'2025','2025-10-11 16:31:06','2025-10-11 16:31:06'),
(7,1,7,9,NULL,NULL,1,NULL,'2025','2025-10-11 16:31:06','2025-10-11 16:31:06'),
(8,1,8,2,NULL,NULL,1,NULL,'2025','2025-10-11 16:31:06','2025-10-11 16:31:06'),
(9,1,9,7,NULL,NULL,1,NULL,'2025','2025-10-11 16:31:06','2025-10-11 16:31:06'),
(10,1,10,10,NULL,NULL,1,NULL,'2025','2025-10-11 16:31:06','2025-10-11 16:31:06'),
(11,1,11,NULL,'يُعد النشاط فاعلاً وذو دور بارز، وذلك من خلال إتمام مراحله بدقة وفقاً للخطة والجدول الزمني المعتمد، مع تسليم كامل للتقارير والأدلة، وتحقيقه للأهداف الرئيسية ومؤشرات الأداء بكفاءة ، إلى جانب استجابة الإدارة وخطة الاستدامة التي تضمن استمراريته',NULL,1,NULL,'2025','2025-10-11 16:31:06','2025-10-11 16:31:06'),
(12,1,13,NULL,'1-	البرنامج له صدى واسع بين المجتمع \r\n2-	اتمام خطوات المشروع مع الادلة الداعمة حسب الجدول الزمني\r\n3-	إتمام مراحل النشاط بدقة وفق الخطة:\r\n4-	التسليم الكامل للتقارير والأدلة\r\n5-	تحقيق الأهداف الرئيسية للنشاط ومؤشراته بدرجة عالية .\r\n6-	استجابة مدير المشروع مع الفريق وتغذيته بالمستجدات.\r\n7-	وجود خطة استدامة تسمح باستمرار النشاط',NULL,1,NULL,'2025','2025-10-11 16:31:06','2025-10-11 16:31:06'),
(13,1,14,NULL,'1-	التواصل الفعال مع فريق التخطيط\r\n2-	تطوير التقارير وفق قالب محدد\r\n3-	تزويد فريق التخطيط بتقاارير رع سنويه بالانجاز واثر البرنامج ومقارنته بنفس الربع من السنة الماضيه\r\n4-	زيادة الانتشار الاعلامي للبرنامج  \r\n5-	البحث عن شركاء وداعمين للبرنامج',NULL,1,NULL,'2025','2025-10-11 16:31:06','2025-10-11 16:31:06'),
(14,1,15,NULL,'1.	تعزيز الشراكات والدعم الخارجي:\r\no	وضع خطة استراتيجية لايجاد شراكات مع جهات خارجية وداعمين.\r\n2.	تحسين جودة المخرجات ورضا المستفيدين:\r\no	إجراء استبيانات دورية لقياس رضا المستفيدين.\r\n3.	رفع مستوى التقارير والوثائق الداعمة :\r\no	عقد ورش عمل لتحسين دقة البيانات وجودة الصياغة في التقارير.\r\no	استخدام قوالب موحدة ومتابعة دورية مع فريق التخطيط.\r\n4.	تعزيز التعاون الداخلي:\r\no	تحسين آليات التواصل بين مدير المشروع وفريق التخطيط.\r\no	عقد اجتماعات تنسيقية دورية لمناقشة المستجدات والتحديات.\r\n5.	زيادة الانتشار الاعلامي للبرنامج\r\no	وضع خطة إعلامية لترويج وتعريف المجتمع بالبرنامج تشمل:-\r\no	 النشر عبر منصات التواصل الاجتماعي بشكل منتظم.\r\no	إنتاج مقاطع فيديو قصيرة تلخص إنجازات البرنامج وأثر',NULL,1,NULL,'2025','2025-10-11 16:31:06','2025-10-11 16:31:06'),
(15,2,1,10,NULL,NULL,1,NULL,'2025','2025-10-14 05:17:58','2025-10-14 05:17:58'),
(16,2,2,10,NULL,NULL,1,NULL,'2025','2025-10-14 05:17:58','2025-10-14 05:17:58'),
(17,2,3,10,NULL,NULL,1,NULL,'2025','2025-10-14 05:17:58','2025-10-14 05:17:58'),
(18,2,4,9,NULL,NULL,1,NULL,'2025','2025-10-14 05:17:58','2025-10-14 05:17:58'),
(19,2,5,14,NULL,NULL,1,NULL,'2025','2025-10-14 05:17:58','2025-10-14 05:17:58'),
(20,2,6,9,NULL,NULL,1,NULL,'2025','2025-10-14 05:17:58','2025-10-14 05:17:58'),
(21,2,7,10,NULL,NULL,1,NULL,'2025','2025-10-14 05:17:58','2025-10-14 05:17:58'),
(22,2,8,2,NULL,NULL,1,NULL,'2025','2025-10-14 05:17:58','2025-10-14 05:17:58'),
(23,2,9,6,NULL,NULL,1,NULL,'2025','2025-10-14 05:17:58','2025-10-14 05:17:58'),
(24,2,10,8,NULL,NULL,1,NULL,'2025','2025-10-14 05:17:58','2025-10-14 05:17:58'),
(25,3,1,8,NULL,NULL,1,NULL,'2025','2025-10-14 05:20:18','2025-10-14 05:27:40'),
(26,3,2,9,NULL,NULL,1,NULL,'2025','2025-10-14 05:20:18','2025-10-14 05:27:40'),
(27,3,3,9,NULL,NULL,1,NULL,'2025','2025-10-14 05:20:18','2025-10-14 05:27:40'),
(28,3,4,9,NULL,NULL,1,NULL,'2025','2025-10-14 05:20:18','2025-10-14 05:27:40'),
(29,3,5,14,NULL,NULL,1,NULL,'2025','2025-10-14 05:20:18','2025-10-14 05:27:40'),
(30,3,6,9,NULL,NULL,1,NULL,'2025','2025-10-14 05:20:18','2025-10-14 05:27:40'),
(31,3,7,8,NULL,NULL,1,NULL,'2025','2025-10-14 05:20:18','2025-10-14 05:27:40'),
(32,3,8,2,NULL,NULL,1,NULL,'2025','2025-10-14 05:20:18','2025-10-14 05:27:40'),
(33,3,9,6,NULL,NULL,1,NULL,'2025','2025-10-14 05:20:18','2025-10-14 05:27:40'),
(34,3,10,10,NULL,NULL,1,NULL,'2025','2025-10-14 05:20:18','2025-10-14 05:27:40'),
(35,4,1,9,NULL,NULL,1,NULL,'2025','2025-10-14 05:23:40','2025-10-14 05:24:59'),
(36,4,2,9,NULL,NULL,1,NULL,'2025','2025-10-14 05:23:40','2025-10-14 05:24:59'),
(37,4,3,9,NULL,NULL,1,NULL,'2025','2025-10-14 05:23:40','2025-10-14 05:24:59'),
(38,4,4,9,NULL,NULL,1,NULL,'2025','2025-10-14 05:23:40','2025-10-14 05:24:59'),
(39,4,5,15,NULL,NULL,1,NULL,'2025','2025-10-14 05:23:40','2025-10-14 05:24:59'),
(40,4,6,9,NULL,NULL,1,NULL,'2025','2025-10-14 05:23:40','2025-10-14 05:24:59'),
(41,4,7,10,NULL,NULL,1,NULL,'2025','2025-10-14 05:23:40','2025-10-14 05:24:59'),
(42,4,8,2,NULL,NULL,1,NULL,'2025','2025-10-14 05:23:40','2025-10-14 05:24:59'),
(43,4,9,6,NULL,NULL,1,NULL,'2025','2025-10-14 05:23:40','2025-10-14 05:24:59'),
(44,4,10,10,NULL,NULL,1,NULL,'2025','2025-10-14 05:23:40','2025-10-14 05:24:59'),
(45,30,1,6,NULL,NULL,1,NULL,'2025','2025-10-14 05:32:07','2025-10-14 05:33:31'),
(46,30,2,3,NULL,NULL,1,NULL,'2025','2025-10-14 05:32:07','2025-10-14 05:33:31'),
(47,30,3,2,NULL,NULL,1,NULL,'2025','2025-10-14 05:32:07','2025-10-14 05:33:31'),
(48,30,4,3,NULL,NULL,1,NULL,'2025','2025-10-14 05:32:07','2025-10-14 05:33:31'),
(49,30,5,12,NULL,NULL,1,NULL,'2025','2025-10-14 05:32:07','2025-10-14 05:33:31'),
(50,30,6,6,NULL,NULL,1,NULL,'2025','2025-10-14 05:32:07','2025-10-14 05:33:31'),
(51,30,7,7,NULL,NULL,1,NULL,'2025','2025-10-14 05:32:07','2025-10-14 05:33:31'),
(52,30,8,1,NULL,NULL,1,NULL,'2025','2025-10-14 05:32:07','2025-10-14 05:33:31'),
(53,30,9,2,NULL,NULL,1,NULL,'2025','2025-10-14 05:32:07','2025-10-14 05:33:31'),
(54,30,10,6,NULL,NULL,1,NULL,'2025','2025-10-14 05:32:07','2025-10-14 05:33:31'),
(55,33,1,4,NULL,NULL,1,NULL,'2025','2025-10-14 07:41:14','2025-10-14 07:41:14'),
(56,33,2,4,NULL,NULL,1,NULL,'2025','2025-10-14 07:41:14','2025-10-14 07:41:14'),
(57,33,3,4,NULL,NULL,1,NULL,'2025','2025-10-14 07:41:14','2025-10-14 07:41:14'),
(58,33,4,4,NULL,NULL,1,NULL,'2025','2025-10-14 07:41:14','2025-10-14 07:41:14'),
(59,33,5,4,NULL,NULL,1,NULL,'2025','2025-10-14 07:41:14','2025-10-14 07:41:14'),
(60,33,6,4,NULL,NULL,1,NULL,'2025','2025-10-14 07:41:14','2025-10-14 07:41:14'),
(61,33,7,5,NULL,NULL,1,NULL,'2025','2025-10-14 07:41:14','2025-10-14 07:41:14'),
(62,33,8,1,NULL,NULL,1,NULL,'2025','2025-10-14 07:41:14','2025-10-14 07:41:14'),
(63,33,9,3,NULL,NULL,1,NULL,'2025','2025-10-14 07:41:14','2025-10-14 07:41:14'),
(64,33,10,2,NULL,NULL,1,NULL,'2025','2025-10-14 07:41:14','2025-10-14 07:41:14'),
(65,33,11,NULL,'واجه تنفيذ المشروع تحديات أهمها عدم  اصدار  قرار تشكيل الفريق مما صعب من تنفيذ الإجراءات الضرورية .\r\nتداخل المشروع مع مشروع التحول الرقمي .\r\nبطء استيفاء بعض البيانات للمشروع .',NULL,1,NULL,'2025','2025-10-14 07:41:14','2025-10-14 07:41:14'),
(66,33,12,NULL,'المشروع مهم جدا لرفع مؤشر رضا المستفيدين وتطوير الأنظمة الألكترونية  بالتالي ننصح بتكرار المشروع ومعالجة التحديات المذكورة . وتحديد فريق العمل المنفذ على أن تكون دائرة التخطيط والإحصاء مشرفة على تنفيذ المشروع .',NULL,1,NULL,'2025','2025-10-14 07:41:14','2025-10-14 07:41:14'),
(67,33,13,NULL,'خطة المشروع',NULL,1,NULL,'2025','2025-10-14 07:41:14','2025-10-14 07:41:14'),
(68,33,14,NULL,'تشكيل الفريق',NULL,1,NULL,'2025','2025-10-14 07:41:14','2025-10-14 07:41:14'),
(69,33,15,NULL,'نقترح تشكيل فريق مشترك بين الدوائر المختصة',NULL,1,NULL,'2025','2025-10-14 07:41:14','2025-10-14 07:41:14'),
(70,32,1,4,NULL,'الكثير من مراحل المشروع لم تنفذ',1,NULL,'2025','2025-10-14 08:01:43','2025-10-14 08:01:43'),
(71,32,2,3,NULL,'عدم إلتزم الجهة بتسليم المخرجات',1,NULL,'2025','2025-10-14 08:01:43','2025-10-14 08:01:43'),
(72,32,3,5,NULL,'صعوبة ارفاق الأدلة الداعمة في النظام',1,NULL,'2025','2025-10-14 08:01:43','2025-10-14 08:01:43'),
(73,32,4,4,NULL,NULL,1,NULL,'2025','2025-10-14 08:01:43','2025-10-14 08:01:43'),
(74,32,5,10,NULL,NULL,1,NULL,'2025','2025-10-14 08:01:43','2025-10-14 08:01:43'),
(75,32,6,8,NULL,NULL,1,NULL,'2025','2025-10-14 08:01:43','2025-10-14 08:01:43'),
(76,32,7,9,NULL,NULL,1,NULL,'2025','2025-10-14 08:01:43','2025-10-14 08:01:43'),
(77,32,8,3,NULL,NULL,1,NULL,'2025','2025-10-14 08:01:43','2025-10-14 08:01:43'),
(78,32,9,4,NULL,NULL,1,NULL,'2025','2025-10-14 08:01:43','2025-10-14 08:01:43'),
(79,32,10,7,NULL,'التواصل مع الفاضل / فيصل السلماني',1,NULL,'2025','2025-10-14 08:01:43','2025-10-14 08:01:43'),
(80,32,11,NULL,'المشروع يحتاج إلى تحديث فريق العمل واستقطاب الكفاءات وتدريب الفريق',NULL,1,NULL,'2025','2025-10-14 08:01:43','2025-10-14 08:01:43'),
(81,32,12,NULL,'يواجه المشروع تحدي في أدارة بعض الأنظمة وقياس جودة وسرعة التنفيذ .',NULL,1,NULL,'2025','2025-10-14 08:01:43','2025-10-14 08:01:43'),
(82,32,13,NULL,'الدعم المالي للمشروع',NULL,1,NULL,'2025','2025-10-14 08:01:43','2025-10-14 08:01:43'),
(83,32,14,NULL,'بناء الفريق \r\nاستقطاب الكفاءات \r\nتقييم الأنظمة وتحديد احتياجاتها للتطوير \r\nالمتابعة المستمرة لمراحل المشروع \r\nاعداد التقارير الدورية',NULL,1,NULL,'2025','2025-10-14 08:01:43','2025-10-14 08:01:43'),
(84,32,15,NULL,'تدريب الفريق \r\nالاستفادة من تجارب الآخرين',NULL,1,NULL,'2025','2025-10-14 08:01:43','2025-10-14 08:01:43'),
(85,22,1,9,NULL,NULL,1,NULL,'2025','2025-10-14 08:19:09','2025-10-14 08:19:09'),
(86,22,2,7,NULL,NULL,1,NULL,'2025','2025-10-14 08:19:09','2025-10-14 08:19:09'),
(87,22,3,8,NULL,NULL,1,NULL,'2025','2025-10-14 08:19:09','2025-10-14 08:19:09'),
(88,22,4,9,NULL,NULL,1,NULL,'2025','2025-10-14 08:19:09','2025-10-14 08:19:09'),
(89,22,5,12,NULL,NULL,1,NULL,'2025','2025-10-14 08:19:09','2025-10-14 08:19:09'),
(90,22,6,7,NULL,NULL,1,NULL,'2025','2025-10-14 08:19:09','2025-10-14 08:19:09'),
(91,22,7,8,NULL,NULL,1,NULL,'2025','2025-10-14 08:19:09','2025-10-14 08:19:09'),
(92,22,8,4,NULL,NULL,1,NULL,'2025','2025-10-14 08:19:09','2025-10-14 08:19:09'),
(93,22,9,5,NULL,NULL,1,NULL,'2025','2025-10-14 08:19:09','2025-10-14 08:19:09'),
(94,22,10,9,NULL,NULL,1,NULL,'2025','2025-10-14 08:19:09','2025-10-14 08:19:09'),
(95,22,11,NULL,'فريق متعاون ويحرص على تنفيذ اجراءات النشاط وفق الخطة المعتمدة',NULL,1,NULL,'2025','2025-10-14 08:19:09','2025-10-14 08:19:09'),
(96,22,12,NULL,'استمرار تنفيذ المشروع في العام القادم',NULL,1,NULL,'2025','2025-10-14 08:19:09','2025-10-14 08:19:09'),
(97,24,1,9,NULL,NULL,1,NULL,'2025','2025-10-14 08:40:12','2025-10-14 08:40:12'),
(98,24,2,9,NULL,NULL,1,NULL,'2025','2025-10-14 08:40:12','2025-10-14 08:40:12'),
(99,24,3,9,NULL,NULL,1,NULL,'2025','2025-10-14 08:40:12','2025-10-14 08:40:12'),
(100,24,4,8,NULL,NULL,1,NULL,'2025','2025-10-14 08:40:12','2025-10-14 08:40:12'),
(101,24,5,14,NULL,NULL,1,NULL,'2025','2025-10-14 08:40:12','2025-10-14 08:40:12'),
(102,24,6,9,NULL,NULL,1,NULL,'2025','2025-10-14 08:40:12','2025-10-14 08:40:12'),
(103,24,7,9,NULL,NULL,1,NULL,'2025','2025-10-14 08:40:12','2025-10-14 08:40:12'),
(104,24,8,4,NULL,NULL,1,NULL,'2025','2025-10-14 08:40:12','2025-10-14 08:40:12'),
(105,24,9,9,NULL,NULL,1,NULL,'2025','2025-10-14 08:40:12','2025-10-14 08:40:12'),
(106,24,10,10,NULL,NULL,1,NULL,'2025','2025-10-14 08:40:12','2025-10-14 08:40:12'),
(107,24,11,NULL,'مشروع ممتاز احدث اثر كبير في المؤشر المستهدف',NULL,1,NULL,'2025','2025-10-14 08:40:12','2025-10-14 08:40:12'),
(108,24,13,NULL,'فريق العمل\r\nفكرة المشروع',NULL,1,NULL,'2025','2025-10-14 08:40:12','2025-10-14 08:40:12'),
(109,24,14,NULL,'تطوير التغذية الراجعة للمشروع لمعرفة مواطن التطوير و التحسين',NULL,1,NULL,'2025','2025-10-14 08:40:12','2025-10-14 08:40:12'),
(110,24,15,NULL,'بناء شراكات اكثر مع المؤسسات الداعمة و المؤثرين افرادا و مؤسسات',NULL,1,NULL,'2025','2025-10-14 08:40:12','2025-10-14 08:40:12'),
(111,23,1,4,NULL,NULL,1,NULL,'2025','2025-10-14 08:48:54','2025-10-14 08:48:54'),
(112,23,2,2,NULL,NULL,1,NULL,'2025','2025-10-14 08:48:54','2025-10-14 08:48:54'),
(113,23,3,2,NULL,NULL,1,NULL,'2025','2025-10-14 08:48:54','2025-10-14 08:48:54'),
(114,23,4,2,NULL,NULL,1,NULL,'2025','2025-10-14 08:48:54','2025-10-14 08:48:54'),
(115,23,5,2,NULL,NULL,1,NULL,'2025','2025-10-14 08:48:54','2025-10-14 08:48:54'),
(116,23,6,2,NULL,NULL,1,NULL,'2025','2025-10-14 08:48:54','2025-10-14 08:48:54'),
(117,23,7,2,NULL,NULL,1,NULL,'2025','2025-10-14 08:48:54','2025-10-14 08:48:54'),
(118,23,8,2,NULL,NULL,1,NULL,'2025','2025-10-14 08:48:54','2025-10-14 08:48:54'),
(119,23,9,1,NULL,NULL,1,NULL,'2025','2025-10-14 08:48:54','2025-10-14 08:48:54'),
(120,23,10,1,NULL,NULL,1,NULL,'2025','2025-10-14 08:48:54','2025-10-14 08:48:54'),
(121,23,11,NULL,'لم يتم تنفيذ المشروع',NULL,1,NULL,'2025','2025-10-14 08:48:54','2025-10-14 08:48:54'),
(122,23,12,NULL,'المشروع يحتاج الى اعادة دراسة و تطوير',NULL,1,NULL,'2025','2025-10-14 08:48:54','2025-10-14 08:48:54'),
(123,23,14,NULL,'تغيير فريق العمل',NULL,1,NULL,'2025','2025-10-14 08:48:54','2025-10-14 08:48:54'),
(124,23,15,NULL,'عمل دراسة تطوير للبرنامج لتقيمه للتعرف على نقاط القوة و الضعف',NULL,1,NULL,'2025','2025-10-14 08:48:54','2025-10-14 08:48:54');
/*!40000 ALTER TABLE `assessment_results` ENABLE KEYS */;
UNLOCK TABLES;
commit;

--
-- Table structure for table `cache`
--

DROP TABLE IF EXISTS `cache`;
/*!40101 SET @saved_cs_client     = @@character_set_client */;
/*!40101 SET character_set_client = utf8mb4 */;
CREATE TABLE `cache` (
  `key` varchar(255) NOT NULL,
  `value` mediumtext NOT NULL,
  `expiration` int(11) NOT NULL,
  PRIMARY KEY (`key`)
) ENGINE=InnoDB DEFAULT CHARSET=utf8mb4 COLLATE=utf8mb4_unicode_ci;
/*!40101 SET character_set_client = @saved_cs_client */;

--
-- Dumping data for table `cache`
--

LOCK TABLES `cache` WRITE;
/*!40000 ALTER TABLE `cache` DISABLE KEYS */;
set autocommit=0;
INSERT INTO `cache` VALUES
('ttoyr_mns_ahkam_cache_calendar_events_1_2026','O:29:\"Illuminate\\Support\\Collection\":2:{s:8:\"\0*\0items\";a:1:{i:0;a:20:{s:2:\"id\";i:4;s:5:\"title\";s:70:\"اجتماع مراجعة واعتماد الخطط التفصيلية\";s:9:\"startDate\";s:19:\"2026-01-20 08:00:00\";s:7:\"endDate\";s:19:\"2026-01-20 09:00:00\";s:4:\"type\";s:7:\"meeting\";s:7:\"program\";N;s:8:\"bg_color\";s:7:\"#2563eb\";s:5:\"notes\";N;s:8:\"duration\";i:60;s:14:\"duration_human\";s:12:\"1 ساعات\";s:6:\"status\";s:8:\"upcoming\";s:12:\"status_color\";s:7:\"#4b5563\";s:7:\"creator\";s:23:\"إدارة النظام\";s:6:\"target\";s:23:\"إدارة النظام\";s:9:\"hijriDate\";s:27:\"١ شعبان ١٤٤٧ هـ\";s:9:\"startTime\";s:5:\"08:00\";s:7:\"endTime\";s:5:\"09:00\";s:9:\"is_public\";b:0;s:14:\"target_user_id\";i:1;s:8:\"can_edit\";b:1;}}s:28:\"\0*\0escapeWhenCastingToString\";b:0;}',1768841826);
/*!40000 ALTER TABLE `cache` ENABLE KEYS */;
UNLOCK TABLES;
commit;

--
-- Table structure for table `cache_locks`
--

DROP TABLE IF EXISTS `cache_locks`;
/*!40101 SET @saved_cs_client     = @@character_set_client */;
/*!40101 SET character_set_client = utf8mb4 */;
CREATE TABLE `cache_locks` (
  `key` varchar(255) NOT NULL,
  `owner` varchar(255) NOT NULL,
  `expiration` int(11) NOT NULL,
  PRIMARY KEY (`key`)
) ENGINE=InnoDB DEFAULT CHARSET=utf8mb4 COLLATE=utf8mb4_unicode_ci;
/*!40101 SET character_set_client = @saved_cs_client */;

--
-- Dumping data for table `cache_locks`
--

LOCK TABLES `cache_locks` WRITE;
/*!40000 ALTER TABLE `cache_locks` DISABLE KEYS */;
set autocommit=0;
/*!40000 ALTER TABLE `cache_locks` ENABLE KEYS */;
UNLOCK TABLES;
commit;

--
-- Table structure for table `calendar_audit_logs`
--

DROP TABLE IF EXISTS `calendar_audit_logs`;
/*!40101 SET @saved_cs_client     = @@character_set_client */;
/*!40101 SET character_set_client = utf8mb4 */;
CREATE TABLE `calendar_audit_logs` (
  `id` bigint(20) unsigned NOT NULL AUTO_INCREMENT,
  `calendar_event_id` bigint(20) unsigned NOT NULL,
  `user_id` bigint(20) unsigned NOT NULL,
  `action` enum('created','updated','deleted','moved') NOT NULL,
  `old_data` longtext CHARACTER SET utf8mb4 COLLATE utf8mb4_bin DEFAULT NULL CHECK (json_valid(`old_data`)),
  `new_data` longtext CHARACTER SET utf8mb4 COLLATE utf8mb4_bin DEFAULT NULL CHECK (json_valid(`new_data`)),
  `created_at` timestamp NOT NULL DEFAULT current_timestamp(),
  PRIMARY KEY (`id`),
  KEY `calendar_audit_logs_calendar_event_id_created_at_index` (`calendar_event_id`,`created_at`),
  KEY `calendar_audit_logs_user_id_created_at_index` (`user_id`,`created_at`),
  CONSTRAINT `calendar_audit_logs_calendar_event_id_foreign` FOREIGN KEY (`calendar_event_id`) REFERENCES `calendar_events` (`id`) ON DELETE CASCADE,
  CONSTRAINT `calendar_audit_logs_user_id_foreign` FOREIGN KEY (`user_id`) REFERENCES `users` (`id`) ON DELETE CASCADE
) ENGINE=InnoDB AUTO_INCREMENT=16 DEFAULT CHARSET=utf8mb4 COLLATE=utf8mb4_unicode_ci;
/*!40101 SET character_set_client = @saved_cs_client */;

--
-- Dumping data for table `calendar_audit_logs`
--

LOCK TABLES `calendar_audit_logs` WRITE;
/*!40000 ALTER TABLE `calendar_audit_logs` DISABLE KEYS */;
set autocommit=0;
INSERT INTO `calendar_audit_logs` VALUES
(1,1,1,'created',NULL,'\"{\\\"title\\\":\\\"\\\\u0627\\\\u062c\\\\u062a\\\\u0645\\\\u0627\\\\u0639\\\",\\\"type\\\":\\\"meeting\\\",\\\"program\\\":null,\\\"start_date\\\":\\\"2026-01-12T07:00:00.000000Z\\\",\\\"end_date\\\":\\\"2026-01-12T08:00:00.000000Z\\\",\\\"bg_color\\\":\\\"#0891b2\\\",\\\"notes\\\":null,\\\"is_public\\\":true,\\\"target_user_id\\\":\\\"7\\\",\\\"user_id\\\":1,\\\"year\\\":2026,\\\"hijri_date\\\":\\\"\\\\u0662\\\\u0663 \\\\u0631\\\\u062c\\\\u0628 \\\\u0661\\\\u0664\\\\u0664\\\\u0667 \\\\u0647\\\\u0640\\\",\\\"updated_at\\\":\\\"2026-01-12T06:30:34.000000Z\\\",\\\"created_at\\\":\\\"2026-01-12T06:30:34.000000Z\\\",\\\"id\\\":1}\"','2026-01-12 10:30:34'),
(2,1,1,'created','[]','{\"title\":\"\\u0627\\u062c\\u062a\\u0645\\u0627\\u0639\",\"type\":\"meeting\",\"program\":null,\"start_date\":\"2026-01-12 11:00:00\",\"end_date\":\"2026-01-12 12:00:00\",\"bg_color\":\"#0891b2\",\"notes\":null,\"is_public\":true,\"target_user_id\":\"7\",\"user_id\":1,\"year\":2026,\"hijri_date\":\"\\u0662\\u0663 \\u0631\\u062c\\u0628 \\u0661\\u0664\\u0664\\u0667 \\u0647\\u0640\",\"updated_at\":\"2026-01-12 10:30:34\",\"created_at\":\"2026-01-12 10:30:34\",\"id\":1}','2026-01-12 06:30:34'),
(3,2,1,'created',NULL,'\"{\\\"title\\\":\\\"\\\\u0627\\\\u062d\\\\u0635\\\\u0627\\\\u0626\\\\u064a\\\\u0627\\\\u062a\\\",\\\"type\\\":\\\"program\\\",\\\"program\\\":\\\"\\\\u0627\\\\u064a\\\\u0631\\\\u0627\\\\u062f\\\\u0627\\\\u062a \\\\u0627\\\\u0644\\\\u0632\\\\u0643\\\\u0627\\\\u0629\\\",\\\"start_date\\\":\\\"2026-01-13T05:00:00.000000Z\\\",\\\"end_date\\\":\\\"2026-01-13T06:00:00.000000Z\\\",\\\"bg_color\\\":\\\"#16a34a\\\",\\\"notes\\\":null,\\\"is_public\\\":true,\\\"target_user_id\\\":\\\"7\\\",\\\"user_id\\\":1,\\\"year\\\":2026,\\\"hijri_date\\\":\\\"\\\\u0662\\\\u0664 \\\\u0631\\\\u062c\\\\u0628 \\\\u0661\\\\u0664\\\\u0664\\\\u0667 \\\\u0647\\\\u0640\\\",\\\"updated_at\\\":\\\"2026-01-12T06:56:47.000000Z\\\",\\\"created_at\\\":\\\"2026-01-12T06:56:47.000000Z\\\",\\\"id\\\":2}\"','2026-01-12 10:56:47'),
(4,2,1,'created','[]','{\"title\":\"\\u0627\\u062d\\u0635\\u0627\\u0626\\u064a\\u0627\\u062a\",\"type\":\"program\",\"program\":\"\\u0627\\u064a\\u0631\\u0627\\u062f\\u0627\\u062a \\u0627\\u0644\\u0632\\u0643\\u0627\\u0629\",\"start_date\":\"2026-01-13 09:00:00\",\"end_date\":\"2026-01-13 10:00:00\",\"bg_color\":\"#16a34a\",\"notes\":null,\"is_public\":true,\"target_user_id\":\"7\",\"user_id\":1,\"year\":2026,\"hijri_date\":\"\\u0662\\u0664 \\u0631\\u062c\\u0628 \\u0661\\u0664\\u0664\\u0667 \\u0647\\u0640\",\"updated_at\":\"2026-01-12 10:56:47\",\"created_at\":\"2026-01-12 10:56:47\",\"id\":2}','2026-01-12 06:56:47'),
(5,3,1,'created',NULL,'\"{\\\"title\\\":\\\"\\\\u0645\\\\u0624\\\\u062a\\\\u0645\\\\u0631 \\\\u0627\\\\u0644\\\\u0632\\\\u0643\\\\u0627\\\\u0629\\\",\\\"type\\\":\\\"conference\\\",\\\"program\\\":null,\\\"start_date\\\":\\\"2026-01-12T08:00:00.000000Z\\\",\\\"end_date\\\":\\\"2026-01-13T09:00:00.000000Z\\\",\\\"bg_color\\\":\\\"#db2777\\\",\\\"notes\\\":null,\\\"is_public\\\":true,\\\"target_user_id\\\":\\\"7\\\",\\\"user_id\\\":1,\\\"year\\\":2026,\\\"hijri_date\\\":\\\"\\\\u0662\\\\u0663 \\\\u0631\\\\u062c\\\\u0628 \\\\u0661\\\\u0664\\\\u0664\\\\u0667 \\\\u0647\\\\u0640\\\",\\\"updated_at\\\":\\\"2026-01-12T07:02:38.000000Z\\\",\\\"created_at\\\":\\\"2026-01-12T07:02:38.000000Z\\\",\\\"id\\\":3}\"','2026-01-12 11:02:38'),
(6,3,1,'created','[]','{\"title\":\"\\u0645\\u0624\\u062a\\u0645\\u0631 \\u0627\\u0644\\u0632\\u0643\\u0627\\u0629\",\"type\":\"conference\",\"program\":null,\"start_date\":\"2026-01-12 12:00:00\",\"end_date\":\"2026-01-13 13:00:00\",\"bg_color\":\"#db2777\",\"notes\":null,\"is_public\":true,\"target_user_id\":\"7\",\"user_id\":1,\"year\":2026,\"hijri_date\":\"\\u0662\\u0663 \\u0631\\u062c\\u0628 \\u0661\\u0664\\u0664\\u0667 \\u0647\\u0640\",\"updated_at\":\"2026-01-12 11:02:38\",\"created_at\":\"2026-01-12 11:02:38\",\"id\":3}','2026-01-12 07:02:38'),
(7,4,1,'created',NULL,'\"{\\\"title\\\":\\\"\\\\u0627\\\\u062c\\\\u062a\\\\u0645\\\\u0627\\\\u0639 \\\\u0645\\\\u0631\\\\u0627\\\\u062c\\\\u0639\\\\u062a \\\\u0648\\\\u0627\\\\u0639\\\\u062a\\\\u0645\\\\u0627\\\\u062f \\\\u0627\\\\u0644\\\\u062e\\\\u0637\\\\u0637 \\\\u0627\\\\u0644\\\\u062a\\\\u0641\\\\u0635\\\\u064a\\\\u0644\\\\u064a\\\\u0629\\\",\\\"type\\\":\\\"meeting\\\",\\\"program\\\":null,\\\"start_date\\\":\\\"2026-01-20T04:00:00.000000Z\\\",\\\"end_date\\\":\\\"2026-01-20T05:00:00.000000Z\\\",\\\"bg_color\\\":\\\"#2563eb\\\",\\\"notes\\\":\\\"\\\\u0636\\\\u0631\\\\u0648\\\\u0631\\\\u0629 \\\\u062d\\\\u0636\\\\u0648\\\\u0631 \\\\u0645\\\\u062f\\\\u0631\\\\u0627\\\\u0621 \\\\u0627\\\\u0644\\\\u0645\\\\u0634\\\\u0627\\\\u0631\\\\u064a\\\\u0639\\\\r\\\\n\\\\u0627\\\\u0644\\\\u0627\\\\u062c\\\\u062a\\\\u0645\\\\u0627\\\\u0639 \\\\u0641\\\\u064a \\\\u0645\\\\u0643\\\\u062a\\\\u0628 \\\\u0631\\\\u0642\\\\u0645 111\\\",\\\"is_public\\\":true,\\\"target_user_id\\\":\\\"3\\\",\\\"user_id\\\":1,\\\"year\\\":2026,\\\"hijri_date\\\":\\\"\\\\u0661 \\\\u0634\\\\u0639\\\\u0628\\\\u0627\\\\u0646 \\\\u0661\\\\u0664\\\\u0664\\\\u0667 \\\\u0647\\\\u0640\\\",\\\"updated_at\\\":\\\"2026-01-13T16:37:36.000000Z\\\",\\\"created_at\\\":\\\"2026-01-13T16:37:36.000000Z\\\",\\\"id\\\":4}\"','2026-01-13 20:37:36'),
(8,4,1,'created','[]','{\"title\":\"\\u0627\\u062c\\u062a\\u0645\\u0627\\u0639 \\u0645\\u0631\\u0627\\u062c\\u0639\\u062a \\u0648\\u0627\\u0639\\u062a\\u0645\\u0627\\u062f \\u0627\\u0644\\u062e\\u0637\\u0637 \\u0627\\u0644\\u062a\\u0641\\u0635\\u064a\\u0644\\u064a\\u0629\",\"type\":\"meeting\",\"program\":null,\"start_date\":\"2026-01-20 08:00:00\",\"end_date\":\"2026-01-20 09:00:00\",\"bg_color\":\"#2563eb\",\"notes\":\"\\u0636\\u0631\\u0648\\u0631\\u0629 \\u062d\\u0636\\u0648\\u0631 \\u0645\\u062f\\u0631\\u0627\\u0621 \\u0627\\u0644\\u0645\\u0634\\u0627\\u0631\\u064a\\u0639\\r\\n\\u0627\\u0644\\u0627\\u062c\\u062a\\u0645\\u0627\\u0639 \\u0641\\u064a \\u0645\\u0643\\u062a\\u0628 \\u0631\\u0642\\u0645 111\",\"is_public\":true,\"target_user_id\":\"3\",\"user_id\":1,\"year\":2026,\"hijri_date\":\"\\u0661 \\u0634\\u0639\\u0628\\u0627\\u0646 \\u0661\\u0664\\u0664\\u0667 \\u0647\\u0640\",\"updated_at\":\"2026-01-13 20:37:36\",\"created_at\":\"2026-01-13 20:37:36\",\"id\":4}','2026-01-13 16:37:36'),
(9,4,1,'updated','\"{\\\"target_user_id\\\":3,\\\"notes\\\":\\\"\\\\u0636\\\\u0631\\\\u0648\\\\u0631\\\\u0629 \\\\u062d\\\\u0636\\\\u0648\\\\u0631 \\\\u0645\\\\u062f\\\\u0631\\\\u0627\\\\u0621 \\\\u0627\\\\u0644\\\\u0645\\\\u0634\\\\u0627\\\\u0631\\\\u064a\\\\u0639\\\\r\\\\n\\\\u0627\\\\u0644\\\\u0627\\\\u062c\\\\u062a\\\\u0645\\\\u0627\\\\u0639 \\\\u0641\\\\u064a \\\\u0645\\\\u0643\\\\u062a\\\\u0628 \\\\u0631\\\\u0642\\\\u0645 111\\\",\\\"is_public\\\":true,\\\"updated_at\\\":\\\"2026-01-13T16:37:36.000000Z\\\"}\"','\"{\\\"target_user_id\\\":1,\\\"notes\\\":null,\\\"is_public\\\":false,\\\"updated_at\\\":\\\"2026-01-13 20:37:55\\\"}\"','2026-01-13 20:37:55'),
(10,4,1,'updated','{\"id\":4,\"user_id\":1,\"target_user_id\":3,\"title\":\"\\u0627\\u062c\\u062a\\u0645\\u0627\\u0639 \\u0645\\u0631\\u0627\\u062c\\u0639\\u062a \\u0648\\u0627\\u0639\\u062a\\u0645\\u0627\\u062f \\u0627\\u0644\\u062e\\u0637\\u0637 \\u0627\\u0644\\u062a\\u0641\\u0635\\u064a\\u0644\\u064a\\u0629\",\"start_date\":\"2026-01-20T04:00:00.000000Z\",\"end_date\":\"2026-01-20T05:00:00.000000Z\",\"hijri_date\":\"\\u0661 \\u0634\\u0639\\u0628\\u0627\\u0646 \\u0661\\u0664\\u0664\\u0667 \\u0647\\u0640\",\"type\":\"meeting\",\"bg_color\":\"#2563eb\",\"program\":null,\"notes\":\"\\u0636\\u0631\\u0648\\u0631\\u0629 \\u062d\\u0636\\u0648\\u0631 \\u0645\\u062f\\u0631\\u0627\\u0621 \\u0627\\u0644\\u0645\\u0634\\u0627\\u0631\\u064a\\u0639\\r\\n\\u0627\\u0644\\u0627\\u062c\\u062a\\u0645\\u0627\\u0639 \\u0641\\u064a \\u0645\\u0643\\u062a\\u0628 \\u0631\\u0642\\u0645 111\",\"year\":\"2026\",\"is_public\":true,\"created_at\":\"2026-01-13T16:37:36.000000Z\",\"updated_at\":\"2026-01-13T16:37:36.000000Z\"}','{\"id\":4,\"user_id\":1,\"target_user_id\":1,\"title\":\"\\u0627\\u062c\\u062a\\u0645\\u0627\\u0639 \\u0645\\u0631\\u0627\\u062c\\u0639\\u062a \\u0648\\u0627\\u0639\\u062a\\u0645\\u0627\\u062f \\u0627\\u0644\\u062e\\u0637\\u0637 \\u0627\\u0644\\u062a\\u0641\\u0635\\u064a\\u0644\\u064a\\u0629\",\"start_date\":\"2026-01-20 08:00:00\",\"end_date\":\"2026-01-20 09:00:00\",\"hijri_date\":\"\\u0661 \\u0634\\u0639\\u0628\\u0627\\u0646 \\u0661\\u0664\\u0664\\u0667 \\u0647\\u0640\",\"type\":\"meeting\",\"bg_color\":\"#2563eb\",\"program\":null,\"notes\":null,\"year\":2026,\"is_public\":false,\"created_at\":\"2026-01-13 20:37:36\",\"updated_at\":\"2026-01-13 20:37:55\"}','2026-01-13 16:37:55'),
(11,4,1,'updated','{\"id\":4,\"user_id\":1,\"target_user_id\":1,\"title\":\"\\u0627\\u062c\\u062a\\u0645\\u0627\\u0639 \\u0645\\u0631\\u0627\\u062c\\u0639\\u062a \\u0648\\u0627\\u0639\\u062a\\u0645\\u0627\\u062f \\u0627\\u0644\\u062e\\u0637\\u0637 \\u0627\\u0644\\u062a\\u0641\\u0635\\u064a\\u0644\\u064a\\u0629\",\"start_date\":\"2026-01-20T04:00:00.000000Z\",\"end_date\":\"2026-01-20T05:00:00.000000Z\",\"hijri_date\":\"\\u0661 \\u0634\\u0639\\u0628\\u0627\\u0646 \\u0661\\u0664\\u0664\\u0667 \\u0647\\u0640\",\"type\":\"meeting\",\"bg_color\":\"#2563eb\",\"program\":null,\"notes\":null,\"year\":\"2026\",\"is_public\":false,\"created_at\":\"2026-01-13T16:37:36.000000Z\",\"updated_at\":\"2026-01-13T16:37:55.000000Z\"}','{\"id\":4,\"user_id\":1,\"target_user_id\":1,\"title\":\"\\u0627\\u062c\\u062a\\u0645\\u0627\\u0639 \\u0645\\u0631\\u0627\\u062c\\u0639\\u062a \\u0648\\u0627\\u0639\\u062a\\u0645\\u0627\\u062f \\u0627\\u0644\\u062e\\u0637\\u0637 \\u0627\\u0644\\u062a\\u0641\\u0635\\u064a\\u0644\\u064a\\u0629\",\"start_date\":\"2026-01-20 08:00:00\",\"end_date\":\"2026-01-20 09:00:00\",\"hijri_date\":\"\\u0661 \\u0634\\u0639\\u0628\\u0627\\u0646 \\u0661\\u0664\\u0664\\u0667 \\u0647\\u0640\",\"type\":\"meeting\",\"bg_color\":\"#2563eb\",\"program\":null,\"notes\":null,\"year\":2026,\"is_public\":false,\"created_at\":\"2026-01-13 20:37:36\",\"updated_at\":\"2026-01-13 20:37:55\"}','2026-01-13 16:38:34'),
(12,5,1,'created',NULL,'\"{\\\"title\\\":\\\"\\\\u0627\\\\u062c\\\\u062a\\\\u0645\\\\u0627\\\\u0639 \\\\u0645\\\\u0631\\\\u0627\\\\u062c\\\\u0639\\\\u0629 \\\\u062e\\\\u0635\\\\u0627\\\\u0626\\\\u0635 \\\\u0646\\\\u0638\\\\u0627\\\\u0645 \\\\u0625\\\\u062d\\\\u0643\\\\u0627\\\\u0645\\\",\\\"type\\\":\\\"meeting\\\",\\\"program\\\":null,\\\"start_date\\\":\\\"2026-01-27T04:00:00.000000Z\\\",\\\"end_date\\\":\\\"2026-01-27T05:00:00.000000Z\\\",\\\"bg_color\\\":\\\"#b91c1c\\\",\\\"notes\\\":\\\"\\\\u0645\\\\u0631\\\\u0627\\\\u062c\\\\u0639\\\\u0629 \\\\u0627\\\\u0644\\\\u062e\\\\u0635\\\\u0627\\\\u0626\\\\u0635 \\\\u0627\\\\u0644\\\\u062c\\\\u062f\\\\u064a\\\\u062f\\\\u0629 \\\\r\\\\n\\\\u0625\\\\u0636\\\\u0627\\\\u0641\\\\u0629 \\\\u0635\\\\u0644\\\\u0627\\\\u062d\\\\u064a\\\\u0627\\\\u062a \\\\u0644\\\\u0644\\\\u0645\\\\u0648\\\\u0638\\\\u0641\\\\u064a\\\\u0646\\\\r\\\\n\\\\u0627\\\\u0644\\\\u0627\\\\u062c\\\\u062a\\\\u0645\\\\u0627\\\\u0639\\\\u0649\\\\u0641\\\\u064a \\\\u0645\\\\u0643\\\\u062a\\\\u0628 \\\\u0631\\\\u0642\\\\u0645\\\\u0629111\\\",\\\"is_public\\\":true,\\\"target_user_id\\\":\\\"3\\\",\\\"user_id\\\":1,\\\"year\\\":2026,\\\"hijri_date\\\":\\\"\\\\u0668 \\\\u0634\\\\u0639\\\\u0628\\\\u0627\\\\u0646 \\\\u0661\\\\u0664\\\\u0664\\\\u0667 \\\\u0647\\\\u0640\\\",\\\"updated_at\\\":\\\"2026-01-13T16:42:04.000000Z\\\",\\\"created_at\\\":\\\"2026-01-13T16:42:04.000000Z\\\",\\\"id\\\":5}\"','2026-01-13 20:42:04'),
(13,5,1,'created','[]','{\"title\":\"\\u0627\\u062c\\u062a\\u0645\\u0627\\u0639 \\u0645\\u0631\\u0627\\u062c\\u0639\\u0629 \\u062e\\u0635\\u0627\\u0626\\u0635 \\u0646\\u0638\\u0627\\u0645 \\u0625\\u062d\\u0643\\u0627\\u0645\",\"type\":\"meeting\",\"program\":null,\"start_date\":\"2026-01-27 08:00:00\",\"end_date\":\"2026-01-27 09:00:00\",\"bg_color\":\"#b91c1c\",\"notes\":\"\\u0645\\u0631\\u0627\\u062c\\u0639\\u0629 \\u0627\\u0644\\u062e\\u0635\\u0627\\u0626\\u0635 \\u0627\\u0644\\u062c\\u062f\\u064a\\u062f\\u0629 \\r\\n\\u0625\\u0636\\u0627\\u0641\\u0629 \\u0635\\u0644\\u0627\\u062d\\u064a\\u0627\\u062a \\u0644\\u0644\\u0645\\u0648\\u0638\\u0641\\u064a\\u0646\\r\\n\\u0627\\u0644\\u0627\\u062c\\u062a\\u0645\\u0627\\u0639\\u0649\\u0641\\u064a \\u0645\\u0643\\u062a\\u0628 \\u0631\\u0642\\u0645\\u0629111\",\"is_public\":true,\"target_user_id\":\"3\",\"user_id\":1,\"year\":2026,\"hijri_date\":\"\\u0668 \\u0634\\u0639\\u0628\\u0627\\u0646 \\u0661\\u0664\\u0664\\u0667 \\u0647\\u0640\",\"updated_at\":\"2026-01-13 20:42:04\",\"created_at\":\"2026-01-13 20:42:04\",\"id\":5}','2026-01-13 16:42:04'),
(14,4,1,'updated','\"{\\\"title\\\":\\\"\\\\u0627\\\\u062c\\\\u062a\\\\u0645\\\\u0627\\\\u0639 \\\\u0645\\\\u0631\\\\u0627\\\\u062c\\\\u0639\\\\u062a \\\\u0648\\\\u0627\\\\u0639\\\\u062a\\\\u0645\\\\u0627\\\\u062f \\\\u0627\\\\u0644\\\\u062e\\\\u0637\\\\u0637 \\\\u0627\\\\u0644\\\\u062a\\\\u0641\\\\u0635\\\\u064a\\\\u0644\\\\u064a\\\\u0629\\\",\\\"updated_at\\\":\\\"2026-01-13T16:37:55.000000Z\\\"}\"','\"{\\\"title\\\":\\\"\\\\u0627\\\\u062c\\\\u062a\\\\u0645\\\\u0627\\\\u0639 \\\\u0645\\\\u0631\\\\u0627\\\\u062c\\\\u0639\\\\u0629 \\\\u0648\\\\u0627\\\\u0639\\\\u062a\\\\u0645\\\\u0627\\\\u062f \\\\u0627\\\\u0644\\\\u062e\\\\u0637\\\\u0637 \\\\u0627\\\\u0644\\\\u062a\\\\u0641\\\\u0635\\\\u064a\\\\u0644\\\\u064a\\\\u0629\\\",\\\"updated_at\\\":\\\"2026-01-13 20:44:36\\\"}\"','2026-01-13 20:44:36'),
(15,4,1,'updated','{\"id\":4,\"user_id\":1,\"target_user_id\":1,\"title\":\"\\u0627\\u062c\\u062a\\u0645\\u0627\\u0639 \\u0645\\u0631\\u0627\\u062c\\u0639\\u062a \\u0648\\u0627\\u0639\\u062a\\u0645\\u0627\\u062f \\u0627\\u0644\\u062e\\u0637\\u0637 \\u0627\\u0644\\u062a\\u0641\\u0635\\u064a\\u0644\\u064a\\u0629\",\"start_date\":\"2026-01-20T04:00:00.000000Z\",\"end_date\":\"2026-01-20T05:00:00.000000Z\",\"hijri_date\":\"\\u0661 \\u0634\\u0639\\u0628\\u0627\\u0646 \\u0661\\u0664\\u0664\\u0667 \\u0647\\u0640\",\"type\":\"meeting\",\"bg_color\":\"#2563eb\",\"program\":null,\"notes\":null,\"year\":\"2026\",\"is_public\":false,\"created_at\":\"2026-01-13T16:37:36.000000Z\",\"updated_at\":\"2026-01-13T16:37:55.000000Z\"}','{\"id\":4,\"user_id\":1,\"target_user_id\":1,\"title\":\"\\u0627\\u062c\\u062a\\u0645\\u0627\\u0639 \\u0645\\u0631\\u0627\\u062c\\u0639\\u0629 \\u0648\\u0627\\u0639\\u062a\\u0645\\u0627\\u062f \\u0627\\u0644\\u062e\\u0637\\u0637 \\u0627\\u0644\\u062a\\u0641\\u0635\\u064a\\u0644\\u064a\\u0629\",\"start_date\":\"2026-01-20 08:00:00\",\"end_date\":\"2026-01-20 09:00:00\",\"hijri_date\":\"\\u0661 \\u0634\\u0639\\u0628\\u0627\\u0646 \\u0661\\u0664\\u0664\\u0667 \\u0647\\u0640\",\"type\":\"meeting\",\"bg_color\":\"#2563eb\",\"program\":null,\"notes\":null,\"year\":2026,\"is_public\":false,\"created_at\":\"2026-01-13 20:37:36\",\"updated_at\":\"2026-01-13 20:44:36\"}','2026-01-13 16:44:36');
/*!40000 ALTER TABLE `calendar_audit_logs` ENABLE KEYS */;
UNLOCK TABLES;
commit;

--
-- Table structure for table `calendar_delegations`
--

DROP TABLE IF EXISTS `calendar_delegations`;
/*!40101 SET @saved_cs_client     = @@character_set_client */;
/*!40101 SET character_set_client = utf8mb4 */;
CREATE TABLE `calendar_delegations` (
  `id` bigint(20) unsigned NOT NULL AUTO_INCREMENT,
  `manager_id` bigint(20) unsigned NOT NULL,
  `employee_id` bigint(20) unsigned NOT NULL,
  `is_active` tinyint(1) NOT NULL DEFAULT 1,
  `granted_at` timestamp NOT NULL DEFAULT current_timestamp(),
  `revoked_at` timestamp NULL DEFAULT NULL,
  `created_at` timestamp NULL DEFAULT NULL,
  `updated_at` timestamp NULL DEFAULT NULL,
  PRIMARY KEY (`id`),
  UNIQUE KEY `calendar_delegations_manager_id_employee_id_unique` (`manager_id`,`employee_id`),
  KEY `calendar_delegations_employee_id_foreign` (`employee_id`),
  KEY `calendar_delegations_manager_id_is_active_index` (`manager_id`,`is_active`),
  CONSTRAINT `calendar_delegations_employee_id_foreign` FOREIGN KEY (`employee_id`) REFERENCES `users` (`id`) ON DELETE CASCADE,
  CONSTRAINT `calendar_delegations_manager_id_foreign` FOREIGN KEY (`manager_id`) REFERENCES `users` (`id`) ON DELETE CASCADE
) ENGINE=InnoDB AUTO_INCREMENT=4 DEFAULT CHARSET=utf8mb4 COLLATE=utf8mb4_unicode_ci;
/*!40101 SET character_set_client = @saved_cs_client */;

--
-- Dumping data for table `calendar_delegations`
--

LOCK TABLES `calendar_delegations` WRITE;
/*!40000 ALTER TABLE `calendar_delegations` DISABLE KEYS */;
set autocommit=0;
INSERT INTO `calendar_delegations` VALUES
(1,1,2,0,'2026-01-11 22:35:47','2026-01-11 22:36:26','2026-01-11 22:35:47','2026-01-11 22:36:26'),
(2,1,7,1,'2026-01-12 10:26:56',NULL,'2026-01-12 10:26:56','2026-01-12 10:26:56'),
(3,1,3,1,'2026-01-13 20:35:19',NULL,'2026-01-12 10:34:09','2026-01-13 20:35:19');
/*!40000 ALTER TABLE `calendar_delegations` ENABLE KEYS */;
UNLOCK TABLES;
commit;

--
-- Table structure for table `calendar_events`
--

DROP TABLE IF EXISTS `calendar_events`;
/*!40101 SET @saved_cs_client     = @@character_set_client */;
/*!40101 SET character_set_client = utf8mb4 */;
CREATE TABLE `calendar_events` (
  `id` bigint(20) unsigned NOT NULL AUTO_INCREMENT,
  `user_id` bigint(20) unsigned NOT NULL,
  `target_user_id` bigint(20) unsigned DEFAULT NULL,
  `title` varchar(255) NOT NULL,
  `start_date` timestamp NOT NULL,
  `end_date` timestamp NOT NULL,
  `hijri_date` varchar(100) DEFAULT NULL,
  `type` varchar(50) NOT NULL,
  `bg_color` varchar(7) NOT NULL,
  `program` varchar(100) DEFAULT NULL,
  `notes` text DEFAULT NULL,
  `year` year(4) NOT NULL,
  `is_public` tinyint(1) NOT NULL DEFAULT 1,
  `created_at` timestamp NULL DEFAULT NULL,
  `updated_at` timestamp NULL DEFAULT NULL,
  PRIMARY KEY (`id`),
  KEY `calendar_events_user_id_foreign` (`user_id`),
  KEY `calendar_events_target_user_id_year_index` (`target_user_id`,`year`),
  KEY `calendar_events_start_date_end_date_index` (`start_date`,`end_date`),
  KEY `calendar_events_year_index` (`year`),
  CONSTRAINT `calendar_events_target_user_id_foreign` FOREIGN KEY (`target_user_id`) REFERENCES `users` (`id`),
  CONSTRAINT `calendar_events_user_id_foreign` FOREIGN KEY (`user_id`) REFERENCES `users` (`id`) ON DELETE CASCADE
) ENGINE=InnoDB AUTO_INCREMENT=6 DEFAULT CHARSET=utf8mb4 COLLATE=utf8mb4_unicode_ci;
/*!40101 SET character_set_client = @saved_cs_client */;

--
-- Dumping data for table `calendar_events`
--

LOCK TABLES `calendar_events` WRITE;
/*!40000 ALTER TABLE `calendar_events` DISABLE KEYS */;
set autocommit=0;
INSERT INTO `calendar_events` VALUES
(1,1,7,'اجتماع','2026-01-12 11:00:00','2026-01-12 12:00:00','٢٣ رجب ١٤٤٧ هـ','meeting','#0891b2',NULL,NULL,2026,1,'2026-01-12 10:30:34','2026-01-12 10:30:34'),
(2,1,7,'احصائيات','2026-01-13 09:00:00','2026-01-13 10:00:00','٢٤ رجب ١٤٤٧ هـ','program','#16a34a','ايرادات الزكاة',NULL,2026,1,'2026-01-12 10:56:47','2026-01-12 10:56:47'),
(3,1,7,'مؤتمر الزكاة','2026-01-12 12:00:00','2026-01-13 13:00:00','٢٣ رجب ١٤٤٧ هـ','conference','#db2777',NULL,NULL,2026,1,'2026-01-12 11:02:38','2026-01-12 11:02:38'),
(4,1,1,'اجتماع مراجعة واعتماد الخطط التفصيلية','2026-01-20 08:00:00','2026-01-20 09:00:00','١ شعبان ١٤٤٧ هـ','meeting','#2563eb',NULL,NULL,2026,0,'2026-01-13 20:37:36','2026-01-13 20:44:36'),
(5,1,3,'اجتماع مراجعة خصائص نظام إحكام','2026-01-27 08:00:00','2026-01-27 09:00:00','٨ شعبان ١٤٤٧ هـ','meeting','#b91c1c',NULL,'مراجعة الخصائص الجديدة \r\nإضافة صلاحيات للموظفين\r\nالاجتماعىفي مكتب رقمة111',2026,1,'2026-01-13 20:42:04','2026-01-13 20:42:04');
/*!40000 ALTER TABLE `calendar_events` ENABLE KEYS */;
UNLOCK TABLES;
commit;

--
-- Table structure for table `choices`
--

DROP TABLE IF EXISTS `choices`;
/*!40101 SET @saved_cs_client     = @@character_set_client */;
/*!40101 SET character_set_client = utf8mb4 */;
CREATE TABLE `choices` (
  `id` bigint(20) unsigned NOT NULL AUTO_INCREMENT,
  `question_id` bigint(20) unsigned NOT NULL,
  `choice_text` text DEFAULT NULL,
  `ordered` tinyint(3) unsigned NOT NULL DEFAULT 0,
  `parent_choice_id` bigint(20) unsigned DEFAULT NULL,
  `created_at` timestamp NULL DEFAULT NULL,
  `updated_at` timestamp NULL DEFAULT NULL,
  PRIMARY KEY (`id`),
  KEY `choices_question_id_foreign` (`question_id`),
  CONSTRAINT `choices_question_id_foreign` FOREIGN KEY (`question_id`) REFERENCES `questions` (`id`) ON DELETE CASCADE
) ENGINE=InnoDB AUTO_INCREMENT=7 DEFAULT CHARSET=utf8mb4 COLLATE=utf8mb4_unicode_ci;
/*!40101 SET character_set_client = @saved_cs_client */;

--
-- Dumping data for table `choices`
--

LOCK TABLES `choices` WRITE;
/*!40000 ALTER TABLE `choices` DISABLE KEYS */;
set autocommit=0;
INSERT INTO `choices` VALUES
(1,2,'جنوب الباطنة',0,NULL,'2025-10-28 09:41:20','2025-10-28 09:41:20'),
(2,2,'شمال الباطنة',1,NULL,'2025-10-28 09:41:20','2025-10-28 09:41:20'),
(3,3,'الرستاق',0,1,'2025-10-28 09:41:20','2025-10-28 09:41:20'),
(4,3,'العوابي',1,1,'2025-10-28 09:41:20','2025-10-28 09:41:20'),
(5,3,'صحار',2,2,'2025-10-28 09:41:20','2025-10-28 09:41:20'),
(6,3,'شناص',3,2,'2025-10-28 09:41:20','2025-10-28 09:41:20');
/*!40000 ALTER TABLE `choices` ENABLE KEYS */;
UNLOCK TABLES;
commit;

--
-- Table structure for table `com_answers`
--

DROP TABLE IF EXISTS `com_answers`;
/*!40101 SET @saved_cs_client     = @@character_set_client */;
/*!40101 SET character_set_client = utf8mb4 */;
CREATE TABLE `com_answers` (
  `id` bigint(20) unsigned NOT NULL AUTO_INCREMENT,
  `participant_id` bigint(20) unsigned NOT NULL,
  `question_id` bigint(20) unsigned NOT NULL,
  `option_id` bigint(20) unsigned NOT NULL,
  `is_correct` tinyint(1) NOT NULL DEFAULT 0,
  `created_at` timestamp NULL DEFAULT NULL,
  `updated_at` timestamp NULL DEFAULT NULL,
  PRIMARY KEY (`id`),
  UNIQUE KEY `com_answers_participant_id_question_id_unique` (`participant_id`,`question_id`),
  KEY `com_answers_option_id_foreign` (`option_id`),
  KEY `com_answers_question_id_is_correct_index` (`question_id`,`is_correct`),
  CONSTRAINT `com_answers_option_id_foreign` FOREIGN KEY (`option_id`) REFERENCES `com_options` (`id`) ON DELETE CASCADE,
  CONSTRAINT `com_answers_participant_id_foreign` FOREIGN KEY (`participant_id`) REFERENCES `com_participants` (`id`) ON DELETE CASCADE,
  CONSTRAINT `com_answers_question_id_foreign` FOREIGN KEY (`question_id`) REFERENCES `com_questions` (`id`) ON DELETE CASCADE
) ENGINE=InnoDB AUTO_INCREMENT=5 DEFAULT CHARSET=utf8mb4 COLLATE=utf8mb4_unicode_ci;
/*!40101 SET character_set_client = @saved_cs_client */;

--
-- Dumping data for table `com_answers`
--

LOCK TABLES `com_answers` WRITE;
/*!40000 ALTER TABLE `com_answers` DISABLE KEYS */;
set autocommit=0;
INSERT INTO `com_answers` VALUES
(1,1,7,20,0,'2025-12-28 09:01:36','2025-12-28 09:01:36'),
(2,1,5,14,0,'2025-12-28 09:01:49','2025-12-28 09:01:49'),
(3,1,6,17,0,'2025-12-28 09:02:19','2025-12-28 09:02:19'),
(4,2,8,22,1,'2026-01-01 08:04:48','2026-01-01 08:04:48');
/*!40000 ALTER TABLE `com_answers` ENABLE KEYS */;
UNLOCK TABLES;
commit;

--
-- Table structure for table `com_competitions`
--

DROP TABLE IF EXISTS `com_competitions`;
/*!40101 SET @saved_cs_client     = @@character_set_client */;
/*!40101 SET character_set_client = utf8mb4 */;
CREATE TABLE `com_competitions` (
  `id` bigint(20) unsigned NOT NULL AUTO_INCREMENT,
  `title` varchar(255) NOT NULL,
  `status` enum('closed','started','finished') NOT NULL DEFAULT 'closed',
  `join_code` varchar(10) NOT NULL,
  `current_question_id` bigint(20) unsigned DEFAULT NULL,
  `question_started_at` timestamp NULL DEFAULT NULL,
  `created_at` timestamp NULL DEFAULT NULL,
  `updated_at` timestamp NULL DEFAULT NULL,
  PRIMARY KEY (`id`),
  UNIQUE KEY `com_competitions_join_code_unique` (`join_code`),
  KEY `com_competitions_join_code_index` (`join_code`),
  KEY `com_competitions_status_index` (`status`)
) ENGINE=InnoDB AUTO_INCREMENT=5 DEFAULT CHARSET=utf8mb4 COLLATE=utf8mb4_unicode_ci;
/*!40101 SET character_set_client = @saved_cs_client */;

--
-- Dumping data for table `com_competitions`
--

LOCK TABLES `com_competitions` WRITE;
/*!40000 ALTER TABLE `com_competitions` DISABLE KEYS */;
set autocommit=0;
INSERT INTO `com_competitions` VALUES
(1,'مسابقة دائرة التخطيط','finished','BZAL9E',NULL,NULL,'2025-12-28 08:51:53','2025-12-28 08:56:23'),
(2,'مسابقة التخطيط 2','finished','A6W8PQ',NULL,NULL,'2025-12-28 08:58:20','2025-12-28 09:02:46'),
(3,'test','closed','6WQTIR',NULL,NULL,'2025-12-31 11:27:11','2025-12-31 11:27:11'),
(4,'مسابقة التخطيط الأولى','finished','2BUTXF',NULL,NULL,'2026-01-01 08:01:38','2026-01-01 08:05:01');
/*!40000 ALTER TABLE `com_competitions` ENABLE KEYS */;
UNLOCK TABLES;
commit;

--
-- Table structure for table `com_options`
--

DROP TABLE IF EXISTS `com_options`;
/*!40101 SET @saved_cs_client     = @@character_set_client */;
/*!40101 SET character_set_client = utf8mb4 */;
CREATE TABLE `com_options` (
  `id` bigint(20) unsigned NOT NULL AUTO_INCREMENT,
  `question_id` bigint(20) unsigned NOT NULL,
  `option_text` text NOT NULL,
  `is_correct` tinyint(1) NOT NULL DEFAULT 0,
  `created_at` timestamp NULL DEFAULT NULL,
  `updated_at` timestamp NULL DEFAULT NULL,
  PRIMARY KEY (`id`),
  KEY `com_options_question_id_is_correct_index` (`question_id`,`is_correct`),
  CONSTRAINT `com_options_question_id_foreign` FOREIGN KEY (`question_id`) REFERENCES `com_questions` (`id`) ON DELETE CASCADE
) ENGINE=InnoDB AUTO_INCREMENT=25 DEFAULT CHARSET=utf8mb4 COLLATE=utf8mb4_unicode_ci;
/*!40101 SET character_set_client = @saved_cs_client */;

--
-- Dumping data for table `com_options`
--

LOCK TABLES `com_options` WRITE;
/*!40000 ALTER TABLE `com_options` DISABLE KEYS */;
set autocommit=0;
INSERT INTO `com_options` VALUES
(1,1,'6',1,'2025-12-28 08:52:33','2025-12-28 08:52:33'),
(2,1,'5',0,'2025-12-28 08:52:33','2025-12-28 08:52:33'),
(3,1,'4',0,'2025-12-28 08:52:33','2025-12-28 08:52:33'),
(4,2,'الفاعلية في إدارة الشؤون الدينية',1,'2025-12-28 08:53:37','2025-12-28 08:53:37'),
(5,2,'رؤية ورسالة وزارة الأوقاف والشؤون الدينية   الرؤية:  الفاعلية في إدارة الشؤون الدينية في سلطنة عمان',0,'2025-12-28 08:53:37','2025-12-28 08:53:37'),
(6,2,'الاهتمام بالجانب الديني في بناء المواطن الصالح، وتنظيم ما يتعلق بالشؤون الدينية داخل سلطنة عمان من خلال كوادر مؤهلة بوسائل متجددة',0,'2025-12-28 08:53:37','2025-12-28 08:53:37'),
(7,3,'10 أكتوبر من كل عام',1,'2025-12-28 08:54:26','2025-12-28 08:54:26'),
(8,3,'30 ديسمبر من كل عام',0,'2025-12-28 08:54:26','2025-12-28 08:54:26'),
(9,3,'1 يناير من كل عام',0,'2025-12-28 08:54:26','2025-12-28 08:54:26'),
(10,4,'كل ربع',1,'2025-12-28 08:55:21','2025-12-28 08:55:21'),
(11,4,'في نهاية العام',0,'2025-12-28 08:55:21','2025-12-28 08:55:21'),
(12,4,'نصف العام ونهاية العام',0,'2025-12-28 08:55:21','2025-12-28 08:55:21'),
(13,5,'الاهتمام بالجانب الديني في بناء المواطن الصالح، وتنظيم ما يتعلق بالشؤون الدينية داخل سلطنة عمان من خلال كوادر مؤهلة بوسائل متجددة',1,'2025-12-28 08:59:14','2025-12-28 08:59:14'),
(14,5,'الفاعلية في إدارة الشؤون الدينية في سلطنة عمان',0,'2025-12-28 08:59:14','2025-12-28 08:59:14'),
(15,5,'الفاعلية في إدارة الشؤون الدينية',0,'2025-12-28 08:59:14','2025-12-28 08:59:14'),
(16,6,'5',1,'2025-12-28 08:59:38','2025-12-28 08:59:38'),
(17,6,'6',0,'2025-12-28 08:59:38','2025-12-28 08:59:38'),
(18,6,'7',0,'2025-12-28 08:59:38','2025-12-28 08:59:38'),
(19,7,'2',1,'2025-12-28 08:59:56','2025-12-28 08:59:56'),
(20,7,'3',0,'2025-12-28 08:59:56','2025-12-28 08:59:56'),
(21,7,'4',0,'2025-12-28 08:59:56','2025-12-28 08:59:56'),
(22,8,'هي عناصر تجعلها الدولة من أهم العناصر المهمة',1,'2026-01-01 08:03:23','2026-01-01 08:03:23'),
(23,8,'عناصر في الخطة الخمسية العاشرة',0,'2026-01-01 08:03:23','2026-01-01 08:03:23'),
(24,8,'عناصر في الخطة السنوية للوزارة',0,'2026-01-01 08:03:23','2026-01-01 08:03:23');
/*!40000 ALTER TABLE `com_options` ENABLE KEYS */;
UNLOCK TABLES;
commit;

--
-- Table structure for table `com_participants`
--

DROP TABLE IF EXISTS `com_participants`;
/*!40101 SET @saved_cs_client     = @@character_set_client */;
/*!40101 SET character_set_client = utf8mb4 */;
CREATE TABLE `com_participants` (
  `id` bigint(20) unsigned NOT NULL AUTO_INCREMENT,
  `competition_id` bigint(20) unsigned NOT NULL,
  `name` varchar(255) NOT NULL,
  `ip_address` varchar(45) NOT NULL,
  `score` int(11) NOT NULL DEFAULT 0,
  `created_at` timestamp NULL DEFAULT NULL,
  `updated_at` timestamp NULL DEFAULT NULL,
  PRIMARY KEY (`id`),
  UNIQUE KEY `com_participants_competition_id_ip_address_unique` (`competition_id`,`ip_address`),
  KEY `com_participants_competition_id_index` (`competition_id`),
  CONSTRAINT `com_participants_competition_id_foreign` FOREIGN KEY (`competition_id`) REFERENCES `com_competitions` (`id`) ON DELETE CASCADE
) ENGINE=InnoDB AUTO_INCREMENT=3 DEFAULT CHARSET=utf8mb4 COLLATE=utf8mb4_unicode_ci;
/*!40101 SET character_set_client = @saved_cs_client */;

--
-- Dumping data for table `com_participants`
--

LOCK TABLES `com_participants` WRITE;
/*!40000 ALTER TABLE `com_participants` DISABLE KEYS */;
set autocommit=0;
INSERT INTO `com_participants` VALUES
(1,2,'أحمد بن محمد بن عبدالله العوفي','188.66.225.211',0,'2025-12-28 09:00:19','2025-12-28 09:00:19'),
(2,4,'أحمد بن محمد بن عبدالله العوفي','188.66.225.211',1,'2026-01-01 08:04:09','2026-01-01 08:04:48');
/*!40000 ALTER TABLE `com_participants` ENABLE KEYS */;
UNLOCK TABLES;
commit;

--
-- Table structure for table `com_questions`
--

DROP TABLE IF EXISTS `com_questions`;
/*!40101 SET @saved_cs_client     = @@character_set_client */;
/*!40101 SET character_set_client = utf8mb4 */;
CREATE TABLE `com_questions` (
  `id` bigint(20) unsigned NOT NULL AUTO_INCREMENT,
  `competition_id` bigint(20) unsigned NOT NULL,
  `question_text` text NOT NULL,
  `order` int(11) NOT NULL DEFAULT 0,
  `is_active` tinyint(1) NOT NULL DEFAULT 0,
  `created_at` timestamp NULL DEFAULT NULL,
  `updated_at` timestamp NULL DEFAULT NULL,
  PRIMARY KEY (`id`),
  KEY `com_questions_competition_id_is_active_index` (`competition_id`,`is_active`),
  KEY `com_questions_order_index` (`order`),
  CONSTRAINT `com_questions_competition_id_foreign` FOREIGN KEY (`competition_id`) REFERENCES `com_competitions` (`id`) ON DELETE CASCADE
) ENGINE=InnoDB AUTO_INCREMENT=9 DEFAULT CHARSET=utf8mb4 COLLATE=utf8mb4_unicode_ci;
/*!40101 SET character_set_client = @saved_cs_client */;

--
-- Dumping data for table `com_questions`
--

LOCK TABLES `com_questions` WRITE;
/*!40000 ALTER TABLE `com_questions` DISABLE KEYS */;
set autocommit=0;
INSERT INTO `com_questions` VALUES
(1,1,'كم عدد موظفي دائرة التخطيط',1,0,'2025-12-28 08:52:33','2025-12-28 08:56:23'),
(2,1,'ما هي رؤية الوزارة',2,0,'2025-12-28 08:53:37','2025-12-28 08:56:23'),
(3,1,'متى يتم تسليم خطة الوزارة',3,0,'2025-12-28 08:54:26','2025-12-28 08:56:23'),
(4,1,'متى يتم تسليم تقارير أداء الخطة السنوية لمجلس الوزارء',4,0,'2025-12-28 08:55:21','2025-12-28 08:56:23'),
(5,2,'ما هي رؤية الوزارة',1,0,'2025-12-28 08:59:14','2025-12-28 09:02:46'),
(6,2,'كم عدد موظفي دائرة التخطيط',2,0,'2025-12-28 08:59:38','2025-12-28 09:02:46'),
(7,2,'كم قسم في دائرة التخطيط',3,0,'2025-12-28 08:59:56','2025-12-28 09:02:46'),
(8,4,'ما هي أولويات الرؤية',1,0,'2026-01-01 08:03:23','2026-01-01 08:05:01');
/*!40000 ALTER TABLE `com_questions` ENABLE KEYS */;
UNLOCK TABLES;
commit;

--
-- Table structure for table `employee_assignments`
--

DROP TABLE IF EXISTS `employee_assignments`;
/*!40101 SET @saved_cs_client     = @@character_set_client */;
/*!40101 SET character_set_client = utf8mb4 */;
CREATE TABLE `employee_assignments` (
  `id` bigint(20) unsigned NOT NULL AUTO_INCREMENT,
  `user_id` bigint(20) unsigned NOT NULL,
  `position_id` bigint(20) unsigned NOT NULL,
  `org_unit_id` bigint(20) unsigned DEFAULT NULL,
  `start_date` date NOT NULL,
  `end_date` date DEFAULT NULL,
  `created_at` timestamp NULL DEFAULT NULL,
  `updated_at` timestamp NULL DEFAULT NULL,
  PRIMARY KEY (`id`),
  KEY `employee_assignments_user_id_foreign` (`user_id`),
  KEY `employee_assignments_position_id_foreign` (`position_id`),
  KEY `employee_assignments_org_unit_id_foreign` (`org_unit_id`),
  CONSTRAINT `employee_assignments_org_unit_id_foreign` FOREIGN KEY (`org_unit_id`) REFERENCES `org_units` (`id`) ON DELETE SET NULL,
  CONSTRAINT `employee_assignments_position_id_foreign` FOREIGN KEY (`position_id`) REFERENCES `positions` (`id`),
  CONSTRAINT `employee_assignments_user_id_foreign` FOREIGN KEY (`user_id`) REFERENCES `users` (`id`) ON DELETE CASCADE
) ENGINE=InnoDB DEFAULT CHARSET=utf8mb4 COLLATE=utf8mb4_unicode_ci;
/*!40101 SET character_set_client = @saved_cs_client */;

--
-- Dumping data for table `employee_assignments`
--

LOCK TABLES `employee_assignments` WRITE;
/*!40000 ALTER TABLE `employee_assignments` DISABLE KEYS */;
set autocommit=0;
/*!40000 ALTER TABLE `employee_assignments` ENABLE KEYS */;
UNLOCK TABLES;
commit;

--
-- Table structure for table `failed_jobs`
--

DROP TABLE IF EXISTS `failed_jobs`;
/*!40101 SET @saved_cs_client     = @@character_set_client */;
/*!40101 SET character_set_client = utf8mb4 */;
CREATE TABLE `failed_jobs` (
  `id` bigint(20) unsigned NOT NULL AUTO_INCREMENT,
  `uuid` varchar(255) NOT NULL,
  `connection` text NOT NULL,
  `queue` text NOT NULL,
  `payload` longtext NOT NULL,
  `exception` longtext NOT NULL,
  `failed_at` timestamp NOT NULL DEFAULT current_timestamp(),
  PRIMARY KEY (`id`),
  UNIQUE KEY `failed_jobs_uuid_unique` (`uuid`)
) ENGINE=InnoDB DEFAULT CHARSET=utf8mb4 COLLATE=utf8mb4_unicode_ci;
/*!40101 SET character_set_client = @saved_cs_client */;

--
-- Dumping data for table `failed_jobs`
--

LOCK TABLES `failed_jobs` WRITE;
/*!40000 ALTER TABLE `failed_jobs` DISABLE KEYS */;
set autocommit=0;
/*!40000 ALTER TABLE `failed_jobs` ENABLE KEYS */;
UNLOCK TABLES;
commit;

--
-- Table structure for table `finance_form_items`
--

DROP TABLE IF EXISTS `finance_form_items`;
/*!40101 SET @saved_cs_client     = @@character_set_client */;
/*!40101 SET character_set_client = utf8mb4 */;
CREATE TABLE `finance_form_items` (
  `id` bigint(20) unsigned NOT NULL AUTO_INCREMENT,
  `finance_form_id` bigint(20) unsigned NOT NULL,
  `finance_need_id` bigint(20) unsigned NOT NULL,
  `quantity` int(11) NOT NULL DEFAULT 1,
  `unit_price` decimal(12,2) NOT NULL DEFAULT 0.00,
  `total_price` decimal(12,2) NOT NULL DEFAULT 0.00,
  `created_at` timestamp NULL DEFAULT NULL,
  `updated_at` timestamp NULL DEFAULT NULL,
  PRIMARY KEY (`id`),
  KEY `finance_form_items_finance_form_id_foreign` (`finance_form_id`),
  KEY `finance_form_items_finance_need_id_foreign` (`finance_need_id`),
  CONSTRAINT `finance_form_items_finance_form_id_foreign` FOREIGN KEY (`finance_form_id`) REFERENCES `finance_forms` (`id`) ON DELETE CASCADE,
  CONSTRAINT `finance_form_items_finance_need_id_foreign` FOREIGN KEY (`finance_need_id`) REFERENCES `finance_needs` (`id`) ON DELETE CASCADE
) ENGINE=InnoDB AUTO_INCREMENT=7 DEFAULT CHARSET=utf8mb4 COLLATE=utf8mb4_unicode_ci;
/*!40101 SET character_set_client = @saved_cs_client */;

--
-- Dumping data for table `finance_form_items`
--

LOCK TABLES `finance_form_items` WRITE;
/*!40000 ALTER TABLE `finance_form_items` DISABLE KEYS */;
set autocommit=0;
INSERT INTO `finance_form_items` VALUES
(1,1,1,1,0.00,0.00,'2025-11-16 13:20:06','2025-11-16 13:20:06'),
(2,1,3,1,0.00,0.00,'2025-11-16 13:20:06','2025-11-16 13:20:06'),
(3,1,2,1,0.00,0.00,'2025-11-16 13:20:06','2025-11-16 13:20:06'),
(4,2,1,1,0.00,0.00,'2025-11-16 13:20:06','2025-11-16 13:20:06'),
(5,2,3,1,0.00,0.00,'2025-11-16 13:20:06','2025-11-16 13:20:06'),
(6,2,2,1,0.00,0.00,'2025-11-16 13:20:06','2025-11-16 13:20:06');
/*!40000 ALTER TABLE `finance_form_items` ENABLE KEYS */;
UNLOCK TABLES;
commit;

--
-- Table structure for table `finance_forms`
--

DROP TABLE IF EXISTS `finance_forms`;
/*!40101 SET @saved_cs_client     = @@character_set_client */;
/*!40101 SET character_set_client = utf8mb4 */;
CREATE TABLE `finance_forms` (
  `id` bigint(20) unsigned NOT NULL AUTO_INCREMENT,
  `title` varchar(255) NOT NULL,
  `description` text DEFAULT NULL,
  `total_cost` decimal(12,3) NOT NULL DEFAULT 0.000,
  `created_by` bigint(20) unsigned NOT NULL,
  `created_at` timestamp NULL DEFAULT NULL,
  `updated_at` timestamp NULL DEFAULT NULL,
  PRIMARY KEY (`id`),
  KEY `finance_forms_created_by_foreign` (`created_by`),
  CONSTRAINT `finance_forms_created_by_foreign` FOREIGN KEY (`created_by`) REFERENCES `users` (`id`) ON DELETE CASCADE
) ENGINE=InnoDB AUTO_INCREMENT=3 DEFAULT CHARSET=utf8mb4 COLLATE=utf8mb4_unicode_ci;
/*!40101 SET character_set_client = @saved_cs_client */;

--
-- Dumping data for table `finance_forms`
--

LOCK TABLES `finance_forms` WRITE;
/*!40000 ALTER TABLE `finance_forms` DISABLE KEYS */;
set autocommit=0;
INSERT INTO `finance_forms` VALUES
(1,'تثمير',NULL,0.000,1,'2025-11-16 13:20:06','2025-11-16 13:20:06'),
(2,'تثمير',NULL,0.000,1,'2025-11-16 13:20:06','2025-11-16 13:20:06');
/*!40000 ALTER TABLE `finance_forms` ENABLE KEYS */;
UNLOCK TABLES;
commit;

--
-- Table structure for table `finance_needs`
--

DROP TABLE IF EXISTS `finance_needs`;
/*!40101 SET @saved_cs_client     = @@character_set_client */;
/*!40101 SET character_set_client = utf8mb4 */;
CREATE TABLE `finance_needs` (
  `id` bigint(20) unsigned NOT NULL AUTO_INCREMENT,
  `name` varchar(255) NOT NULL,
  `category` varchar(255) DEFAULT NULL,
  `description` text DEFAULT NULL,
  `created_at` timestamp NULL DEFAULT NULL,
  `updated_at` timestamp NULL DEFAULT NULL,
  PRIMARY KEY (`id`)
) ENGINE=InnoDB AUTO_INCREMENT=5 DEFAULT CHARSET=utf8mb4 COLLATE=utf8mb4_unicode_ci;
/*!40101 SET character_set_client = @saved_cs_client */;

--
-- Dumping data for table `finance_needs`
--

LOCK TABLES `finance_needs` WRITE;
/*!40000 ALTER TABLE `finance_needs` DISABLE KEYS */;
set autocommit=0;
INSERT INTO `finance_needs` VALUES
(1,'التغذية',NULL,NULL,'2025-11-16 13:16:29','2025-11-16 13:16:29'),
(2,'استئجار قاعة',NULL,NULL,'2025-11-16 13:16:43','2025-11-16 13:16:43'),
(3,'المهمات الرسمية',NULL,NULL,'2025-11-16 13:17:16','2025-11-16 13:17:16'),
(4,'التخطيط للمسابقة',NULL,NULL,'2025-12-18 14:17:06','2025-12-18 14:17:06');
/*!40000 ALTER TABLE `finance_needs` ENABLE KEYS */;
UNLOCK TABLES;
commit;

--
-- Table structure for table `indicator_achievements`
--

DROP TABLE IF EXISTS `indicator_achievements`;
/*!40101 SET @saved_cs_client     = @@character_set_client */;
/*!40101 SET character_set_client = utf8mb4 */;
CREATE TABLE `indicator_achievements` (
  `id` bigint(20) unsigned NOT NULL AUTO_INCREMENT,
  `indicator_id` bigint(20) unsigned NOT NULL,
  `sector_id` bigint(20) unsigned NOT NULL,
  `year` int(11) NOT NULL,
  `period_index` int(11) NOT NULL,
  `achieved_value` decimal(16,2) NOT NULL,
  `notes` text DEFAULT NULL,
  `created_at` timestamp NULL DEFAULT NULL,
  `updated_at` timestamp NULL DEFAULT NULL,
  PRIMARY KEY (`id`),
  UNIQUE KEY `ind_achieved_unique` (`indicator_id`,`sector_id`,`year`,`period_index`),
  KEY `indicator_achievements_sector_id_foreign` (`sector_id`),
  CONSTRAINT `indicator_achievements_indicator_id_foreign` FOREIGN KEY (`indicator_id`) REFERENCES `indicators` (`id`) ON DELETE CASCADE,
  CONSTRAINT `indicator_achievements_sector_id_foreign` FOREIGN KEY (`sector_id`) REFERENCES `sectors` (`id`) ON DELETE CASCADE
) ENGINE=InnoDB DEFAULT CHARSET=utf8mb4 COLLATE=utf8mb4_unicode_ci;
/*!40101 SET character_set_client = @saved_cs_client */;

--
-- Dumping data for table `indicator_achievements`
--

LOCK TABLES `indicator_achievements` WRITE;
/*!40000 ALTER TABLE `indicator_achievements` DISABLE KEYS */;
set autocommit=0;
/*!40000 ALTER TABLE `indicator_achievements` ENABLE KEYS */;
UNLOCK TABLES;
commit;

--
-- Table structure for table `indicator_targets`
--

DROP TABLE IF EXISTS `indicator_targets`;
/*!40101 SET @saved_cs_client     = @@character_set_client */;
/*!40101 SET character_set_client = utf8mb4 */;
CREATE TABLE `indicator_targets` (
  `id` bigint(20) unsigned NOT NULL AUTO_INCREMENT,
  `indicator_id` bigint(20) unsigned NOT NULL,
  `sector_id` bigint(20) unsigned NOT NULL,
  `year` int(11) NOT NULL,
  `period_index` int(11) NOT NULL,
  `target_value` decimal(16,2) NOT NULL,
  `created_at` timestamp NULL DEFAULT NULL,
  `updated_at` timestamp NULL DEFAULT NULL,
  PRIMARY KEY (`id`),
  UNIQUE KEY `ind_target_unique` (`indicator_id`,`sector_id`,`year`,`period_index`),
  KEY `indicator_targets_sector_id_foreign` (`sector_id`),
  CONSTRAINT `indicator_targets_indicator_id_foreign` FOREIGN KEY (`indicator_id`) REFERENCES `indicators` (`id`) ON DELETE CASCADE,
  CONSTRAINT `indicator_targets_sector_id_foreign` FOREIGN KEY (`sector_id`) REFERENCES `sectors` (`id`) ON DELETE CASCADE
) ENGINE=InnoDB DEFAULT CHARSET=utf8mb4 COLLATE=utf8mb4_unicode_ci;
/*!40101 SET character_set_client = @saved_cs_client */;

--
-- Dumping data for table `indicator_targets`
--

LOCK TABLES `indicator_targets` WRITE;
/*!40000 ALTER TABLE `indicator_targets` DISABLE KEYS */;
set autocommit=0;
/*!40000 ALTER TABLE `indicator_targets` ENABLE KEYS */;
UNLOCK TABLES;
commit;

--
-- Table structure for table `indicators`
--

DROP TABLE IF EXISTS `indicators`;
/*!40101 SET @saved_cs_client     = @@character_set_client */;
/*!40101 SET character_set_client = utf8mb4 */;
CREATE TABLE `indicators` (
  `id` bigint(20) unsigned NOT NULL AUTO_INCREMENT,
  `title` varchar(255) NOT NULL,
  `is_main` tinyint(1) NOT NULL DEFAULT 1,
  `main_criteria` varchar(255) DEFAULT NULL,
  `sub_criteria` varchar(255) DEFAULT NULL,
  `code` varchar(255) DEFAULT NULL,
  `owner` varchar(255) DEFAULT NULL,
  `description` text DEFAULT NULL,
  `measurement_tool` text DEFAULT NULL,
  `polarity` varchar(255) DEFAULT NULL,
  `polarity_description` text DEFAULT NULL,
  `unit` varchar(255) DEFAULT NULL,
  `formula` varchar(255) DEFAULT NULL,
  `first_observation_date` date DEFAULT NULL,
  `baseline_formula` text DEFAULT NULL,
  `baseline_after_application` varchar(255) DEFAULT NULL,
  `survey_question` text DEFAULT NULL,
  `proposed_initiatives` text DEFAULT NULL,
  `evidence_type` varchar(255) DEFAULT NULL,
  `period` varchar(11) NOT NULL,
  `current_year` varchar(4) NOT NULL DEFAULT '2025',
  `parent_id` bigint(20) unsigned DEFAULT NULL,
  `created_at` timestamp NULL DEFAULT NULL,
  `updated_at` timestamp NULL DEFAULT NULL,
  `target_for_indicator` int(11) DEFAULT NULL,
  `sectors` text DEFAULT NULL,
  PRIMARY KEY (`id`)
) ENGINE=InnoDB AUTO_INCREMENT=74 DEFAULT CHARSET=utf8mb4 COLLATE=utf8mb4_unicode_ci;
/*!40101 SET character_set_client = @saved_cs_client */;

--
-- Dumping data for table `indicators`
--

LOCK TABLES `indicators` WRITE;
/*!40000 ALTER TABLE `indicators` DISABLE KEYS */;
set autocommit=0;
INSERT INTO `indicators` VALUES
(1,'نسبة نمو العائد من الأصول الوقفية وبيت المال وأموال الأيتام والقصر',1,'إدارة واستثمار أموال الأوقاف وبيت المال والأيتام والقصر','لإدارة واستثمار أموال الأيتام والقصر','MARA 3','دائرة أموال الأيتام والقصر','يقيس زيادة مبلغ العوائد من أصول أموال الأيتام والقصر.','البيانات والإحصائيات من دائرة أموال الأيتام والقصر وبرنامج الأوقاف.','موجبة','يرتفع المؤشر بارتفاع نسبة مبلغ العوائد من أصول أموال الأيتام والقصر','رقم','رقم','2025-01-01','خط الأساس (العوائد في العام السابق) *   نسبة المستهدف للعام الحالي + قيمة العام السابق','6598462','-','برنامج استدامة الأصول، إدارة التصرفات والاستثمار، الرقابة والإشراف على الأصول والأموال.',NULL,'quarterly','2025',NULL,'2025-10-11 09:46:11','2026-01-04 12:26:23',6598462,'\"[\\\"1\\\",\\\"2\\\",\\\"3\\\",\\\"4\\\",\\\"5\\\",\\\"6\\\",\\\"7\\\"]\"'),
(2,'نسبة نمو الأصول الجديدة سنويا',1,'الأوقاف والمساجد وأموال الأوقاف ، الزكاة','الأوقاف والمساجد وأموال الأوقاف ، الزكاة','MARA 4','المديرية العامة للأوقاف والأموال وإعمار المساجد ومدارس القرآن الكريم','مؤشر يقيس زيادة نسبة نمو الأصول الوقفية الجديدة سنويا','برنامج الأوقاف، تقارير واحصائيات.','موجبة','موجبة حيث يرتفع المؤشر بزيادة نسبة نمو الأصول الوقفية الجديدة','رقم','رقم','2025-01-01','خط الأساس (العوائد في العام السابق) * نسبة المستهدف للعام الحالي + قيمة العام السابق','1190910','-','1- اسبوع الوقف الخليجي\r\n2- الوقف وعي وعطاء',NULL,'quarterly','2025',NULL,'2025-10-11 09:46:11','2026-01-05 09:59:22',1113000,'\"[\\\"1\\\",\\\"2\\\",\\\"3\\\",\\\"4\\\",\\\"5\\\",\\\"6\\\",\\\"7\\\"]\"'),
(3,'نسبة نمو إيرادات الزكاة سنويا',1,'الوعظ والإرشاد (دائرة الزكاة)','(دائرة الزكاة)','MARA 5','دائرة الزكاة','مؤشر يقيس زيادة مبلغ إيرادات الزكاة','البيانات المتوفرة في برنامج الزكاة والحسابات المصرفية تقارير لجان الزكاة.','موجبة','موجبة حيث يرتفع المؤشر بارتفاع إيرادات الزكاة.','رقم','رقم','2025-01-01','خط الأساس (العوائد في العام السابق) * نسبة المستهدف للعام الحالي + قيمة العام السابق','8614920','-','1-الحملات الاعلامية التوعوية\r\n2- معرض ومؤتمر الزكاة',NULL,'quarterly','2025',NULL,'2025-10-11 09:46:11','2026-01-05 01:14:17',8364000,'\"[\\\"1\\\",\\\"2\\\",\\\"3\\\",\\\"4\\\",\\\"5\\\",\\\"6\\\",\\\"7\\\",\\\"8\\\",\\\"9\\\"]\"'),
(4,'نسبة نمو عدد المستفيدين من الأنشطة الدينية وخدمات الإفتاء',1,'الوعظ والإرشاد، الإفتاء','الوعظ والإرشاد، الإفتاء','MARA 9','المديرية العامة للوعظ والإرشاد ومكتب الإفتاء','مؤشر يقيس زيادة نسبة المستفيدين من الأنشطة الدينية وخدمات الإفتاء','استخراج البيانات من التقارير والإحصائيات من جميع المحافظات/ المديرية العامة للوعظ/ القطاع المعرفي وموقع الإفتاء','موجبة','موجبة حيث يرتفع المؤشر بارتفاع نسبة المستفيدين من الأنشطة الدينية وخدمات الإفتاء','رقم','رقم','2025-01-01','خط الأساس (نسبة النمو السنوي من المستفيدين من الأنشطة الدينية وخدمات الإفتاء في العام السابق) * نسبة المستهدف للعام الحالي + قيمة العام السابق','2083725','-','1- الرسول الأعظم\r\n2- الوعظ الألكتروني\r\n3- جنة\r\n4- مسارات امنه\r\n5- ملتقيات الارشاد\r\n6- ملتقيات السيدة عائشة\r\n7- الندوات الدينية\r\n8- الانماء المهني\r\n9-ملتقى الكوادر الدينية\r\n10- معرض مسقط الدولي للكتب والمعارض الدولية\r\n11- الوعظ الشامل\r\n12- القوافل الوعظية\r\n13- الابحاث العلمية\r\n1- صيفنا مميز\r\n2- المدرسة الفقهية\r\n3- الملتقيات الشتوية\r\n4- الطالب الفقيه\r\n5- فقيهات المستقبل\r\n6- المدرسة النموذجية\r\n7- حصاد مسك\r\n1- معرض نسك\r\n2- بعثة الحج العمانية\r\n1- التواصل والتبادل الثقافي\r\n2- الفتاوي\r\n3- التعريف بالاسلام',NULL,'quarterly','2025',NULL,'2025-10-11 09:46:11','2026-01-04 12:32:54',2083725,'\"[\\\"1\\\",\\\"2\\\",\\\"3\\\",\\\"4\\\",\\\"5\\\",\\\"6\\\",\\\"7\\\"]\"'),
(5,'نسبة نمو عدد المستفيدين من برامج تعزيز قيم التسامح والتعايش والموتلف الإنساني (دولياً)',1,'الوعظ والإرشاد +الافتاء','الوعظ والإرشاد +الافتاء','MARA 11','المديرية العامة للوعظ والإرشاد +الافتاء','موجبة ترتفع بارتفاع نسبة المستفيدين من برامج تعزيز الهوية الوطنية (محليا)','البيانات من برامج المديرية العامة للوعظ والإرشاد +الافتاء','موجبة','موجبة ترتفع بارتفاع نسبة المستفيدين من برامج تعزيز الهوية الوطنية (محليا)','رقم','رقم','2025-01-01','خط الأساس (العوائد في العام السابق) * نسبة المستهدف للعام الحالي + قيمة العام السابق','11576','-','رفع الوعي المجتمعي بالزكاة، رفع مستوى فاعلية لجان الزكاة.',NULL,'quarterly','2025',NULL,'2025-10-11 09:46:11','2026-01-05 01:17:20',12204,'\"[\\\"1\\\",\\\"2\\\",\\\"3\\\",\\\"4\\\",\\\"5\\\",\\\"6\\\",\\\"7\\\"]\"'),
(6,'نسبة نمو عدد المستفيدين من برامج تعزيز الهوية الوطنية (محلياً)',1,'الوعظ والإرشاد +الافتاء','الوعظ والإرشاد +الافتاء','MARA 11','المديرية العامة للوعظ والإرشاد +الافتاء','موجبة ترتفع بارتفاع نسبة المستفيدين من برامج تعزيز الهوية الوطنية (محليا)','البيانات من برامج المديرية العامة للوعظ والإرشاد +الافتاء','موجبة','موجبة ترتفع بارتفاع نسبة المستفيدين من برامج تعزيز الهوية الوطنية (محليا)','رقم','رقم','2025-01-01','خط الأساس (العوائد في العام السابق) * نسبة المستهدف للعام الحالي + قيمة العام السابق','11576','-','رفع الوعي المجتمعي بالزكاة، رفع مستوى فاعلية لجان الزكاة.',NULL,'quarterly','2025',NULL,'2025-10-11 09:46:11','2026-01-05 01:17:46',11576,'\"[\\\"1\\\",\\\"2\\\",\\\"3\\\",\\\"4\\\",\\\"5\\\",\\\"6\\\",\\\"7\\\"]\"'),
(7,'نسبة نمو عدد متعلمي القرآن الكريم',1,'الوعظ والإرشاد، الإفتاء','الوعظ والإرشاد، دائرة القرآن الكريم، فريق عمل تعليم القرآن الكريم الإلكتروني.','MARA 12','المديرية العامة للوعظ والإرشاد','مؤشر يقيس نسبة زيادة عدد متعلمي القرآن الكريم','استخراج البيانات عن طريق نظام تعليم القران الكريم','موجبة','موجبة حيث يرتفع المؤشر بزيادة نسبة متعلمي القرآن الكريم','نسبة','نسبة','2025-01-01','خط الأساس (العوائد في العام السابق) * نسبة المستهدف للعام الحالي + قيمة العام السابق','20556','-','•	مسابقات القرآن الكريم\r\n•	الإجازة القرآنية \r\n•	الكتاتيب القرآنية\r\n•	تعليم القرآن الكريم عن بُعد',NULL,'quarterly','2025',NULL,'2025-10-11 09:46:11','2026-01-05 01:18:09',20556,'\"[\\\"1\\\",\\\"2\\\",\\\"3\\\",\\\"4\\\",\\\"5\\\",\\\"6\\\",\\\"7\\\"]\"'),
(8,'نسبة نمو عدد الجوامع والمساجد ومدارس القرآن الكريم التي تغطي مصاريف خدماتها الأساسية والصيانة والتنظيف',1,'الأوقاف والمساجد وأموال الأوقاف، الزكاة','الأوقاف والمساجد ومدراس القرآن.','MARA 6','المديرية العامة للأوقاف والأموال وإعمار المساجد ومدارس القرآن الكريم','مؤشر يقيس عدد الجوامع والمساجد ومدارس القرآن الكريم المعتمدة على الأوقاف الخاصة بها أو العامة لتغطية المصاريف الرئيسية (الصيانة والتنظيف)','برنامج الأوقاف – برنامج المساجد - البيانات المتوفرة في دائرة المساجد والمدراس.\r\nمعادلة تصنيف المساجد التي تغطي مصاريف الخدمات: عوائد المسجد أكثر من 300 ريال \r\nمعادلة تصنيف الجوامع التي تغطي مصارف الخدمات: عوائد الجامع أكثر من 1000 ريال \r\nمعادلة تصنيف مدارس القرآن الكريم مصاريف الخدمات: عوائد المدارس أكثر 300 ريال','موجبة','موجبة حيث يرتفع المؤشر بارتفاع عدد الجوامع والمدارس التي تملك أوقاف ولها عوائد مالية.','عدد - نسبة','عدد','2022-01-01','خط الأساس (الجوامع والمساجد ومدارس القران الكريم التي تغطي مصاريف الخدمات الاساسية والصيانة والتنظيف في العام السابق) *   نسبة المستهدف للعام الحالي + قيمة العام السابق','358','-','•	ورش تدريبية توعوية \r\n•	رصد بيانات المساجد التي تغطي المصاريف\r\n•	مشروع الأوقاف المشتركة لتشغيل المساجد  .\r\n•	دراسة الجدوى الاقتصادية لأوقاف المساجد (لبناء المحلات التجارية في الجوامع التي تقع في المناطق السكنية).',NULL,'quarterly','2025',NULL,'2025-10-11 09:46:11','2026-01-05 01:18:32',357,'\"[\\\"1\\\",\\\"2\\\",\\\"3\\\",\\\"4\\\",\\\"5\\\",\\\"6\\\",\\\"7\\\",\\\"8\\\",\\\"9\\\",\\\"10\\\",\\\"11\\\",\\\"12\\\",\\\"13\\\"]\"'),
(9,'نسبة الخدمات المرقمنة من إجمالي الخدمات المقدمة',1,'الوعظ والإرشاد (دائرة الزكاة)','(دائرة الزكاة)','MARA 5','دائرة الزكاة','مؤشر يقيس زيادة مبلغ إيرادات الزكاة','البيانات المتوفرة في برنامج الزكاة والحسابات المصرفية تقارير لجان الزكاة.','موجبة','موجبة حيث يرتفع المؤشر بارتفاع إيرادات الزكاة.','رقم','رقم',NULL,'خط الأساس (العوائد في العام السابق) * نسبة المستهدف للعام الحالي + قيمة العام السابق','90','-','رفع الوعي المجتمعي بالزكاة، رفع مستوى فاعلية لجان الزكاة.',NULL,'annually','2025',NULL,'2025-10-11 09:46:11','2026-01-05 01:19:16',90,'\"[]\"'),
(10,'نسبة رضا المستفيدين عن الخدمات المقدمة من الوزارة',1,'كافة القطاعات في الوزارة، مشروع التحول الرقمي','كافة القطاعات في الوزارة، مشروع التحول الرقمي','MARA 8','المديرية العامة للتخطيط والدراسات ومكتب رؤية عمان 2040','مؤشر يقيس نسبة رضا المستفيدين عن الخدمات المقدمة من الوزارة.','كافة البرامج الإلكترونية/ خدمات المراجعين/ برامج التواصل الاجتماعي','موجبة','موجبة حيث يرتفع المؤشر بارتفاع نسبة رضا المستفيدين عن الخدمات المقدمة من الوزارة.','نسبة','نسبة','2025-10-01','نسبة رضا المواطنين عن الخدمات المقدمة من الوزارة في عام 2020','90','مدى رضاك عن بيئة تقديم خدمات الوزارة\r\nمدى رضاك عن كفاءة وتعامل الموظف عند تقديم الخدمة\r\nمدى رضاك عن إجراءات تقديم الخدمة (الوثائق المطلوبة، الاشتراطات)\r\nمدى رضاك عن الوقت المستغرق للخدمة','•	تطوير الأنظمة الإلكترونية\r\n•	استدامة تشغيل الأنظمة الرقمية.\r\n•	تحسين وتبسيط الإجراءات.\r\n•	برنامج الحوكمة والأداء المؤسسي.',NULL,'monthly','2025',NULL,'2025-10-11 09:46:11','2026-01-05 01:20:09',80,'\"[\\\"1\\\",\\\"2\\\",\\\"3\\\",\\\"4\\\",\\\"5\\\",\\\"6\\\",\\\"7\\\"]\"'),
(11,'نسبة تطبيق توصيات مخرجات دراسة الظواهر الإجتماعية',0,'الوعظ والإرشاد (دائرة الزكاة)','(دائرة الزكاة)','MARA 5','دائرة الزكاة','مؤشر يقيس زيادة مبلغ إيرادات الزكاة','البيانات المتوفرة في برنامج الزكاة والحسابات المصرفية تقارير لجان الزكاة.','موجبة','موجبة حيث يرتفع المؤشر بارتفاع إيرادات الزكاة.','رقم','رقم',NULL,'خط الأساس (العوائد في العام السابق) * نسبة المستهدف للعام الحالي + قيمة العام السابق','1.5% (80,000,000)','-','رفع الوعي المجتمعي بالزكاة، رفع مستوى فاعلية لجان الزكاة.',NULL,'quarterly','2025',NULL,'2025-10-11 09:46:11','2026-01-05 01:20:53',7,'\"[]\"'),
(12,'نسبة إشغال الأصول الوقفية وبيت المال وأموال الأيتام والقصر',0,'الوعظ والإرشاد (دائرة الزكاة)','(دائرة الزكاة)','MARA 5','دائرة الزكاة','مؤشر يقيس زيادة مبلغ إيرادات الزكاة','البيانات المتوفرة في برنامج الزكاة والحسابات المصرفية تقارير لجان الزكاة.','موجبة','موجبة حيث يرتفع المؤشر بارتفاع إيرادات الزكاة.','رقم','رقم',NULL,'خط الأساس (العوائد في العام السابق) * نسبة المستهدف للعام الحالي + قيمة العام السابق','1.5% (80,000,000)','-','رفع الوعي المجتمعي بالزكاة، رفع مستوى فاعلية لجان الزكاة.',NULL,'quarterly','2025',NULL,'2025-10-11 09:46:11','2026-01-05 01:21:26',5,'\"[]\"'),
(13,'مستوسط قيمة المبالغ الموزعة للمستحقين',0,'الوعظ والإرشاد (دائرة الزكاة)','(دائرة الزكاة)','MARA 5','دائرة الزكاة','مؤشر يقيس زيادة مبلغ إيرادات الزكاة','البيانات المتوفرة في برنامج الزكاة والحسابات المصرفية تقارير لجان الزكاة.','موجبة','موجبة حيث يرتفع المؤشر بارتفاع إيرادات الزكاة.','رقم','رقم',NULL,'خط الأساس (العوائد في العام السابق) * نسبة المستهدف للعام الحالي + قيمة العام السابق','1.5% (80,000,000)','-','رفع الوعي المجتمعي بالزكاة، رفع مستوى فاعلية لجان الزكاة.',NULL,'quarterly','2025',NULL,'2025-10-11 09:46:11','2026-01-05 01:21:43',5,'\"[]\"'),
(14,'نسبة المستفيدين من الأنشطة الدينة',0,'الوعظ والإرشاد (دائرة الزكاة)','(دائرة الزكاة)','MARA 5','دائرة الزكاة','مؤشر يقيس زيادة مبلغ إيرادات الزكاة','البيانات المتوفرة في برنامج الزكاة والحسابات المصرفية تقارير لجان الزكاة.','موجبة','موجبة حيث يرتفع المؤشر بارتفاع إيرادات الزكاة.','رقم','رقم',NULL,'خط الأساس (العوائد في العام السابق) * نسبة المستهدف للعام الحالي + قيمة العام السابق','1.5% (80,000,000)','-','رفع الوعي المجتمعي بالزكاة، رفع مستوى فاعلية لجان الزكاة.',NULL,'quarterly','2025',NULL,'2025-10-11 09:46:11','2026-01-05 01:22:07',5,'\"[]\"'),
(15,'نسبة المستفيدين من خدمات الإفتاء',0,'الوعظ والإرشاد (دائرة الزكاة)','(دائرة الزكاة)','MARA 5','دائرة الزكاة','مؤشر يقيس زيادة مبلغ إيرادات الزكاة','البيانات المتوفرة في برنامج الزكاة والحسابات المصرفية تقارير لجان الزكاة.','موجبة','موجبة حيث يرتفع المؤشر بارتفاع إيرادات الزكاة.','رقم','رقم',NULL,'خط الأساس (العوائد في العام السابق) * نسبة المستهدف للعام الحالي + قيمة العام السابق','1.5% (80,000,000)','-','رفع الوعي المجتمعي بالزكاة، رفع مستوى فاعلية لجان الزكاة.',NULL,'quarterly','2025',NULL,'2025-10-11 09:46:11','2026-01-05 01:22:26',5,'\"[]\"'),
(59,'نسبة نمو العائد من الأصول الوقفية وبيت المال وأموال الأيتام والقصر',1,'إدارة واستثمار أموال الأوقاف وبيت المال والأيتام والقصر','لإدارة واستثمار أموال الأيتام والقصر','MARA 3','دائرة أموال الأيتام والقصر','يقيس زيادة مبلغ العوائد من أصول أموال الأيتام والقصر.','البيانات والإحصائيات من دائرة أموال الأيتام والقصر وبرنامج الأوقاف.','موجبة','يرتفع المؤشر بارتفاع نسبة مبلغ العوائد من أصول أموال الأيتام والقصر','رقم','رقم','2025-01-01','خط الأساس (العوائد في العام السابق) *   نسبة المستهدف للعام الحالي + قيمة العام السابق','6598462','-','برنامج استدامة الأصول، إدارة التصرفات والاستثمار، الرقابة والإشراف على الأصول والأموال.',NULL,'quarterly','2026',NULL,'2026-01-05 01:22:51','2026-01-05 01:24:31',6928385,'\"[\\\"1\\\",\\\"2\\\",\\\"3\\\",\\\"4\\\",\\\"5\\\",\\\"6\\\",\\\"7\\\"]\"'),
(60,'نسبة نمو الأصول الجديدة سنويا',1,'الأوقاف والمساجد وأموال الأوقاف ، الزكاة','الأوقاف والمساجد وأموال الأوقاف ، الزكاة','MARA 4','المديرية العامة للأوقاف والأموال وإعمار المساجد ومدارس القرآن الكريم','مؤشر يقيس زيادة نسبة نمو الأصول الوقفية الجديدة سنويا','برنامج الأوقاف، تقارير واحصائيات.','موجبة','موجبة حيث يرتفع المؤشر بزيادة نسبة نمو الأصول الوقفية الجديدة','رقم','رقم','2025-01-01','خط الأساس (العوائد في العام السابق) * نسبة المستهدف للعام الحالي + قيمة العام السابق','1190910','-','1- اسبوع الوقف الخليجي\r\n2- الوقف وعي وعطاء',NULL,'quarterly','2026',NULL,'2026-01-05 01:22:51','2026-01-05 09:59:34',1286183,'\"[\\\"1\\\",\\\"2\\\",\\\"3\\\",\\\"4\\\",\\\"5\\\",\\\"6\\\",\\\"7\\\"]\"'),
(61,'نسبة نمو إيرادات الزكاة سنويا',1,'الوعظ والإرشاد (دائرة الزكاة)','(دائرة الزكاة)','MARA 5','دائرة الزكاة','مؤشر يقيس زيادة مبلغ إيرادات الزكاة','البيانات المتوفرة في برنامج الزكاة والحسابات المصرفية تقارير لجان الزكاة.','موجبة','موجبة حيث يرتفع المؤشر بارتفاع إيرادات الزكاة.','رقم','رقم','2025-01-01','خط الأساس (العوائد في العام السابق) * نسبة المستهدف للعام الحالي + قيمة العام السابق','8614920','-','1-الحملات الاعلامية التوعوية\r\n2- معرض ومؤتمر الزكاة',NULL,'quarterly','2026',NULL,'2026-01-05 01:22:51','2026-01-05 01:26:00',8873368,'\"[\\\"1\\\",\\\"2\\\",\\\"3\\\",\\\"4\\\",\\\"5\\\",\\\"6\\\",\\\"7\\\",\\\"8\\\",\\\"9\\\"]\"'),
(62,'نسبة نمو عدد المستفيدين من الأنشطة الدينية وخدمات الإفتاء',1,'الوعظ والإرشاد، الإفتاء','الوعظ والإرشاد، الإفتاء','MARA 9','المديرية العامة للوعظ والإرشاد ومكتب الإفتاء','مؤشر يقيس زيادة نسبة المستفيدين من الأنشطة الدينية وخدمات الإفتاء','استخراج البيانات من التقارير والإحصائيات من جميع المحافظات/ المديرية العامة للوعظ/ القطاع المعرفي وموقع الإفتاء','موجبة','موجبة حيث يرتفع المؤشر بارتفاع نسبة المستفيدين من الأنشطة الدينية وخدمات الإفتاء','رقم','رقم','2025-01-01','خط الأساس (نسبة النمو السنوي من المستفيدين من الأنشطة الدينية وخدمات الإفتاء في العام السابق) * نسبة المستهدف للعام الحالي + قيمة العام السابق','2083725','-','1- الرسول الأعظم\r\n2- الوعظ الألكتروني\r\n3- جنة\r\n4- مسارات امنه\r\n5- ملتقيات الارشاد\r\n6- ملتقيات السيدة عائشة\r\n7- الندوات الدينية\r\n8- الانماء المهني\r\n9-ملتقى الكوادر الدينية\r\n10- معرض مسقط الدولي للكتب والمعارض الدولية\r\n11- الوعظ الشامل\r\n12- القوافل الوعظية\r\n13- الابحاث العلمية\r\n1- صيفنا مميز\r\n2- المدرسة الفقهية\r\n3- الملتقيات الشتوية\r\n4- الطالب الفقيه\r\n5- فقيهات المستقبل\r\n6- المدرسة النموذجية\r\n7- حصاد مسك\r\n1- معرض نسك\r\n2- بعثة الحج العمانية\r\n1- التواصل والتبادل الثقافي\r\n2- الفتاوي\r\n3- التعريف بالاسلام',NULL,'quarterly','2026',NULL,'2026-01-05 01:22:51','2026-01-05 01:26:34',2187911,'\"[\\\"1\\\",\\\"2\\\",\\\"3\\\",\\\"4\\\",\\\"5\\\",\\\"6\\\",\\\"7\\\"]\"'),
(63,'نسبة نمو عدد المستفيدين من برامج تعزيز قيم التسامح والتعايش والموتلف الإنساني (دولياً)',1,'الوعظ والإرشاد +الافتاء','الوعظ والإرشاد +الافتاء','MARA 11','المديرية العامة للوعظ والإرشاد +الافتاء','موجبة ترتفع بارتفاع نسبة المستفيدين من برامج تعزيز الهوية الوطنية (محليا)','البيانات من برامج المديرية العامة للوعظ والإرشاد +الافتاء','موجبة','موجبة ترتفع بارتفاع نسبة المستفيدين من برامج تعزيز الهوية الوطنية (محليا)','رقم','رقم','2025-01-01','خط الأساس (العوائد في العام السابق) * نسبة المستهدف للعام الحالي + قيمة العام السابق','11576','-','رفع الوعي المجتمعي بالزكاة، رفع مستوى فاعلية لجان الزكاة.',NULL,'quarterly','2026',NULL,'2026-01-05 01:22:51','2026-01-05 01:28:36',12448,'\"[\\\"1\\\",\\\"2\\\",\\\"3\\\",\\\"4\\\",\\\"5\\\",\\\"6\\\",\\\"7\\\"]\"'),
(64,'نسبة نمو عدد المستفيدين من برامج تعزيز الهوية الوطنية (محلياً)',1,'الوعظ والإرشاد +الافتاء','الوعظ والإرشاد +الافتاء','MARA 11','المديرية العامة للوعظ والإرشاد +الافتاء','موجبة ترتفع بارتفاع نسبة المستفيدين من برامج تعزيز الهوية الوطنية (محليا)','البيانات من برامج المديرية العامة للوعظ والإرشاد +الافتاء','موجبة','موجبة ترتفع بارتفاع نسبة المستفيدين من برامج تعزيز الهوية الوطنية (محليا)','رقم','رقم','2025-01-01','خط الأساس (العوائد في العام السابق) * نسبة المستهدف للعام الحالي + قيمة العام السابق','11576','-','رفع الوعي المجتمعي بالزكاة، رفع مستوى فاعلية لجان الزكاة.',NULL,'quarterly','2026',NULL,'2026-01-05 01:22:51','2026-01-05 01:28:54',12155,'\"[\\\"1\\\",\\\"2\\\",\\\"3\\\",\\\"4\\\",\\\"5\\\",\\\"6\\\",\\\"7\\\"]\"'),
(65,'نسبة نمو عدد متعلمي القرآن الكريم',1,'الوعظ والإرشاد، الإفتاء','الوعظ والإرشاد، دائرة القرآن الكريم، فريق عمل تعليم القرآن الكريم الإلكتروني.','MARA 12','المديرية العامة للوعظ والإرشاد','مؤشر يقيس نسبة زيادة عدد متعلمي القرآن الكريم','استخراج البيانات عن طريق نظام تعليم القران الكريم','موجبة','موجبة حيث يرتفع المؤشر بزيادة نسبة متعلمي القرآن الكريم','نسبة','نسبة','2025-01-01','خط الأساس (العوائد في العام السابق) * نسبة المستهدف للعام الحالي + قيمة العام السابق','20556','-','•	مسابقات القرآن الكريم\r\n•	الإجازة القرآنية \r\n•	الكتاتيب القرآنية\r\n•	تعليم القرآن الكريم عن بُعد',NULL,'quarterly','2026',NULL,'2026-01-05 01:22:51','2026-01-05 01:29:16',22200,'\"[\\\"1\\\",\\\"2\\\",\\\"3\\\",\\\"4\\\",\\\"5\\\",\\\"6\\\",\\\"7\\\"]\"'),
(66,'نسبة نمو عدد الجوامع والمساجد ومدارس القرآن الكريم التي تغطي مصاريف خدماتها الأساسية والصيانة والتنظيف',1,'الأوقاف والمساجد وأموال الأوقاف، الزكاة','الأوقاف والمساجد ومدراس القرآن.','MARA 6','المديرية العامة للأوقاف والأموال وإعمار المساجد ومدارس القرآن الكريم','مؤشر يقيس عدد الجوامع والمساجد ومدارس القرآن الكريم المعتمدة على الأوقاف الخاصة بها أو العامة لتغطية المصاريف الرئيسية (الصيانة والتنظيف)','برنامج الأوقاف – برنامج المساجد - البيانات المتوفرة في دائرة المساجد والمدراس.\r\nمعادلة تصنيف المساجد التي تغطي مصاريف الخدمات: عوائد المسجد أكثر من 300 ريال \r\nمعادلة تصنيف الجوامع التي تغطي مصارف الخدمات: عوائد الجامع أكثر من 1000 ريال \r\nمعادلة تصنيف مدارس القرآن الكريم مصاريف الخدمات: عوائد المدارس أكثر 300 ريال','موجبة','موجبة حيث يرتفع المؤشر بارتفاع عدد الجوامع والمدارس التي تملك أوقاف ولها عوائد مالية.','عدد - نسبة','عدد','2022-01-01','خط الأساس (الجوامع والمساجد ومدارس القران الكريم التي تغطي مصاريف الخدمات الاساسية والصيانة والتنظيف في العام السابق) *   نسبة المستهدف للعام الحالي + قيمة العام السابق','358','-','•	ورش تدريبية توعوية \r\n•	رصد بيانات المساجد التي تغطي المصاريف\r\n•	مشروع الأوقاف المشتركة لتشغيل المساجد  .\r\n•	دراسة الجدوى الاقتصادية لأوقاف المساجد (لبناء المحلات التجارية في الجوامع التي تقع في المناطق السكنية).',NULL,'quarterly','2026',NULL,'2026-01-05 01:22:51','2026-01-05 01:29:32',411,'\"[\\\"1\\\",\\\"2\\\",\\\"3\\\",\\\"4\\\",\\\"5\\\",\\\"6\\\",\\\"7\\\",\\\"8\\\",\\\"9\\\",\\\"10\\\",\\\"11\\\",\\\"12\\\",\\\"13\\\"]\"'),
(67,'نسبة الخدمات المرقمنة من إجمالي الخدمات المقدمة',1,'الوعظ والإرشاد (دائرة الزكاة)','(دائرة الزكاة)','MARA 5','دائرة الزكاة','مؤشر يقيس زيادة مبلغ إيرادات الزكاة','البيانات المتوفرة في برنامج الزكاة والحسابات المصرفية تقارير لجان الزكاة.','موجبة','موجبة حيث يرتفع المؤشر بارتفاع إيرادات الزكاة.','رقم','رقم',NULL,'خط الأساس (العوائد في العام السابق) * نسبة المستهدف للعام الحالي + قيمة العام السابق','90','-','رفع الوعي المجتمعي بالزكاة، رفع مستوى فاعلية لجان الزكاة.',NULL,'annually','2026',NULL,'2026-01-05 01:22:51','2026-01-05 01:29:52',92,'\"[]\"'),
(68,'نسبة رضا المستفيدين عن الخدمات المقدمة من الوزارة',1,'كافة القطاعات في الوزارة، مشروع التحول الرقمي','كافة القطاعات في الوزارة، مشروع التحول الرقمي','MARA 8','المديرية العامة للتخطيط والدراسات ومكتب رؤية عمان 2040','مؤشر يقيس نسبة رضا المستفيدين عن الخدمات المقدمة من الوزارة.','كافة البرامج الإلكترونية/ خدمات المراجعين/ برامج التواصل الاجتماعي','موجبة','موجبة حيث يرتفع المؤشر بارتفاع نسبة رضا المستفيدين عن الخدمات المقدمة من الوزارة.','نسبة','نسبة','2025-10-01','نسبة رضا المواطنين عن الخدمات المقدمة من الوزارة في عام 2020','90','مدى رضاك عن بيئة تقديم خدمات الوزارة\r\nمدى رضاك عن كفاءة وتعامل الموظف عند تقديم الخدمة\r\nمدى رضاك عن إجراءات تقديم الخدمة (الوثائق المطلوبة، الاشتراطات)\r\nمدى رضاك عن الوقت المستغرق للخدمة','•	تطوير الأنظمة الإلكترونية\r\n•	استدامة تشغيل الأنظمة الرقمية.\r\n•	تحسين وتبسيط الإجراءات.\r\n•	برنامج الحوكمة والأداء المؤسسي.',NULL,'monthly','2026',NULL,'2026-01-05 01:22:51','2026-01-05 01:30:07',82,'\"[\\\"1\\\",\\\"2\\\",\\\"3\\\",\\\"4\\\",\\\"5\\\",\\\"6\\\",\\\"7\\\"]\"'),
(69,'نسبة تطبيق توصيات مخرجات دراسة الظواهر الإجتماعية',0,'الوعظ والإرشاد (دائرة الزكاة)','(دائرة الزكاة)','MARA 5','دائرة الزكاة','مؤشر يقيس زيادة مبلغ إيرادات الزكاة','البيانات المتوفرة في برنامج الزكاة والحسابات المصرفية تقارير لجان الزكاة.','موجبة','موجبة حيث يرتفع المؤشر بارتفاع إيرادات الزكاة.','رقم','رقم',NULL,'خط الأساس (العوائد في العام السابق) * نسبة المستهدف للعام الحالي + قيمة العام السابق','1.5% (80,000,000)','-','رفع الوعي المجتمعي بالزكاة، رفع مستوى فاعلية لجان الزكاة.',NULL,'quarterly','2026',NULL,'2026-01-05 01:22:51','2026-01-05 01:22:51',7,'\"[]\"'),
(70,'نسبة إشغال الأصول الوقفية وبيت المال وأموال الأيتام والقصر',0,'الوعظ والإرشاد (دائرة الزكاة)','(دائرة الزكاة)','MARA 5','دائرة الزكاة','مؤشر يقيس زيادة مبلغ إيرادات الزكاة','البيانات المتوفرة في برنامج الزكاة والحسابات المصرفية تقارير لجان الزكاة.','موجبة','موجبة حيث يرتفع المؤشر بارتفاع إيرادات الزكاة.','رقم','رقم',NULL,'خط الأساس (العوائد في العام السابق) * نسبة المستهدف للعام الحالي + قيمة العام السابق','1.5% (80,000,000)','-','رفع الوعي المجتمعي بالزكاة، رفع مستوى فاعلية لجان الزكاة.',NULL,'quarterly','2026',NULL,'2026-01-05 01:22:51','2026-01-05 01:22:51',5,'\"[]\"'),
(71,'مستوسط قيمة المبالغ الموزعة للمستحقين',0,'الوعظ والإرشاد (دائرة الزكاة)','(دائرة الزكاة)','MARA 5','دائرة الزكاة','مؤشر يقيس زيادة مبلغ إيرادات الزكاة','البيانات المتوفرة في برنامج الزكاة والحسابات المصرفية تقارير لجان الزكاة.','موجبة','موجبة حيث يرتفع المؤشر بارتفاع إيرادات الزكاة.','رقم','رقم',NULL,'خط الأساس (العوائد في العام السابق) * نسبة المستهدف للعام الحالي + قيمة العام السابق','1.5% (80,000,000)','-','رفع الوعي المجتمعي بالزكاة، رفع مستوى فاعلية لجان الزكاة.',NULL,'quarterly','2026',NULL,'2026-01-05 01:22:51','2026-01-05 01:22:51',5,'\"[]\"'),
(72,'نسبة المستفيدين من الأنشطة الدينة',0,'الوعظ والإرشاد (دائرة الزكاة)','(دائرة الزكاة)','MARA 5','دائرة الزكاة','مؤشر يقيس زيادة مبلغ إيرادات الزكاة','البيانات المتوفرة في برنامج الزكاة والحسابات المصرفية تقارير لجان الزكاة.','موجبة','موجبة حيث يرتفع المؤشر بارتفاع إيرادات الزكاة.','رقم','رقم',NULL,'خط الأساس (العوائد في العام السابق) * نسبة المستهدف للعام الحالي + قيمة العام السابق','1.5% (80,000,000)','-','رفع الوعي المجتمعي بالزكاة، رفع مستوى فاعلية لجان الزكاة.',NULL,'quarterly','2026',NULL,'2026-01-05 01:22:51','2026-01-05 01:22:51',5,'\"[]\"'),
(73,'نسبة المستفيدين من خدمات الإفتاء',0,'الوعظ والإرشاد (دائرة الزكاة)','(دائرة الزكاة)','MARA 5','دائرة الزكاة','مؤشر يقيس زيادة مبلغ إيرادات الزكاة','البيانات المتوفرة في برنامج الزكاة والحسابات المصرفية تقارير لجان الزكاة.','موجبة','موجبة حيث يرتفع المؤشر بارتفاع إيرادات الزكاة.','رقم','رقم',NULL,'خط الأساس (العوائد في العام السابق) * نسبة المستهدف للعام الحالي + قيمة العام السابق','1.5% (80,000,000)','-','رفع الوعي المجتمعي بالزكاة، رفع مستوى فاعلية لجان الزكاة.',NULL,'quarterly','2026',NULL,'2026-01-05 01:22:51','2026-01-05 01:22:51',5,'\"[]\"');
/*!40000 ALTER TABLE `indicators` ENABLE KEYS */;
UNLOCK TABLES;
commit;

--
-- Table structure for table `job_batches`
--

DROP TABLE IF EXISTS `job_batches`;
/*!40101 SET @saved_cs_client     = @@character_set_client */;
/*!40101 SET character_set_client = utf8mb4 */;
CREATE TABLE `job_batches` (
  `id` varchar(255) NOT NULL,
  `name` varchar(255) NOT NULL,
  `total_jobs` int(11) NOT NULL,
  `pending_jobs` int(11) NOT NULL,
  `failed_jobs` int(11) NOT NULL,
  `failed_job_ids` longtext NOT NULL,
  `options` mediumtext DEFAULT NULL,
  `cancelled_at` int(11) DEFAULT NULL,
  `created_at` int(11) NOT NULL,
  `finished_at` int(11) DEFAULT NULL,
  PRIMARY KEY (`id`)
) ENGINE=InnoDB DEFAULT CHARSET=utf8mb4 COLLATE=utf8mb4_unicode_ci;
/*!40101 SET character_set_client = @saved_cs_client */;

--
-- Dumping data for table `job_batches`
--

LOCK TABLES `job_batches` WRITE;
/*!40000 ALTER TABLE `job_batches` DISABLE KEYS */;
set autocommit=0;
/*!40000 ALTER TABLE `job_batches` ENABLE KEYS */;
UNLOCK TABLES;
commit;

--
-- Table structure for table `jobs`
--

DROP TABLE IF EXISTS `jobs`;
/*!40101 SET @saved_cs_client     = @@character_set_client */;
/*!40101 SET character_set_client = utf8mb4 */;
CREATE TABLE `jobs` (
  `id` bigint(20) unsigned NOT NULL AUTO_INCREMENT,
  `queue` varchar(255) NOT NULL,
  `payload` longtext NOT NULL,
  `attempts` tinyint(3) unsigned NOT NULL,
  `reserved_at` int(10) unsigned DEFAULT NULL,
  `available_at` int(10) unsigned NOT NULL,
  `created_at` int(10) unsigned NOT NULL,
  PRIMARY KEY (`id`),
  KEY `jobs_queue_index` (`queue`)
) ENGINE=InnoDB AUTO_INCREMENT=13 DEFAULT CHARSET=utf8mb4 COLLATE=utf8mb4_unicode_ci;
/*!40101 SET character_set_client = @saved_cs_client */;

--
-- Dumping data for table `jobs`
--

LOCK TABLES `jobs` WRITE;
/*!40000 ALTER TABLE `jobs` DISABLE KEYS */;
set autocommit=0;
INSERT INTO `jobs` VALUES
(1,'default','{\"uuid\":\"da247c15-3d5f-4766-952c-c3674eebcdc8\",\"displayName\":\"App\\\\Notifications\\\\WorkflowStepNotification\",\"job\":\"Illuminate\\\\Queue\\\\CallQueuedHandler@call\",\"maxTries\":null,\"maxExceptions\":null,\"failOnTimeout\":false,\"backoff\":null,\"timeout\":null,\"retryUntil\":null,\"data\":{\"commandName\":\"Illuminate\\\\Notifications\\\\SendQueuedNotifications\",\"command\":\"O:48:\\\"Illuminate\\\\Notifications\\\\SendQueuedNotifications\\\":3:{s:11:\\\"notifiables\\\";O:45:\\\"Illuminate\\\\Contracts\\\\Database\\\\ModelIdentifier\\\":5:{s:5:\\\"class\\\";s:15:\\\"App\\\\Models\\\\User\\\";s:2:\\\"id\\\";a:1:{i:0;i:3;}s:9:\\\"relations\\\";a:0:{}s:10:\\\"connection\\\";s:5:\\\"mysql\\\";s:15:\\\"collectionClass\\\";N;}s:12:\\\"notification\\\";O:42:\\\"App\\\\Notifications\\\\WorkflowStepNotification\\\":5:{s:8:\\\"\\u0000*\\u0000model\\\";O:45:\\\"Illuminate\\\\Contracts\\\\Database\\\\ModelIdentifier\\\":5:{s:5:\\\"class\\\";s:19:\\\"App\\\\Models\\\\Activity\\\";s:2:\\\"id\\\";i:35;s:9:\\\"relations\\\";a:2:{i:0;s:16:\\\"workflowInstance\\\";i:1;s:25:\\\"workflowInstance.workflow\\\";}s:10:\\\"connection\\\";s:5:\\\"mysql\\\";s:15:\\\"collectionClass\\\";N;}s:9:\\\"\\u0000*\\u0000action\\\";s:9:\\\"submitted\\\";s:10:\\\"\\u0000*\\u0000message\\\";s:53:\\\"تم إرسال خطوة جديدة إلى فريقك\\\";s:8:\\\"\\u0000*\\u0000actor\\\";O:45:\\\"Illuminate\\\\Contracts\\\\Database\\\\ModelIdentifier\\\":5:{s:5:\\\"class\\\";s:15:\\\"App\\\\Models\\\\User\\\";s:2:\\\"id\\\";i:1;s:9:\\\"relations\\\";a:0:{}s:10:\\\"connection\\\";s:5:\\\"mysql\\\";s:15:\\\"collectionClass\\\";N;}s:2:\\\"id\\\";s:36:\\\"ea0d39fa-5e26-4681-beff-159591243b0c\\\";}s:8:\\\"channels\\\";a:1:{i:0;s:8:\\\"database\\\";}}\"}}',0,NULL,1768937305,1768937305),
(2,'default','{\"uuid\":\"cfdfdce5-4949-43b0-8e70-887785e36161\",\"displayName\":\"App\\\\Notifications\\\\WorkflowStepNotification\",\"job\":\"Illuminate\\\\Queue\\\\CallQueuedHandler@call\",\"maxTries\":null,\"maxExceptions\":null,\"failOnTimeout\":false,\"backoff\":null,\"timeout\":null,\"retryUntil\":null,\"data\":{\"commandName\":\"Illuminate\\\\Notifications\\\\SendQueuedNotifications\",\"command\":\"O:48:\\\"Illuminate\\\\Notifications\\\\SendQueuedNotifications\\\":3:{s:11:\\\"notifiables\\\";O:45:\\\"Illuminate\\\\Contracts\\\\Database\\\\ModelIdentifier\\\":5:{s:5:\\\"class\\\";s:15:\\\"App\\\\Models\\\\User\\\";s:2:\\\"id\\\";a:1:{i:0;i:7;}s:9:\\\"relations\\\";a:0:{}s:10:\\\"connection\\\";s:5:\\\"mysql\\\";s:15:\\\"collectionClass\\\";N;}s:12:\\\"notification\\\";O:42:\\\"App\\\\Notifications\\\\WorkflowStepNotification\\\":5:{s:8:\\\"\\u0000*\\u0000model\\\";O:45:\\\"Illuminate\\\\Contracts\\\\Database\\\\ModelIdentifier\\\":5:{s:5:\\\"class\\\";s:19:\\\"App\\\\Models\\\\Activity\\\";s:2:\\\"id\\\";i:35;s:9:\\\"relations\\\";a:2:{i:0;s:16:\\\"workflowInstance\\\";i:1;s:25:\\\"workflowInstance.workflow\\\";}s:10:\\\"connection\\\";s:5:\\\"mysql\\\";s:15:\\\"collectionClass\\\";N;}s:9:\\\"\\u0000*\\u0000action\\\";s:9:\\\"submitted\\\";s:10:\\\"\\u0000*\\u0000message\\\";s:53:\\\"تم إرسال خطوة جديدة إلى فريقك\\\";s:8:\\\"\\u0000*\\u0000actor\\\";O:45:\\\"Illuminate\\\\Contracts\\\\Database\\\\ModelIdentifier\\\":5:{s:5:\\\"class\\\";s:15:\\\"App\\\\Models\\\\User\\\";s:2:\\\"id\\\";i:1;s:9:\\\"relations\\\";a:0:{}s:10:\\\"connection\\\";s:5:\\\"mysql\\\";s:15:\\\"collectionClass\\\";N;}s:2:\\\"id\\\";s:36:\\\"966ca4ed-e0f7-4055-a782-d3d2b656bf96\\\";}s:8:\\\"channels\\\";a:1:{i:0;s:8:\\\"database\\\";}}\"}}',0,NULL,1768937305,1768937305),
(3,'default','{\"uuid\":\"aa85dc03-ab6b-4c16-a6fc-31268e725720\",\"displayName\":\"App\\\\Notifications\\\\WorkflowStepNotification\",\"job\":\"Illuminate\\\\Queue\\\\CallQueuedHandler@call\",\"maxTries\":null,\"maxExceptions\":null,\"failOnTimeout\":false,\"backoff\":null,\"timeout\":null,\"retryUntil\":null,\"data\":{\"commandName\":\"Illuminate\\\\Notifications\\\\SendQueuedNotifications\",\"command\":\"O:48:\\\"Illuminate\\\\Notifications\\\\SendQueuedNotifications\\\":3:{s:11:\\\"notifiables\\\";O:45:\\\"Illuminate\\\\Contracts\\\\Database\\\\ModelIdentifier\\\":5:{s:5:\\\"class\\\";s:15:\\\"App\\\\Models\\\\User\\\";s:2:\\\"id\\\";a:1:{i:0;i:9;}s:9:\\\"relations\\\";a:0:{}s:10:\\\"connection\\\";s:5:\\\"mysql\\\";s:15:\\\"collectionClass\\\";N;}s:12:\\\"notification\\\";O:42:\\\"App\\\\Notifications\\\\WorkflowStepNotification\\\":5:{s:8:\\\"\\u0000*\\u0000model\\\";O:45:\\\"Illuminate\\\\Contracts\\\\Database\\\\ModelIdentifier\\\":5:{s:5:\\\"class\\\";s:19:\\\"App\\\\Models\\\\Activity\\\";s:2:\\\"id\\\";i:35;s:9:\\\"relations\\\";a:2:{i:0;s:16:\\\"workflowInstance\\\";i:1;s:25:\\\"workflowInstance.workflow\\\";}s:10:\\\"connection\\\";s:5:\\\"mysql\\\";s:15:\\\"collectionClass\\\";N;}s:9:\\\"\\u0000*\\u0000action\\\";s:9:\\\"submitted\\\";s:10:\\\"\\u0000*\\u0000message\\\";s:53:\\\"تم إرسال خطوة جديدة إلى فريقك\\\";s:8:\\\"\\u0000*\\u0000actor\\\";O:45:\\\"Illuminate\\\\Contracts\\\\Database\\\\ModelIdentifier\\\":5:{s:5:\\\"class\\\";s:15:\\\"App\\\\Models\\\\User\\\";s:2:\\\"id\\\";i:1;s:9:\\\"relations\\\";a:0:{}s:10:\\\"connection\\\";s:5:\\\"mysql\\\";s:15:\\\"collectionClass\\\";N;}s:2:\\\"id\\\";s:36:\\\"672b7175-4849-42b3-8183-b0cf7da03cdc\\\";}s:8:\\\"channels\\\";a:1:{i:0;s:8:\\\"database\\\";}}\"}}',0,NULL,1768937305,1768937305),
(4,'default','{\"uuid\":\"0cf9cd80-5fd0-4fad-abfa-c39b27165f40\",\"displayName\":\"App\\\\Notifications\\\\WorkflowStepNotification\",\"job\":\"Illuminate\\\\Queue\\\\CallQueuedHandler@call\",\"maxTries\":null,\"maxExceptions\":null,\"failOnTimeout\":false,\"backoff\":null,\"timeout\":null,\"retryUntil\":null,\"data\":{\"commandName\":\"Illuminate\\\\Notifications\\\\SendQueuedNotifications\",\"command\":\"O:48:\\\"Illuminate\\\\Notifications\\\\SendQueuedNotifications\\\":3:{s:11:\\\"notifiables\\\";O:45:\\\"Illuminate\\\\Contracts\\\\Database\\\\ModelIdentifier\\\":5:{s:5:\\\"class\\\";s:15:\\\"App\\\\Models\\\\User\\\";s:2:\\\"id\\\";a:1:{i:0;i:8;}s:9:\\\"relations\\\";a:0:{}s:10:\\\"connection\\\";s:5:\\\"mysql\\\";s:15:\\\"collectionClass\\\";N;}s:12:\\\"notification\\\";O:42:\\\"App\\\\Notifications\\\\WorkflowStepNotification\\\":5:{s:8:\\\"\\u0000*\\u0000model\\\";O:45:\\\"Illuminate\\\\Contracts\\\\Database\\\\ModelIdentifier\\\":5:{s:5:\\\"class\\\";s:19:\\\"App\\\\Models\\\\Activity\\\";s:2:\\\"id\\\";i:35;s:9:\\\"relations\\\";a:2:{i:0;s:16:\\\"workflowInstance\\\";i:1;s:25:\\\"workflowInstance.workflow\\\";}s:10:\\\"connection\\\";s:5:\\\"mysql\\\";s:15:\\\"collectionClass\\\";N;}s:9:\\\"\\u0000*\\u0000action\\\";s:9:\\\"submitted\\\";s:10:\\\"\\u0000*\\u0000message\\\";s:53:\\\"تم إرسال خطوة جديدة إلى فريقك\\\";s:8:\\\"\\u0000*\\u0000actor\\\";O:45:\\\"Illuminate\\\\Contracts\\\\Database\\\\ModelIdentifier\\\":5:{s:5:\\\"class\\\";s:15:\\\"App\\\\Models\\\\User\\\";s:2:\\\"id\\\";i:1;s:9:\\\"relations\\\";a:0:{}s:10:\\\"connection\\\";s:5:\\\"mysql\\\";s:15:\\\"collectionClass\\\";N;}s:2:\\\"id\\\";s:36:\\\"11de3fc4-6ad3-4e8c-ae44-1b0d641301b1\\\";}s:8:\\\"channels\\\";a:1:{i:0;s:8:\\\"database\\\";}}\"}}',0,NULL,1768937305,1768937305),
(5,'default','{\"uuid\":\"86263646-706a-433b-baf7-180e465a4ca7\",\"displayName\":\"App\\\\Notifications\\\\WorkflowStepNotification\",\"job\":\"Illuminate\\\\Queue\\\\CallQueuedHandler@call\",\"maxTries\":null,\"maxExceptions\":null,\"failOnTimeout\":false,\"backoff\":null,\"timeout\":null,\"retryUntil\":null,\"data\":{\"commandName\":\"Illuminate\\\\Notifications\\\\SendQueuedNotifications\",\"command\":\"O:48:\\\"Illuminate\\\\Notifications\\\\SendQueuedNotifications\\\":3:{s:11:\\\"notifiables\\\";O:45:\\\"Illuminate\\\\Contracts\\\\Database\\\\ModelIdentifier\\\":5:{s:5:\\\"class\\\";s:15:\\\"App\\\\Models\\\\User\\\";s:2:\\\"id\\\";a:1:{i:0;i:10;}s:9:\\\"relations\\\";a:0:{}s:10:\\\"connection\\\";s:5:\\\"mysql\\\";s:15:\\\"collectionClass\\\";N;}s:12:\\\"notification\\\";O:42:\\\"App\\\\Notifications\\\\WorkflowStepNotification\\\":5:{s:8:\\\"\\u0000*\\u0000model\\\";O:45:\\\"Illuminate\\\\Contracts\\\\Database\\\\ModelIdentifier\\\":5:{s:5:\\\"class\\\";s:19:\\\"App\\\\Models\\\\Activity\\\";s:2:\\\"id\\\";i:35;s:9:\\\"relations\\\";a:2:{i:0;s:16:\\\"workflowInstance\\\";i:1;s:25:\\\"workflowInstance.workflow\\\";}s:10:\\\"connection\\\";s:5:\\\"mysql\\\";s:15:\\\"collectionClass\\\";N;}s:9:\\\"\\u0000*\\u0000action\\\";s:9:\\\"submitted\\\";s:10:\\\"\\u0000*\\u0000message\\\";s:53:\\\"تم إرسال خطوة جديدة إلى فريقك\\\";s:8:\\\"\\u0000*\\u0000actor\\\";O:45:\\\"Illuminate\\\\Contracts\\\\Database\\\\ModelIdentifier\\\":5:{s:5:\\\"class\\\";s:15:\\\"App\\\\Models\\\\User\\\";s:2:\\\"id\\\";i:1;s:9:\\\"relations\\\";a:0:{}s:10:\\\"connection\\\";s:5:\\\"mysql\\\";s:15:\\\"collectionClass\\\";N;}s:2:\\\"id\\\";s:36:\\\"1a355dca-5278-4221-a554-d1ad1f6d47c9\\\";}s:8:\\\"channels\\\";a:1:{i:0;s:8:\\\"database\\\";}}\"}}',0,NULL,1768937305,1768937305),
(6,'default','{\"uuid\":\"6a32b965-911b-4bc0-b918-8ce8cc514401\",\"displayName\":\"App\\\\Notifications\\\\WorkflowStepNotification\",\"job\":\"Illuminate\\\\Queue\\\\CallQueuedHandler@call\",\"maxTries\":null,\"maxExceptions\":null,\"failOnTimeout\":false,\"backoff\":null,\"timeout\":null,\"retryUntil\":null,\"data\":{\"commandName\":\"Illuminate\\\\Notifications\\\\SendQueuedNotifications\",\"command\":\"O:48:\\\"Illuminate\\\\Notifications\\\\SendQueuedNotifications\\\":3:{s:11:\\\"notifiables\\\";O:45:\\\"Illuminate\\\\Contracts\\\\Database\\\\ModelIdentifier\\\":5:{s:5:\\\"class\\\";s:15:\\\"App\\\\Models\\\\User\\\";s:2:\\\"id\\\";a:1:{i:0;i:4;}s:9:\\\"relations\\\";a:0:{}s:10:\\\"connection\\\";s:5:\\\"mysql\\\";s:15:\\\"collectionClass\\\";N;}s:12:\\\"notification\\\";O:42:\\\"App\\\\Notifications\\\\WorkflowStepNotification\\\":5:{s:8:\\\"\\u0000*\\u0000model\\\";O:45:\\\"Illuminate\\\\Contracts\\\\Database\\\\ModelIdentifier\\\":5:{s:5:\\\"class\\\";s:19:\\\"App\\\\Models\\\\Activity\\\";s:2:\\\"id\\\";i:35;s:9:\\\"relations\\\";a:2:{i:0;s:16:\\\"workflowInstance\\\";i:1;s:25:\\\"workflowInstance.workflow\\\";}s:10:\\\"connection\\\";s:5:\\\"mysql\\\";s:15:\\\"collectionClass\\\";N;}s:9:\\\"\\u0000*\\u0000action\\\";s:9:\\\"submitted\\\";s:10:\\\"\\u0000*\\u0000message\\\";s:53:\\\"تم إرسال خطوة جديدة إلى فريقك\\\";s:8:\\\"\\u0000*\\u0000actor\\\";O:45:\\\"Illuminate\\\\Contracts\\\\Database\\\\ModelIdentifier\\\":5:{s:5:\\\"class\\\";s:15:\\\"App\\\\Models\\\\User\\\";s:2:\\\"id\\\";i:1;s:9:\\\"relations\\\";a:0:{}s:10:\\\"connection\\\";s:5:\\\"mysql\\\";s:15:\\\"collectionClass\\\";N;}s:2:\\\"id\\\";s:36:\\\"5c8228c9-b2ae-4e90-be0e-35d54db2e7d8\\\";}s:8:\\\"channels\\\";a:1:{i:0;s:8:\\\"database\\\";}}\"}}',0,NULL,1768937305,1768937305),
(7,'default','{\"uuid\":\"e7f8eccf-27c9-4a16-902d-d4833a7a09ce\",\"displayName\":\"App\\\\Notifications\\\\WorkflowStepNotification\",\"job\":\"Illuminate\\\\Queue\\\\CallQueuedHandler@call\",\"maxTries\":null,\"maxExceptions\":null,\"failOnTimeout\":false,\"backoff\":null,\"timeout\":null,\"retryUntil\":null,\"data\":{\"commandName\":\"Illuminate\\\\Notifications\\\\SendQueuedNotifications\",\"command\":\"O:48:\\\"Illuminate\\\\Notifications\\\\SendQueuedNotifications\\\":3:{s:11:\\\"notifiables\\\";O:45:\\\"Illuminate\\\\Contracts\\\\Database\\\\ModelIdentifier\\\":5:{s:5:\\\"class\\\";s:15:\\\"App\\\\Models\\\\User\\\";s:2:\\\"id\\\";a:1:{i:0;i:5;}s:9:\\\"relations\\\";a:0:{}s:10:\\\"connection\\\";s:5:\\\"mysql\\\";s:15:\\\"collectionClass\\\";N;}s:12:\\\"notification\\\";O:42:\\\"App\\\\Notifications\\\\WorkflowStepNotification\\\":5:{s:8:\\\"\\u0000*\\u0000model\\\";O:45:\\\"Illuminate\\\\Contracts\\\\Database\\\\ModelIdentifier\\\":5:{s:5:\\\"class\\\";s:19:\\\"App\\\\Models\\\\Activity\\\";s:2:\\\"id\\\";i:35;s:9:\\\"relations\\\";a:2:{i:0;s:16:\\\"workflowInstance\\\";i:1;s:25:\\\"workflowInstance.workflow\\\";}s:10:\\\"connection\\\";s:5:\\\"mysql\\\";s:15:\\\"collectionClass\\\";N;}s:9:\\\"\\u0000*\\u0000action\\\";s:9:\\\"submitted\\\";s:10:\\\"\\u0000*\\u0000message\\\";s:53:\\\"تم إرسال خطوة جديدة إلى فريقك\\\";s:8:\\\"\\u0000*\\u0000actor\\\";O:45:\\\"Illuminate\\\\Contracts\\\\Database\\\\ModelIdentifier\\\":5:{s:5:\\\"class\\\";s:15:\\\"App\\\\Models\\\\User\\\";s:2:\\\"id\\\";i:1;s:9:\\\"relations\\\";a:0:{}s:10:\\\"connection\\\";s:5:\\\"mysql\\\";s:15:\\\"collectionClass\\\";N;}s:2:\\\"id\\\";s:36:\\\"c50b174e-d26a-41bc-9753-c118575fc8b8\\\";}s:8:\\\"channels\\\";a:1:{i:0;s:8:\\\"database\\\";}}\"}}',0,NULL,1768937305,1768937305),
(8,'default','{\"uuid\":\"e66103ab-55c0-4843-9593-4f6ad4600325\",\"displayName\":\"App\\\\Notifications\\\\WorkflowStepNotification\",\"job\":\"Illuminate\\\\Queue\\\\CallQueuedHandler@call\",\"maxTries\":null,\"maxExceptions\":null,\"failOnTimeout\":false,\"backoff\":null,\"timeout\":null,\"retryUntil\":null,\"data\":{\"commandName\":\"Illuminate\\\\Notifications\\\\SendQueuedNotifications\",\"command\":\"O:48:\\\"Illuminate\\\\Notifications\\\\SendQueuedNotifications\\\":3:{s:11:\\\"notifiables\\\";O:45:\\\"Illuminate\\\\Contracts\\\\Database\\\\ModelIdentifier\\\":5:{s:5:\\\"class\\\";s:15:\\\"App\\\\Models\\\\User\\\";s:2:\\\"id\\\";a:1:{i:0;i:2;}s:9:\\\"relations\\\";a:0:{}s:10:\\\"connection\\\";s:5:\\\"mysql\\\";s:15:\\\"collectionClass\\\";N;}s:12:\\\"notification\\\";O:42:\\\"App\\\\Notifications\\\\WorkflowStepNotification\\\":5:{s:8:\\\"\\u0000*\\u0000model\\\";O:45:\\\"Illuminate\\\\Contracts\\\\Database\\\\ModelIdentifier\\\":5:{s:5:\\\"class\\\";s:19:\\\"App\\\\Models\\\\Activity\\\";s:2:\\\"id\\\";i:35;s:9:\\\"relations\\\";a:2:{i:0;s:16:\\\"workflowInstance\\\";i:1;s:25:\\\"workflowInstance.workflow\\\";}s:10:\\\"connection\\\";s:5:\\\"mysql\\\";s:15:\\\"collectionClass\\\";N;}s:9:\\\"\\u0000*\\u0000action\\\";s:9:\\\"submitted\\\";s:10:\\\"\\u0000*\\u0000message\\\";s:53:\\\"تم إرسال خطوة جديدة إلى فريقك\\\";s:8:\\\"\\u0000*\\u0000actor\\\";O:45:\\\"Illuminate\\\\Contracts\\\\Database\\\\ModelIdentifier\\\":5:{s:5:\\\"class\\\";s:15:\\\"App\\\\Models\\\\User\\\";s:2:\\\"id\\\";i:1;s:9:\\\"relations\\\";a:0:{}s:10:\\\"connection\\\";s:5:\\\"mysql\\\";s:15:\\\"collectionClass\\\";N;}s:2:\\\"id\\\";s:36:\\\"23a28064-6742-4cb4-8baf-a242108e98d4\\\";}s:8:\\\"channels\\\";a:1:{i:0;s:8:\\\"database\\\";}}\"}}',0,NULL,1768937305,1768937305),
(9,'default','{\"uuid\":\"cddc7669-f972-434e-886e-17376372a2d4\",\"displayName\":\"App\\\\Notifications\\\\WorkflowStepNotification\",\"job\":\"Illuminate\\\\Queue\\\\CallQueuedHandler@call\",\"maxTries\":null,\"maxExceptions\":null,\"failOnTimeout\":false,\"backoff\":null,\"timeout\":null,\"retryUntil\":null,\"data\":{\"commandName\":\"Illuminate\\\\Notifications\\\\SendQueuedNotifications\",\"command\":\"O:48:\\\"Illuminate\\\\Notifications\\\\SendQueuedNotifications\\\":3:{s:11:\\\"notifiables\\\";O:45:\\\"Illuminate\\\\Contracts\\\\Database\\\\ModelIdentifier\\\":5:{s:5:\\\"class\\\";s:15:\\\"App\\\\Models\\\\User\\\";s:2:\\\"id\\\";a:1:{i:0;i:6;}s:9:\\\"relations\\\";a:0:{}s:10:\\\"connection\\\";s:5:\\\"mysql\\\";s:15:\\\"collectionClass\\\";N;}s:12:\\\"notification\\\";O:42:\\\"App\\\\Notifications\\\\WorkflowStepNotification\\\":5:{s:8:\\\"\\u0000*\\u0000model\\\";O:45:\\\"Illuminate\\\\Contracts\\\\Database\\\\ModelIdentifier\\\":5:{s:5:\\\"class\\\";s:19:\\\"App\\\\Models\\\\Activity\\\";s:2:\\\"id\\\";i:35;s:9:\\\"relations\\\";a:2:{i:0;s:16:\\\"workflowInstance\\\";i:1;s:25:\\\"workflowInstance.workflow\\\";}s:10:\\\"connection\\\";s:5:\\\"mysql\\\";s:15:\\\"collectionClass\\\";N;}s:9:\\\"\\u0000*\\u0000action\\\";s:9:\\\"submitted\\\";s:10:\\\"\\u0000*\\u0000message\\\";s:53:\\\"تم إرسال خطوة جديدة إلى فريقك\\\";s:8:\\\"\\u0000*\\u0000actor\\\";O:45:\\\"Illuminate\\\\Contracts\\\\Database\\\\ModelIdentifier\\\":5:{s:5:\\\"class\\\";s:15:\\\"App\\\\Models\\\\User\\\";s:2:\\\"id\\\";i:1;s:9:\\\"relations\\\";a:0:{}s:10:\\\"connection\\\";s:5:\\\"mysql\\\";s:15:\\\"collectionClass\\\";N;}s:2:\\\"id\\\";s:36:\\\"ddb35c01-0c2c-49ac-ab9f-83ede60a043d\\\";}s:8:\\\"channels\\\";a:1:{i:0;s:8:\\\"database\\\";}}\"}}',0,NULL,1768937305,1768937305),
(10,'default','{\"uuid\":\"6e495657-6558-4610-aba7-32d194af3624\",\"displayName\":\"App\\\\Listeners\\\\NotifyTeamMembers\",\"job\":\"Illuminate\\\\Queue\\\\CallQueuedHandler@call\",\"maxTries\":null,\"maxExceptions\":null,\"failOnTimeout\":false,\"backoff\":null,\"timeout\":null,\"retryUntil\":null,\"data\":{\"commandName\":\"Illuminate\\\\Events\\\\CallQueuedListener\",\"command\":\"O:36:\\\"Illuminate\\\\Events\\\\CallQueuedListener\\\":20:{s:5:\\\"class\\\";s:31:\\\"App\\\\Listeners\\\\NotifyTeamMembers\\\";s:6:\\\"method\\\";s:19:\\\"handleStepSubmitted\\\";s:4:\\\"data\\\";a:1:{i:0;O:24:\\\"App\\\\Events\\\\StepSubmitted\\\":4:{s:5:\\\"model\\\";O:45:\\\"Illuminate\\\\Contracts\\\\Database\\\\ModelIdentifier\\\":5:{s:5:\\\"class\\\";s:19:\\\"App\\\\Models\\\\Activity\\\";s:2:\\\"id\\\";i:35;s:9:\\\"relations\\\";a:2:{i:0;s:16:\\\"workflowInstance\\\";i:1;s:25:\\\"workflowInstance.workflow\\\";}s:10:\\\"connection\\\";s:5:\\\"mysql\\\";s:15:\\\"collectionClass\\\";N;}s:4:\\\"step\\\";O:45:\\\"Illuminate\\\\Contracts\\\\Database\\\\ModelIdentifier\\\":5:{s:5:\\\"class\\\";s:19:\\\"App\\\\Models\\\\Activity\\\";s:2:\\\"id\\\";i:35;s:9:\\\"relations\\\";a:2:{i:0;s:16:\\\"workflowInstance\\\";i:1;s:25:\\\"workflowInstance.workflow\\\";}s:10:\\\"connection\\\";s:5:\\\"mysql\\\";s:15:\\\"collectionClass\\\";N;}s:5:\\\"actor\\\";O:45:\\\"Illuminate\\\\Contracts\\\\Database\\\\ModelIdentifier\\\":5:{s:5:\\\"class\\\";s:15:\\\"App\\\\Models\\\\User\\\";s:2:\\\"id\\\";i:1;s:9:\\\"relations\\\";a:0:{}s:10:\\\"connection\\\";s:5:\\\"mysql\\\";s:15:\\\"collectionClass\\\";N;}s:11:\\\"targetStage\\\";O:45:\\\"Illuminate\\\\Contracts\\\\Database\\\\ModelIdentifier\\\":5:{s:5:\\\"class\\\";s:24:\\\"App\\\\Models\\\\WorkflowStage\\\";s:2:\\\"id\\\";i:1;s:9:\\\"relations\\\";a:2:{i:0;s:4:\\\"team\\\";i:1;s:10:\\\"team.users\\\";}s:10:\\\"connection\\\";s:5:\\\"mysql\\\";s:15:\\\"collectionClass\\\";N;}}}s:5:\\\"tries\\\";N;s:13:\\\"maxExceptions\\\";N;s:7:\\\"backoff\\\";N;s:10:\\\"retryUntil\\\";N;s:7:\\\"timeout\\\";N;s:13:\\\"failOnTimeout\\\";b:0;s:17:\\\"shouldBeEncrypted\\\";b:0;s:3:\\\"job\\\";N;s:10:\\\"connection\\\";N;s:5:\\\"queue\\\";N;s:5:\\\"delay\\\";N;s:11:\\\"afterCommit\\\";N;s:10:\\\"middleware\\\";a:0:{}s:7:\\\"chained\\\";a:0:{}s:15:\\\"chainConnection\\\";N;s:10:\\\"chainQueue\\\";N;s:19:\\\"chainCatchCallbacks\\\";N;}\"}}',0,NULL,1768937305,1768937305),
(11,'default','{\"uuid\":\"818d331a-05c7-49e1-bf2f-8fd143d13d90\",\"displayName\":\"App\\\\Notifications\\\\WorkflowStepNotification\",\"job\":\"Illuminate\\\\Queue\\\\CallQueuedHandler@call\",\"maxTries\":null,\"maxExceptions\":null,\"failOnTimeout\":false,\"backoff\":null,\"timeout\":null,\"retryUntil\":null,\"data\":{\"commandName\":\"Illuminate\\\\Notifications\\\\SendQueuedNotifications\",\"command\":\"O:48:\\\"Illuminate\\\\Notifications\\\\SendQueuedNotifications\\\":3:{s:11:\\\"notifiables\\\";O:45:\\\"Illuminate\\\\Contracts\\\\Database\\\\ModelIdentifier\\\":5:{s:5:\\\"class\\\";s:15:\\\"App\\\\Models\\\\User\\\";s:2:\\\"id\\\";a:1:{i:0;i:2;}s:9:\\\"relations\\\";a:0:{}s:10:\\\"connection\\\";s:5:\\\"mysql\\\";s:15:\\\"collectionClass\\\";N;}s:12:\\\"notification\\\";O:42:\\\"App\\\\Notifications\\\\WorkflowStepNotification\\\":5:{s:8:\\\"\\u0000*\\u0000model\\\";O:45:\\\"Illuminate\\\\Contracts\\\\Database\\\\ModelIdentifier\\\":5:{s:5:\\\"class\\\";s:19:\\\"App\\\\Models\\\\Activity\\\";s:2:\\\"id\\\";i:35;s:9:\\\"relations\\\";a:2:{i:0;s:16:\\\"workflowInstance\\\";i:1;s:29:\\\"workflowInstance.currentStage\\\";}s:10:\\\"connection\\\";s:5:\\\"mysql\\\";s:15:\\\"collectionClass\\\";N;}s:9:\\\"\\u0000*\\u0000action\\\";s:8:\\\"approved\\\";s:10:\\\"\\u0000*\\u0000message\\\";s:74:\\\"تمت الموافقة على خطوة وإرسالها إلى فريقك\\\";s:8:\\\"\\u0000*\\u0000actor\\\";O:45:\\\"Illuminate\\\\Contracts\\\\Database\\\\ModelIdentifier\\\":5:{s:5:\\\"class\\\";s:15:\\\"App\\\\Models\\\\User\\\";s:2:\\\"id\\\";i:5;s:9:\\\"relations\\\";a:0:{}s:10:\\\"connection\\\";s:5:\\\"mysql\\\";s:15:\\\"collectionClass\\\";N;}s:2:\\\"id\\\";s:36:\\\"b09e775e-4e12-4fad-a19e-4c2e9202043d\\\";}s:8:\\\"channels\\\";a:1:{i:0;s:8:\\\"database\\\";}}\"}}',0,NULL,1768937933,1768937933),
(12,'default','{\"uuid\":\"7581066a-d86a-4d8a-996c-5985b5638774\",\"displayName\":\"App\\\\Listeners\\\\NotifyTeamMembers\",\"job\":\"Illuminate\\\\Queue\\\\CallQueuedHandler@call\",\"maxTries\":null,\"maxExceptions\":null,\"failOnTimeout\":false,\"backoff\":null,\"timeout\":null,\"retryUntil\":null,\"data\":{\"commandName\":\"Illuminate\\\\Events\\\\CallQueuedListener\",\"command\":\"O:36:\\\"Illuminate\\\\Events\\\\CallQueuedListener\\\":20:{s:5:\\\"class\\\";s:31:\\\"App\\\\Listeners\\\\NotifyTeamMembers\\\";s:6:\\\"method\\\";s:18:\\\"handleStepApproved\\\";s:4:\\\"data\\\";a:1:{i:0;O:23:\\\"App\\\\Events\\\\StepApproved\\\":4:{s:5:\\\"model\\\";O:45:\\\"Illuminate\\\\Contracts\\\\Database\\\\ModelIdentifier\\\":5:{s:5:\\\"class\\\";s:19:\\\"App\\\\Models\\\\Activity\\\";s:2:\\\"id\\\";i:35;s:9:\\\"relations\\\";a:2:{i:0;s:16:\\\"workflowInstance\\\";i:1;s:29:\\\"workflowInstance.currentStage\\\";}s:10:\\\"connection\\\";s:5:\\\"mysql\\\";s:15:\\\"collectionClass\\\";N;}s:4:\\\"step\\\";O:45:\\\"Illuminate\\\\Contracts\\\\Database\\\\ModelIdentifier\\\":5:{s:5:\\\"class\\\";s:19:\\\"App\\\\Models\\\\Activity\\\";s:2:\\\"id\\\";i:35;s:9:\\\"relations\\\";a:2:{i:0;s:16:\\\"workflowInstance\\\";i:1;s:29:\\\"workflowInstance.currentStage\\\";}s:10:\\\"connection\\\";s:5:\\\"mysql\\\";s:15:\\\"collectionClass\\\";N;}s:5:\\\"actor\\\";O:45:\\\"Illuminate\\\\Contracts\\\\Database\\\\ModelIdentifier\\\":5:{s:5:\\\"class\\\";s:15:\\\"App\\\\Models\\\\User\\\";s:2:\\\"id\\\";i:5;s:9:\\\"relations\\\";a:0:{}s:10:\\\"connection\\\";s:5:\\\"mysql\\\";s:15:\\\"collectionClass\\\";N;}s:9:\\\"nextStage\\\";O:45:\\\"Illuminate\\\\Contracts\\\\Database\\\\ModelIdentifier\\\":5:{s:5:\\\"class\\\";s:24:\\\"App\\\\Models\\\\WorkflowStage\\\";s:2:\\\"id\\\";i:2;s:9:\\\"relations\\\";a:2:{i:0;s:4:\\\"team\\\";i:1;s:10:\\\"team.users\\\";}s:10:\\\"connection\\\";s:5:\\\"mysql\\\";s:15:\\\"collectionClass\\\";N;}}}s:5:\\\"tries\\\";N;s:13:\\\"maxExceptions\\\";N;s:7:\\\"backoff\\\";N;s:10:\\\"retryUntil\\\";N;s:7:\\\"timeout\\\";N;s:13:\\\"failOnTimeout\\\";b:0;s:17:\\\"shouldBeEncrypted\\\";b:0;s:3:\\\"job\\\";N;s:10:\\\"connection\\\";N;s:5:\\\"queue\\\";N;s:5:\\\"delay\\\";N;s:11:\\\"afterCommit\\\";N;s:10:\\\"middleware\\\";a:0:{}s:7:\\\"chained\\\";a:0:{}s:15:\\\"chainConnection\\\";N;s:10:\\\"chainQueue\\\";N;s:19:\\\"chainCatchCallbacks\\\";N;}\"}}',0,NULL,1768937933,1768937933);
/*!40000 ALTER TABLE `jobs` ENABLE KEYS */;
UNLOCK TABLES;
commit;

--
-- Table structure for table `meeting_attendances`
--

DROP TABLE IF EXISTS `meeting_attendances`;
/*!40101 SET @saved_cs_client     = @@character_set_client */;
/*!40101 SET character_set_client = utf8mb4 */;
CREATE TABLE `meeting_attendances` (
  `id` bigint(20) unsigned NOT NULL AUTO_INCREMENT,
  `meeting_minute_id` bigint(20) unsigned NOT NULL,
  `name` varchar(255) NOT NULL,
  `ip_address` varchar(45) DEFAULT NULL,
  `created_at` timestamp NULL DEFAULT NULL,
  `updated_at` timestamp NULL DEFAULT NULL,
  PRIMARY KEY (`id`),
  KEY `meeting_attendances_meeting_minute_id_foreign` (`meeting_minute_id`),
  CONSTRAINT `meeting_attendances_meeting_minute_id_foreign` FOREIGN KEY (`meeting_minute_id`) REFERENCES `meeting_minutes` (`id`) ON DELETE CASCADE
) ENGINE=InnoDB AUTO_INCREMENT=3 DEFAULT CHARSET=utf8mb4 COLLATE=utf8mb4_unicode_ci;
/*!40101 SET character_set_client = @saved_cs_client */;

--
-- Dumping data for table `meeting_attendances`
--

LOCK TABLES `meeting_attendances` WRITE;
/*!40000 ALTER TABLE `meeting_attendances` DISABLE KEYS */;
set autocommit=0;
INSERT INTO `meeting_attendances` VALUES
(1,1,'احمد العوفي',NULL,'2025-10-28 09:44:36','2025-10-28 09:44:36'),
(2,1,'ابراهيم',NULL,'2025-10-28 09:44:36','2025-10-28 09:44:36');
/*!40000 ALTER TABLE `meeting_attendances` ENABLE KEYS */;
UNLOCK TABLES;
commit;

--
-- Table structure for table `meeting_minutes`
--

DROP TABLE IF EXISTS `meeting_minutes`;
/*!40101 SET @saved_cs_client     = @@character_set_client */;
/*!40101 SET character_set_client = utf8mb4 */;
CREATE TABLE `meeting_minutes` (
  `id` bigint(20) unsigned NOT NULL AUTO_INCREMENT,
  `title` varchar(255) NOT NULL,
  `date` date DEFAULT NULL,
  `content` text DEFAULT NULL,
  `file_upload_link` varchar(255) DEFAULT NULL,
  `written_by` bigint(20) unsigned NOT NULL,
  `public_token` varchar(191) DEFAULT NULL,
  `created_at` timestamp NULL DEFAULT NULL,
  `updated_at` timestamp NULL DEFAULT NULL,
  PRIMARY KEY (`id`),
  KEY `meeting_minutes_written_by_foreign` (`written_by`),
  CONSTRAINT `meeting_minutes_written_by_foreign` FOREIGN KEY (`written_by`) REFERENCES `users` (`id`) ON DELETE CASCADE
) ENGINE=InnoDB AUTO_INCREMENT=2 DEFAULT CHARSET=utf8mb4 COLLATE=utf8mb4_unicode_ci;
/*!40101 SET character_set_client = @saved_cs_client */;

--
-- Dumping data for table `meeting_minutes`
--

LOCK TABLES `meeting_minutes` WRITE;
/*!40000 ALTER TABLE `meeting_minutes` DISABLE KEYS */;
set autocommit=0;
INSERT INTO `meeting_minutes` VALUES
(1,'محضر إعداد الخطة',NULL,NULL,NULL,1,NULL,'2025-10-28 09:44:36','2025-10-28 09:44:36');
/*!40000 ALTER TABLE `meeting_minutes` ENABLE KEYS */;
UNLOCK TABLES;
commit;

--
-- Table structure for table `migrations`
--

DROP TABLE IF EXISTS `migrations`;
/*!40101 SET @saved_cs_client     = @@character_set_client */;
/*!40101 SET character_set_client = utf8mb4 */;
CREATE TABLE `migrations` (
  `id` int(10) unsigned NOT NULL AUTO_INCREMENT,
  `migration` varchar(255) NOT NULL,
  `batch` int(11) NOT NULL,
  PRIMARY KEY (`id`)
) ENGINE=InnoDB AUTO_INCREMENT=47 DEFAULT CHARSET=utf8mb4 COLLATE=utf8mb4_unicode_ci;
/*!40101 SET character_set_client = @saved_cs_client */;

--
-- Dumping data for table `migrations`
--

LOCK TABLES `migrations` WRITE;
/*!40000 ALTER TABLE `migrations` DISABLE KEYS */;
set autocommit=0;
INSERT INTO `migrations` VALUES
(1,'0001_01_01_000000_create_users_table',1),
(2,'0001_01_01_000001_create_cache_table',1),
(3,'0001_01_01_000002_create_jobs_table',1),
(4,'2025_05_16_015500_create_sectors_table',1),
(5,'2025_05_16_015522_create_period_templates_table',1),
(6,'2025_05_16_015533_create_indicators_table',1),
(9,'2025_06_15_030030_create_projects_table',1),
(10,'2025_10_06_050416_create_questionnaires_table',1),
(11,'2025_10_09_140000_create_activities_table',1),
(12,'2025_10_14_125244_create_permissions_table',2),
(13,'2025_10_14_131539_create_roles_table',2),
(15,'2025_10_20_220309_create_steps_table',3),
(17,'2025_10_22_063305_create_meeting_minutes_table',4),
(18,'2025_10_22_063318_create_meeting_attendances_table',4),
(21,'2025_10_31_222059_create_workshops_table',5),
(22,'2025_11_01_004413_create_qr_codes_table',5),
(24,'2025_11_16_100940_create_finance_forms_table',7),
(25,'2025_11_16_100953_create_finance_needs_table',7),
(26,'2025_11_16_101003_create_finance_form_items_table',7),
(28,'2025_12_24_164357_create_tasks_table',9),
(29,'2025_12_25_223959_create_com_competitions_table',10),
(30,'2025_12_25_223960_create_com_questions_table',10),
(31,'2025_12_25_223961_create_com_options_table',10),
(32,'2025_12_25_223962_create_com_participants_table',10),
(33,'2025_12_25_223963_create_com_answers_table',10),
(34,'2025_12_26_185455_create_swot_table',10),
(35,'2026_01_04_04000_create_aims_table',11),
(36,'2026_01_04_042616_create_aim_sector_feedback_table',11),
(37,'2025_10_15_081948_create_positions_table',12),
(38,'2025_11_08_063649_create_step_org_unit_tasks_table',12),
(39,'2025_12_17_104546_create_calendar_events_table',12),
(40,'2026_01_11_105111_create_notifications_table',12),
(41,'2026_01_11_163408_create_indicator_data_tables',13),
(42,'2026_01_11_164427_create_activity_workflows_table',13),
(43,'2026_01_11_165440_create_indicator_workflows_table',13),
(44,'2026_01_11_200000_create_step_workflows_table',13),
(45,'2026_01_11_200000_create_workflows_table',14),
(46,'2026_01_21_000000_create_workflow_instances_table',15);
/*!40000 ALTER TABLE `migrations` ENABLE KEYS */;
UNLOCK TABLES;
commit;

--
-- Table structure for table `mission_members`
--

DROP TABLE IF EXISTS `mission_members`;
/*!40101 SET @saved_cs_client     = @@character_set_client */;
/*!40101 SET character_set_client = utf8mb4 */;
CREATE TABLE `mission_members` (
  `id` bigint(20) unsigned NOT NULL AUTO_INCREMENT,
  `mission_id` bigint(20) unsigned NOT NULL,
  `user_id` bigint(20) unsigned NOT NULL,
  `role` enum('leader','member') NOT NULL DEFAULT 'member',
  `can_create_tasks` tinyint(1) NOT NULL DEFAULT 1,
  `can_view_all_tasks` tinyint(1) NOT NULL DEFAULT 0,
  `created_at` timestamp NULL DEFAULT NULL,
  `updated_at` timestamp NULL DEFAULT NULL,
  PRIMARY KEY (`id`),
  UNIQUE KEY `mission_members_mission_id_user_id_unique` (`mission_id`,`user_id`),
  KEY `mission_members_user_id_foreign` (`user_id`),
  KEY `mission_members_mission_id_role_index` (`mission_id`,`role`),
  CONSTRAINT `mission_members_mission_id_foreign` FOREIGN KEY (`mission_id`) REFERENCES `missions` (`id`) ON DELETE CASCADE,
  CONSTRAINT `mission_members_user_id_foreign` FOREIGN KEY (`user_id`) REFERENCES `users` (`id`) ON DELETE CASCADE
) ENGINE=InnoDB AUTO_INCREMENT=26 DEFAULT CHARSET=utf8mb4 COLLATE=utf8mb4_unicode_ci;
/*!40101 SET character_set_client = @saved_cs_client */;

--
-- Dumping data for table `mission_members`
--

LOCK TABLES `mission_members` WRITE;
/*!40000 ALTER TABLE `mission_members` DISABLE KEYS */;
set autocommit=0;
INSERT INTO `mission_members` VALUES
(10,2,1,'leader',1,1,'2025-12-25 10:26:28','2025-12-25 10:26:28'),
(11,2,2,'member',1,1,'2025-12-25 10:26:28','2025-12-25 10:26:28'),
(12,2,5,'member',1,1,'2025-12-25 10:26:28','2025-12-25 10:26:28'),
(13,2,6,'member',1,1,'2025-12-25 10:26:28','2025-12-25 10:26:28'),
(14,2,7,'member',1,1,'2025-12-25 10:26:28','2025-12-25 10:26:28'),
(15,2,8,'member',1,1,'2025-12-25 10:26:28','2025-12-25 10:26:28'),
(16,2,9,'member',1,1,'2025-12-25 10:26:28','2025-12-25 10:26:28'),
(17,2,4,'member',1,1,'2025-12-25 10:26:28','2025-12-25 10:26:28'),
(18,2,3,'member',1,0,'2025-12-25 10:26:28','2025-12-25 10:26:28'),
(19,3,3,'leader',1,1,'2026-01-05 10:22:12','2026-01-05 10:22:12'),
(20,3,4,'member',1,1,'2026-01-05 10:22:12','2026-01-05 10:22:12'),
(21,3,5,'member',1,1,'2026-01-05 10:22:12','2026-01-05 10:22:12'),
(22,3,6,'member',1,1,'2026-01-05 10:22:12','2026-01-05 10:22:12'),
(23,3,7,'member',1,1,'2026-01-05 10:22:12','2026-01-05 10:22:12'),
(24,3,8,'member',1,1,'2026-01-05 10:22:12','2026-01-05 10:22:12'),
(25,3,9,'member',1,1,'2026-01-05 10:22:12','2026-01-05 10:22:12');
/*!40000 ALTER TABLE `mission_members` ENABLE KEYS */;
UNLOCK TABLES;
commit;

--
-- Table structure for table `missions`
--

DROP TABLE IF EXISTS `missions`;
/*!40101 SET @saved_cs_client     = @@character_set_client */;
/*!40101 SET character_set_client = utf8mb4 */;
CREATE TABLE `missions` (
  `id` bigint(20) unsigned NOT NULL AUTO_INCREMENT,
  `title` varchar(255) NOT NULL,
  `description` text DEFAULT NULL,
  `creator_id` bigint(20) unsigned NOT NULL,
  `leader_id` bigint(20) unsigned NOT NULL,
  `status` enum('active','completed','archived') NOT NULL DEFAULT 'active',
  `start_date` date DEFAULT NULL,
  `end_date` date DEFAULT NULL,
  `order` int(11) NOT NULL DEFAULT 0,
  `created_at` timestamp NULL DEFAULT NULL,
  `updated_at` timestamp NULL DEFAULT NULL,
  `deleted_at` timestamp NULL DEFAULT NULL,
  PRIMARY KEY (`id`),
  KEY `missions_creator_id_status_index` (`creator_id`,`status`),
  KEY `missions_leader_id_index` (`leader_id`),
  CONSTRAINT `missions_creator_id_foreign` FOREIGN KEY (`creator_id`) REFERENCES `users` (`id`) ON DELETE CASCADE,
  CONSTRAINT `missions_leader_id_foreign` FOREIGN KEY (`leader_id`) REFERENCES `users` (`id`) ON DELETE CASCADE
) ENGINE=InnoDB AUTO_INCREMENT=4 DEFAULT CHARSET=utf8mb4 COLLATE=utf8mb4_unicode_ci;
/*!40101 SET character_set_client = @saved_cs_client */;

--
-- Dumping data for table `missions`
--

LOCK TABLES `missions` WRITE;
/*!40000 ALTER TABLE `missions` DISABLE KEYS */;
set autocommit=0;
INSERT INTO `missions` VALUES
(2,'توعية الموظفين بخطة الوزارة','محتوى تعليمي يشرح مفاهيم الرؤية (المحور، الأولوية، المؤشر، المشروع، النشاط) وربطها باختصاصات الوزارة.',1,1,'active','2025-12-31','2026-02-27',0,'2025-12-25 10:25:32','2025-12-25 10:26:28',NULL),
(3,'تنفيذ خطة دائرة التخطيط والإحصاء لعام 2026','توزيع المهام والإجراءات على فريق العمل وفق المبادرات المعتمدة للموظفين وفق جدول زمني محدد',1,3,'active','2026-01-05','2026-12-31',0,'2026-01-05 10:22:12','2026-01-05 10:22:12',NULL);
/*!40000 ALTER TABLE `missions` ENABLE KEYS */;
UNLOCK TABLES;
commit;

--
-- Table structure for table `notifications`
--

DROP TABLE IF EXISTS `notifications`;
/*!40101 SET @saved_cs_client     = @@character_set_client */;
/*!40101 SET character_set_client = utf8mb4 */;
CREATE TABLE `notifications` (
  `id` char(36) NOT NULL,
  `type` varchar(255) NOT NULL,
  `notifiable_type` varchar(255) NOT NULL,
  `notifiable_id` bigint(20) unsigned NOT NULL,
  `data` text NOT NULL,
  `read_at` timestamp NULL DEFAULT NULL,
  `created_at` timestamp NULL DEFAULT NULL,
  `updated_at` timestamp NULL DEFAULT NULL,
  PRIMARY KEY (`id`),
  KEY `notifications_notifiable_type_notifiable_id_index` (`notifiable_type`,`notifiable_id`)
) ENGINE=InnoDB DEFAULT CHARSET=utf8mb4 COLLATE=utf8mb4_unicode_ci;
/*!40101 SET character_set_client = @saved_cs_client */;

--
-- Dumping data for table `notifications`
--

LOCK TABLES `notifications` WRITE;
/*!40000 ALTER TABLE `notifications` DISABLE KEYS */;
set autocommit=0;
INSERT INTO `notifications` VALUES
('231f839a-4d14-47c8-83b1-004bc7e84536','App\\Notifications\\EventAssignedNotification','App\\Models\\User',7,'{\"type\":\"calendar_event\",\"event_id\":3,\"title\":\"\\u0646\\u0634\\u0627\\u0637 \\u062c\\u062f\\u064a\\u062f: \\u0645\\u0624\\u062a\\u0645\\u0631 \\u0627\\u0644\\u0632\\u0643\\u0627\\u0629\",\"message\":\"\\u0623\\u0636\\u0627\\u0641 \\u0625\\u062f\\u0627\\u0631\\u0629 \\u0627\\u0644\\u0646\\u0638\\u0627\\u0645 \\u0646\\u0634\\u0627\\u0637\\u0627\\u064b \\u0644\\u062a\\u0642\\u0648\\u064a\\u0645\\u0643\",\"start_date\":\"57 \\u062f\\u0642\\u064a\\u0642\\u0629 \\u0645\\u0646 \\u0627\\u0644\\u0622\\u0646\",\"bg_color\":\"#db2777\",\"link\":\"https:\\/\\/ehkam.abukhalil.site\\/calendar\\/index?year=2026\",\"icon\":\"calendar-plus\"}',NULL,'2026-01-12 11:02:38','2026-01-12 11:02:38'),
('2dee277c-8d4f-4e24-8087-e039e4544aba','App\\Notifications\\EventAssignedNotification','App\\Models\\User',7,'{\"type\":\"calendar_event\",\"event_id\":2,\"title\":\"\\u0646\\u0634\\u0627\\u0637 \\u062c\\u062f\\u064a\\u062f: \\u0627\\u062d\\u0635\\u0627\\u0626\\u064a\\u0627\\u062a\",\"message\":\"\\u0623\\u0636\\u0627\\u0641 \\u0625\\u062f\\u0627\\u0631\\u0629 \\u0627\\u0644\\u0646\\u0638\\u0627\\u0645 \\u0646\\u0634\\u0627\\u0637\\u0627\\u064b \\u0644\\u062a\\u0642\\u0648\\u064a\\u0645\\u0643\",\"start_date\":\"22 \\u0633\\u0627\\u0639\\u0629 \\u0645\\u0646 \\u0627\\u0644\\u0622\\u0646\",\"bg_color\":\"#16a34a\",\"link\":\"https:\\/\\/ehkam.abukhalil.site\\/calendar\\/index?year=2026\",\"icon\":\"calendar-plus\"}',NULL,'2026-01-12 10:56:47','2026-01-12 10:56:47'),
('59f5d7ea-d288-4a31-9264-6514ae985369','App\\Notifications\\EventAssignedNotification','App\\Models\\User',3,'{\"type\":\"calendar_event\",\"event_id\":5,\"title\":\"\\u0646\\u0634\\u0627\\u0637 \\u062c\\u062f\\u064a\\u062f: \\u0627\\u062c\\u062a\\u0645\\u0627\\u0639 \\u0645\\u0631\\u0627\\u062c\\u0639\\u0629 \\u062e\\u0635\\u0627\\u0626\\u0635 \\u0646\\u0638\\u0627\\u0645 \\u0625\\u062d\\u0643\\u0627\\u0645\",\"message\":\"\\u0623\\u0636\\u0627\\u0641 \\u0625\\u062f\\u0627\\u0631\\u0629 \\u0627\\u0644\\u0646\\u0638\\u0627\\u0645 \\u0646\\u0634\\u0627\\u0637\\u0627\\u064b \\u0644\\u062a\\u0642\\u0648\\u064a\\u0645\\u0643\",\"start_date\":\"\\u0623\\u0633\\u0628\\u0648\\u0639 \\u0645\\u0646 \\u0627\\u0644\\u0622\\u0646\",\"bg_color\":\"#b91c1c\",\"link\":\"https:\\/\\/ehkam.abukhalil.site\\/calendar\\/index?year=2026\",\"icon\":\"calendar-plus\"}',NULL,'2026-01-13 20:42:04','2026-01-13 20:42:04'),
('94df2a16-0795-4f22-9e01-63a659a2bf2f','App\\Notifications\\EventAssignedNotification','App\\Models\\User',3,'{\"type\":\"calendar_event\",\"event_id\":4,\"title\":\"\\u0646\\u0634\\u0627\\u0637 \\u062c\\u062f\\u064a\\u062f: \\u0627\\u062c\\u062a\\u0645\\u0627\\u0639 \\u0645\\u0631\\u0627\\u062c\\u0639\\u062a \\u0648\\u0627\\u0639\\u062a\\u0645\\u0627\\u062f \\u0627\\u0644\\u062e\\u0637\\u0637 \\u0627\\u0644\\u062a\\u0641\\u0635\\u064a\\u0644\\u064a\\u0629\",\"message\":\"\\u0623\\u0636\\u0627\\u0641 \\u0625\\u062f\\u0627\\u0631\\u0629 \\u0627\\u0644\\u0646\\u0638\\u0627\\u0645 \\u0646\\u0634\\u0627\\u0637\\u0627\\u064b \\u0644\\u062a\\u0642\\u0648\\u064a\\u0645\\u0643\",\"start_date\":\"6 \\u0623\\u064a\\u0627\\u0645 \\u0645\\u0646 \\u0627\\u0644\\u0622\\u0646\",\"bg_color\":\"#2563eb\",\"link\":\"https:\\/\\/ehkam.abukhalil.site\\/calendar\\/index?year=2026\",\"icon\":\"calendar-plus\"}',NULL,'2026-01-13 20:37:36','2026-01-13 20:37:36'),
('fbba7916-61f3-45b3-8149-e2248b3d327b','App\\Notifications\\EventAssignedNotification','App\\Models\\User',7,'{\"type\":\"calendar_event\",\"event_id\":1,\"title\":\"\\u0646\\u0634\\u0627\\u0637 \\u062c\\u062f\\u064a\\u062f: \\u0627\\u062c\\u062a\\u0645\\u0627\\u0639\",\"message\":\"\\u0623\\u0636\\u0627\\u0641 \\u0625\\u062f\\u0627\\u0631\\u0629 \\u0627\\u0644\\u0646\\u0638\\u0627\\u0645 \\u0646\\u0634\\u0627\\u0637\\u0627\\u064b \\u0644\\u062a\\u0642\\u0648\\u064a\\u0645\\u0643\",\"start_date\":\"29 \\u062f\\u0642\\u064a\\u0642\\u0629 \\u0645\\u0646 \\u0627\\u0644\\u0622\\u0646\",\"bg_color\":\"#0891b2\",\"link\":\"https:\\/\\/ehkam.abukhalil.site\\/calendar\\/index?year=2026\",\"icon\":\"calendar-plus\"}',NULL,'2026-01-12 10:30:34','2026-01-12 10:30:34');
/*!40000 ALTER TABLE `notifications` ENABLE KEYS */;
UNLOCK TABLES;
commit;

--
-- Table structure for table `org_unit_positions`
--

DROP TABLE IF EXISTS `org_unit_positions`;
/*!40101 SET @saved_cs_client     = @@character_set_client */;
/*!40101 SET character_set_client = utf8mb4 */;
CREATE TABLE `org_unit_positions` (
  `org_unit_id` bigint(20) unsigned NOT NULL,
  `position_id` bigint(20) unsigned NOT NULL,
  PRIMARY KEY (`org_unit_id`,`position_id`),
  KEY `org_unit_positions_position_id_foreign` (`position_id`),
  CONSTRAINT `org_unit_positions_org_unit_id_foreign` FOREIGN KEY (`org_unit_id`) REFERENCES `org_units` (`id`) ON DELETE CASCADE,
  CONSTRAINT `org_unit_positions_position_id_foreign` FOREIGN KEY (`position_id`) REFERENCES `positions` (`id`) ON DELETE CASCADE
) ENGINE=InnoDB DEFAULT CHARSET=utf8mb4 COLLATE=utf8mb4_unicode_ci;
/*!40101 SET character_set_client = @saved_cs_client */;

--
-- Dumping data for table `org_unit_positions`
--

LOCK TABLES `org_unit_positions` WRITE;
/*!40000 ALTER TABLE `org_unit_positions` DISABLE KEYS */;
set autocommit=0;
/*!40000 ALTER TABLE `org_unit_positions` ENABLE KEYS */;
UNLOCK TABLES;
commit;

--
-- Table structure for table `org_units`
--

DROP TABLE IF EXISTS `org_units`;
/*!40101 SET @saved_cs_client     = @@character_set_client */;
/*!40101 SET character_set_client = utf8mb4 */;
CREATE TABLE `org_units` (
  `id` bigint(20) unsigned NOT NULL AUTO_INCREMENT,
  `unit_code` varchar(255) NOT NULL,
  `name` varchar(255) NOT NULL,
  `type` varchar(255) NOT NULL,
  `parent_id` bigint(20) unsigned DEFAULT NULL,
  `created_at` timestamp NULL DEFAULT NULL,
  `updated_at` timestamp NULL DEFAULT NULL,
  PRIMARY KEY (`id`),
  UNIQUE KEY `org_units_unit_code_unique` (`unit_code`),
  KEY `org_units_parent_id_foreign` (`parent_id`),
  KEY `org_units_type_index` (`type`),
  CONSTRAINT `org_units_parent_id_foreign` FOREIGN KEY (`parent_id`) REFERENCES `org_units` (`id`) ON DELETE CASCADE
) ENGINE=InnoDB AUTO_INCREMENT=282 DEFAULT CHARSET=utf8mb4 COLLATE=utf8mb4_unicode_ci;
/*!40101 SET character_set_client = @saved_cs_client */;

--
-- Dumping data for table `org_units`
--

LOCK TABLES `org_units` WRITE;
/*!40000 ALTER TABLE `org_units` DISABLE KEYS */;
set autocommit=0;
INSERT INTO `org_units` VALUES
(1,'MIN001','المفتي العام للسلطنة','Minister',NULL,'2026-01-11 11:28:44','2026-01-11 11:28:44'),
(2,'MIN002','الوزير','Minister',NULL,'2026-01-11 11:28:44','2026-01-11 11:28:44'),
(3,'UND001','مساعد المفتي العام','Undersecretary',1,'2026-01-11 11:28:44','2026-01-11 11:28:44'),
(4,'UND002','الأمين العام','Undersecretary',1,'2026-01-11 11:28:44','2026-01-11 11:28:44'),
(5,'UND003','الوكيل','Undersecretary',2,'2026-01-11 11:28:44','2026-01-11 11:28:44'),
(6,'EXP001','المستشارون والخبراء','Expert',1,'2026-01-11 11:28:44','2026-01-11 11:28:44'),
(7,'DEP001','دائرة التنسيق والمتابعة','Department',12,'2026-01-11 11:28:44','2026-01-11 11:28:44'),
(8,'SEC001','قسم العلاقات العامة','Section',1,'2026-01-11 11:28:44','2026-01-11 11:28:44'),
(9,'DEP002','مكتب مساعد المفتي','Department',3,'2026-01-11 11:28:44','2026-01-11 11:28:44'),
(10,'DEP003','مكتب الأمين العام','Department',4,'2026-01-11 11:28:44','2026-01-11 11:28:44'),
(11,'SEC002','قسم البرامج','Section',18,'2026-01-11 11:28:44','2026-01-11 11:28:44'),
(12,'DIR001','مكتب المفتي العام','Directorate',1,'2026-01-11 11:28:44','2026-01-11 11:28:44'),
(13,'SEC003','قسم اللجان','Section',9,'2026-01-11 11:28:44','2026-01-11 11:28:44'),
(14,'SEC004','قسم التنسيق والمتابعة','Section',4,'2026-01-11 11:28:44','2026-01-11 11:28:44'),
(15,'SEC005','قسم اللجان','Section',4,'2026-01-11 11:28:44','2026-01-11 11:28:44'),
(16,'SEC006','قسم التنسيق والمتابعة','Section',9,'2026-01-11 11:28:44','2026-01-11 11:28:44'),
(17,'DEP004','دائرة اللجان والعلاقات الخارجية','Department',12,'2026-01-11 11:28:44','2026-01-11 11:28:44'),
(18,'DEP005','دائرة التعريف بالإسلام والتبادل الثقافي','Department',12,'2026-01-11 11:28:44','2026-01-11 11:28:44'),
(19,'DEP006','دائرة الفتوى','Department',1,'2026-01-11 11:28:44','2026-01-11 11:28:44'),
(20,'SEC007','قسم استقبال وتسجيل الفتوى','Section',19,'2026-01-11 11:28:44','2026-01-11 11:28:44'),
(21,'SEC008','قسم شؤون الفتوى','Section',19,'2026-01-11 11:28:44','2026-01-11 11:28:44'),
(22,'SEC009','قسم الإفتاء الإلكتروني','Section',19,'2026-01-11 11:28:44','2026-01-11 11:28:44'),
(23,'SEC010','قسم مركز إتصالات الفتوى','Section',19,'2026-01-11 11:28:44','2026-01-11 11:28:44'),
(24,'SEC011','قسم الأغذية الحلال','Section',19,'2026-01-11 11:28:44','2026-01-11 11:28:44'),
(25,'DEP007','دائرة دراسات وبحوث الفتوى','Department',1,'2026-01-11 11:28:44','2026-01-11 11:28:44'),
(26,'SEC012','قسم الدراسات','Section',25,'2026-01-11 11:28:44','2026-01-11 11:28:44'),
(27,'SEC013','قسم رصد الفتوى','Section',25,'2026-01-11 11:28:44','2026-01-11 11:28:44'),
(28,'SEC014','قسم التقويم والتطوير','Section',25,'2026-01-11 11:28:44','2026-01-11 11:28:44'),
(29,'SEC015','قسم التعريف بالإسلام','Section',18,'2026-01-11 11:28:44','2026-01-11 11:28:44'),
(30,'SEC016','قسم الفعاليات','Section',18,'2026-01-11 11:28:44','2026-01-11 11:28:44'),
(31,'SEC017','قسم التبادل الثقافي','Section',18,'2026-01-11 11:28:44','2026-01-11 11:28:44'),
(32,'SEC018','قسم اللجان','Section',17,'2026-01-11 11:28:44','2026-01-11 11:28:44'),
(33,'SEC019','قسم التنسيق','Section',7,'2026-01-11 11:28:44','2026-01-11 11:28:44'),
(34,'SEC020','قسم المتابعة','Section',7,'2026-01-11 11:28:44','2026-01-11 11:28:44'),
(35,'SEC021','قسم العلاقات الخارجية','Section',17,'2026-01-11 11:28:44','2026-01-11 11:28:44'),
(36,'DIR002','المديرية العامة للتخطيط والدراسات','Directorate',2,'2026-01-11 11:28:44','2026-01-11 11:28:44'),
(37,'SEC022','قسم التنسيق والمتابعة','Section',38,'2026-01-11 11:28:44','2026-01-11 11:28:44'),
(38,'DEP008','دائرة القرآن الكريم','Department',38,'2026-01-11 11:28:44','2026-01-11 11:28:44'),
(39,'DEP009','دائرة التخطيط والدراسات','Department',38,'2026-01-11 11:28:44','2026-01-11 11:28:44'),
(40,'DEP010','دائرة رسالة الإسلام والمؤتلف الإنساني','Department',38,'2026-01-11 11:28:44','2026-01-11 11:28:44'),
(41,'DEP011','دائرة الحوكمة والأداء المؤسسي','Department',38,'2026-01-11 11:28:44','2026-01-11 11:28:44'),
(42,'SEC023','قسم المصحف الشريف','Section',40,'2026-01-11 11:28:44','2026-01-11 11:28:44'),
(43,'SEC024','قسم إستراتيجيات تعليم القرآن الكريم','Section',40,'2026-01-11 11:28:44','2026-01-11 11:28:44'),
(44,'SEC025','قسم البرامج القرآنية','Section',40,'2026-01-11 11:28:44','2026-01-11 11:28:44'),
(45,'SEC026','قسم رسالة الإسلام','Section',42,'2026-01-11 11:28:44','2026-01-11 11:28:44'),
(46,'SEC027','قسم المؤتلف الإنساني','Section',42,'2026-01-11 11:28:44','2026-01-11 11:28:44'),
(47,'SEC028','قسم ملاحق التفاهم','Section',42,'2026-01-11 11:28:44','2026-01-11 11:28:44'),
(48,'SEC029','قسم التخطيط والدراسات','Section',41,'2026-01-11 11:28:44','2026-01-11 11:28:44'),
(49,'SEC030','قسم الإحصاء','Section',41,'2026-01-11 11:28:44','2026-01-11 11:28:44'),
(50,'SEC031','قسم الجودة','Section',41,'2026-01-11 11:28:44','2026-01-11 11:28:44'),
(51,'SEC032','قسم الحوكمة','Section',43,'2026-01-11 11:28:44','2026-01-11 11:28:44'),
(52,'SEC033','قسم الأداء المؤسسي','Section',43,'2026-01-11 11:28:44','2026-01-11 11:28:44'),
(53,'SEC034','قسم الرصد والتطوير','Section',43,'2026-01-11 11:28:44','2026-01-11 11:28:44'),
(54,'DIR003','مكتب الوزير','Directorate',2,'2026-01-11 11:28:44','2026-01-11 11:28:44'),
(55,'DEP012','دائرة المجالس واللجان','Department',56,'2026-01-11 11:28:44','2026-01-11 11:28:44'),
(56,'DEP013','دائرة التعاون الدولي','Department',56,'2026-01-11 11:28:44','2026-01-11 11:28:44'),
(57,'DEP014','دائرة العلاقات العامة','Department',56,'2026-01-11 11:28:44','2026-01-11 11:28:44'),
(58,'DEP015','دائرة التنسيق والمتابعة','Department',56,'2026-01-11 11:28:44','2026-01-11 11:28:44'),
(59,'EXP002','المستشارون','Expert',56,'2026-01-11 11:28:44','2026-01-11 11:28:44'),
(60,'SEC035','قسم اللجان','Section',57,'2026-01-11 11:28:44','2026-01-11 11:28:44'),
(61,'SEC036','قسم المجالس','Section',57,'2026-01-11 11:28:44','2026-01-11 11:28:44'),
(62,'SEC037','قسم العلاقات الخارجية','Section',58,'2026-01-11 11:28:44','2026-01-11 11:28:44'),
(63,'SEC038','قسم المؤتمرات والندوات','Section',58,'2026-01-11 11:28:44','2026-01-11 11:28:44'),
(64,'SEC039','قسم التنسيق','Section',60,'2026-01-11 11:28:44','2026-01-11 11:28:44'),
(65,'SEC040','قسم المتابعة','Section',60,'2026-01-11 11:28:44','2026-01-11 11:28:44'),
(66,'SEC041','قسم التأشيرات والحجز','Section',59,'2026-01-11 11:28:44','2026-01-11 11:28:44'),
(67,'SEC042','قسم الإستقبال والضيافة','Section',59,'2026-01-11 11:28:44','2026-01-11 11:28:44'),
(68,'SEC043','قسم إدارة المخاطر','Section',2,'2026-01-11 11:28:44','2026-01-11 11:28:44'),
(69,'DEP016','ملحقية شؤون الحج والأوقاف','Department',2,'2026-01-11 11:28:44','2026-01-11 11:28:44'),
(70,'DEP017','دائرة التدقيق الداخلي','Department',2,'2026-01-11 11:28:44','2026-01-11 11:28:44'),
(71,'SEC044','قسم الرقابة الإدارية والمالية','Section',72,'2026-01-11 11:28:44','2026-01-11 11:28:44'),
(72,'SEC045','قسم مراجعة المصروفات والإيرادات','Section',72,'2026-01-11 11:28:44','2026-01-11 11:28:44'),
(73,'SEC046','قسم التدقيق الداخلي بالمديرية العامة للأوقاف والشؤون الدينية بمحافظة ظفار','Section',72,'2026-01-11 11:28:44','2026-01-11 11:28:44'),
(74,'DEP018','دائرة التواصل والإعلام','Department',2,'2026-01-11 11:28:44','2026-01-11 11:28:44'),
(75,'SEC047','قسم الإعلام','Section',76,'2026-01-11 11:28:44','2026-01-11 11:28:44'),
(76,'SEC048','قسم التواصل الرقمي','Section',76,'2026-01-11 11:28:44','2026-01-11 11:28:44'),
(77,'SEC049','قسم المحتوى الإبداعي','Section',76,'2026-01-11 11:28:44','2026-01-11 11:28:44'),
(78,'DEP019','دائرة الوثائق','Department',2,'2026-01-11 11:28:44','2026-01-11 11:28:44'),
(79,'DEP020','دائرة خدمة المراجعين','Department',2,'2026-01-11 11:28:44','2026-01-11 11:28:44'),
(80,'SEC050','قسم البريد','Section',80,'2026-01-11 11:28:44','2026-01-11 11:28:44'),
(81,'SEC051','قسم الحفظ','Section',80,'2026-01-11 11:28:44','2026-01-11 11:28:44'),
(82,'SEC052','قسم تنظيم الوثائق','Section',80,'2026-01-11 11:28:44','2026-01-11 11:28:44'),
(83,'SEC053','قسم الإستقبال والمتابعة','Section',81,'2026-01-11 11:28:44','2026-01-11 11:28:44'),
(84,'SEC054','قسم مركز الإتصالات','Section',81,'2026-01-11 11:28:44','2026-01-11 11:28:44'),
(85,'DEP021','مكتب متابعة تنفيذ رؤية عمان 2040','Department',2,'2026-01-11 11:28:44','2026-01-11 11:28:44'),
(86,'DEP022','مكتب الأمن','Department',2,'2026-01-11 11:28:44','2026-01-11 11:28:44'),
(87,'SEC055','قسم أمن المنشآت','Section',88,'2026-01-11 11:28:44','2026-01-11 11:28:44'),
(88,'SEC056','قسم المعلومات الأمنية','Section',88,'2026-01-11 11:28:44','2026-01-11 11:28:44'),
(89,'SEC057','قسم أمن المعلومات الإلكترونية','Section',2,'2026-01-11 11:28:44','2026-01-11 11:28:44'),
(90,'EXP003','الخبراء','Expert',5,'2026-01-11 11:28:44','2026-01-11 11:28:44'),
(91,'DEP023','الدائرة القانونية','Department',5,'2026-01-11 11:28:44','2026-01-11 11:28:44'),
(92,'DEP024','دائرة الشؤون الفلكية','Department',5,'2026-01-11 11:28:44','2026-01-11 11:28:44'),
(93,'SEC058','قسم البحوث القانونية والرأي','Section',93,'2026-01-11 11:28:44','2026-01-11 11:28:44'),
(94,'SEC059','قسم التشريع والعقود','Section',93,'2026-01-11 11:28:44','2026-01-11 11:28:44'),
(95,'SEC060','قسم التحقيقات والشكاوى','Section',93,'2026-01-11 11:28:44','2026-01-11 11:28:44'),
(96,'SEC061','قسم الدعاوى وتنفيذ الأحكام القضائية','Section',93,'2026-01-11 11:28:44','2026-01-11 11:28:44'),
(97,'SEC062','قسم المراصد والمناظير الفلكية','Section',94,'2026-01-11 11:28:44','2026-01-11 11:28:44'),
(98,'SEC063','قسم رصد الأهلة','Section',94,'2026-01-11 11:28:44','2026-01-11 11:28:44'),
(99,'SEC064','قسم التقويم الهجري والتقارير الفلكية','Section',94,'2026-01-11 11:28:44','2026-01-11 11:28:44'),
(100,'DEP025','مكتب الوكيل','Department',5,'2026-01-11 11:28:44','2026-01-11 11:28:44'),
(101,'SEC065','قسم التنسيق','Section',102,'2026-01-11 11:28:44','2026-01-11 11:28:44'),
(102,'SEC066','قسم المتابعة','Section',102,'2026-01-11 11:28:44','2026-01-11 11:28:44'),
(103,'SEC067','قسم المجالس واللجان','Section',102,'2026-01-11 11:28:44','2026-01-11 11:28:44'),
(104,'DEP026','دائرة الرعاية الدينية','Department',5,'2026-01-11 11:28:44','2026-01-11 11:28:44'),
(105,'SEC068','قسم الديانات','Section',106,'2026-01-11 11:28:44','2026-01-11 11:28:44'),
(106,'SEC069','قسم المتابعة الدينية','Section',106,'2026-01-11 11:28:44','2026-01-11 11:28:44'),
(107,'DIR004','إدارة الأوقاف والشؤون الدينية بمحافظة الداخلية','Directorate',5,'2026-01-11 11:28:44','2026-01-11 11:28:44'),
(108,'SEC070','قسم الشؤون الإسلامية','Section',109,'2026-01-11 11:28:44','2026-01-11 11:28:44'),
(109,'SEC071','قسم الشؤون الإدارية والمالية','Section',109,'2026-01-11 11:28:44','2026-01-11 11:28:44'),
(110,'SEC072','قسم الأوقاف وإعمار المساجد ومدارس القرآن الكريم','Section',109,'2026-01-11 11:28:44','2026-01-11 11:28:44'),
(111,'SEC073','قسم التعريف بالإسلام والتبادل الثقافي','Section',109,'2026-01-11 11:28:44','2026-01-11 11:28:44'),
(112,'SEC074','مركز التعليم والإرشاد النسوي','Section',109,'2026-01-11 11:28:44','2026-01-11 11:28:44'),
(113,'DIR005','إدارة الأوقاف والشؤون الدينية بمحافظة الظاهرة','Directorate',5,'2026-01-11 11:28:44','2026-01-11 11:28:44'),
(114,'SEC075','قسم الشؤون الإسلامية','Section',115,'2026-01-11 11:28:44','2026-01-11 11:28:44'),
(115,'SEC076','قسم الشؤون الإدارية والمالية','Section',115,'2026-01-11 11:28:44','2026-01-11 11:28:44'),
(116,'SEC077','قسم الأوقاف وإعمار المساجد ومدارس القرآن الكريم','Section',115,'2026-01-11 11:28:44','2026-01-11 11:28:44'),
(117,'SEC078','قسم التعريف بالإسلام والتبادل الثقافي','Section',115,'2026-01-11 11:28:44','2026-01-11 11:28:44'),
(118,'SEC079','مركز التعليم والإرشاد النسوي','Section',115,'2026-01-11 11:28:44','2026-01-11 11:28:44'),
(119,'SEC080','قسم الشؤون القانونية','Section',109,'2026-01-11 11:28:44','2026-01-11 11:28:44'),
(120,'SEC081','قسم الشؤون القانونية','Section',115,'2026-01-11 11:28:44','2026-01-11 11:28:44'),
(121,'DIR006','إدارة الأوقاف والشؤون الدينية بمحافظة البريمي','Directorate',5,'2026-01-11 11:28:44','2026-01-11 11:28:44'),
(122,'SEC082','قسم الشؤون الإسلامية','Section',123,'2026-01-11 11:28:44','2026-01-11 11:28:44'),
(123,'SEC083','قسم الشؤون الإدارية والمالية','Section',123,'2026-01-11 11:28:44','2026-01-11 11:28:44'),
(124,'SEC084','قسم الأوقاف وإعمار المساجد ومدارس القرآن الكريم','Section',123,'2026-01-11 11:28:44','2026-01-11 11:28:44'),
(125,'SEC085','قسم التعريف بالإسلام والتبادل الثقافي','Section',123,'2026-01-11 11:28:44','2026-01-11 11:28:44'),
(126,'SEC086','مركز التعليم والإرشاد النسوي','Section',123,'2026-01-11 11:28:44','2026-01-11 11:28:44'),
(127,'SEC087','قسم الشؤون القانونية','Section',123,'2026-01-11 11:28:44','2026-01-11 11:28:44'),
(128,'DIR007','إدارة الأوقاف والشؤون الدينية بمحافظة مسندم','Directorate',5,'2026-01-11 11:28:44','2026-01-11 11:28:44'),
(129,'SEC088','قسم الشؤون الإسلامية','Section',130,'2026-01-11 11:28:44','2026-01-11 11:28:44'),
(130,'SEC089','قسم الشؤون الإدارية والمالية','Section',130,'2026-01-11 11:28:44','2026-01-11 11:28:44'),
(131,'SEC090','قسم الأوقاف وإعمار المساجد ومدارس القرآن الكريم','Section',130,'2026-01-11 11:28:44','2026-01-11 11:28:44'),
(132,'SEC091','قسم التعريف بالإسلام والتبادل الثقافي','Section',130,'2026-01-11 11:28:44','2026-01-11 11:28:44'),
(133,'SEC092','مركز التعليم والإرشاد النسوي','Section',130,'2026-01-11 11:28:44','2026-01-11 11:28:44'),
(134,'SEC093','قسم الشؤون القانونية','Section',130,'2026-01-11 11:28:44','2026-01-11 11:28:44'),
(135,'DIR008','إدارة الأوقاف والشؤون الدينية بمحافظة شمال الباطنة','Directorate',5,'2026-01-11 11:28:44','2026-01-11 11:28:44'),
(136,'SEC094','قسم الشؤون الإسلامية','Section',137,'2026-01-11 11:28:44','2026-01-11 11:28:44'),
(137,'SEC095','قسم الشؤون الإدارية والمالية','Section',137,'2026-01-11 11:28:44','2026-01-11 11:28:44'),
(138,'SEC096','قسم الأوقاف وإعمار المساجد ومدارس القرآن الكريم','Section',137,'2026-01-11 11:28:44','2026-01-11 11:28:44'),
(139,'SEC097','قسم التعريف بالإسلام والتبادل الثقافي','Section',137,'2026-01-11 11:28:44','2026-01-11 11:28:44'),
(140,'SEC098','مركز التعليم والإرشاد النسوي','Section',137,'2026-01-11 11:28:44','2026-01-11 11:28:44'),
(141,'SEC099','قسم الشؤون القانونية','Section',137,'2026-01-11 11:28:44','2026-01-11 11:28:44'),
(142,'DIR009','إدارة الأوقاف والشؤون الدينية بمحافظة جنوب الباطنة','Directorate',5,'2026-01-11 11:28:44','2026-01-11 11:28:44'),
(143,'SEC100','قسم الشؤون الإسلامية','Section',144,'2026-01-11 11:28:44','2026-01-11 11:28:44'),
(144,'SEC101','قسم الشؤون الإدارية والمالية','Section',144,'2026-01-11 11:28:44','2026-01-11 11:28:44'),
(145,'SEC102','قسم الأوقاف وإعمار المساجد ومدارس القرآن الكريم','Section',144,'2026-01-11 11:28:44','2026-01-11 11:28:44'),
(146,'SEC103','قسم التعريف بالإسلام والتبادل الثقافي','Section',144,'2026-01-11 11:28:44','2026-01-11 11:28:44'),
(147,'SEC104','مركز التعليم والإرشاد النسوي','Section',144,'2026-01-11 11:28:44','2026-01-11 11:28:44'),
(148,'SEC105','قسم الشؤون القانونية','Section',144,'2026-01-11 11:28:44','2026-01-11 11:28:44'),
(149,'DIR010','إدارة الأوقاف والشؤون الدينية بمحافظة شمال الشرقية','Directorate',5,'2026-01-11 11:28:44','2026-01-11 11:28:44'),
(150,'SEC106','قسم الشؤون الإسلامية','Section',151,'2026-01-11 11:28:44','2026-01-11 11:28:44'),
(151,'SEC107','قسم الشؤون الإدارية والمالية','Section',151,'2026-01-11 11:28:44','2026-01-11 11:28:44'),
(152,'SEC108','قسم الأوقاف وإعمار المساجد ومدارس القرآن الكريم','Section',151,'2026-01-11 11:28:44','2026-01-11 11:28:44'),
(153,'SEC109','قسم التعريف بالإسلام والتبادل الثقافي','Section',151,'2026-01-11 11:28:44','2026-01-11 11:28:44'),
(154,'SEC110','مركز التعليم والإرشاد النسوي','Section',151,'2026-01-11 11:28:44','2026-01-11 11:28:44'),
(155,'SEC111','قسم الشؤون القانونية','Section',151,'2026-01-11 11:28:44','2026-01-11 11:28:44'),
(156,'DIR011','إدارة الأوقاف والشؤون الدينية بمحافظة جنوب الشرقية','Directorate',5,'2026-01-11 11:28:44','2026-01-11 11:28:44'),
(157,'SEC112','قسم الشؤون الإسلامية','Section',158,'2026-01-11 11:28:44','2026-01-11 11:28:44'),
(158,'SEC113','قسم الشؤون الإدارية والمالية','Section',158,'2026-01-11 11:28:44','2026-01-11 11:28:44'),
(159,'SEC114','قسم الأوقاف وإعمار المساجد ومدارس القرآن الكريم','Section',158,'2026-01-11 11:28:44','2026-01-11 11:28:44'),
(160,'SEC115','قسم التعريف بالإسلام والتبادل الثقافي','Section',158,'2026-01-11 11:28:44','2026-01-11 11:28:44'),
(161,'SEC116','مركز التعليم والإرشاد النسوي','Section',158,'2026-01-11 11:28:44','2026-01-11 11:28:44'),
(162,'SEC117','قسم الشؤون القانونية','Section',158,'2026-01-11 11:28:44','2026-01-11 11:28:44'),
(163,'DIR012','إدارة الأوقاف والشؤون الدينية بمحافظة الوسطى','Directorate',5,'2026-01-11 11:28:44','2026-01-11 11:28:44'),
(164,'SEC118','قسم الشؤون الإسلامية','Section',165,'2026-01-11 11:28:44','2026-01-11 11:28:44'),
(165,'SEC119','قسم الشؤون الإدارية والمالية','Section',165,'2026-01-11 11:28:44','2026-01-11 11:28:44'),
(166,'SEC120','قسم الأوقاف وإعمار المساجد ومدارس القرآن الكريم','Section',165,'2026-01-11 11:28:44','2026-01-11 11:28:44'),
(167,'SEC121','قسم التعريف بالإسلام والتبادل الثقافي','Section',165,'2026-01-11 11:28:44','2026-01-11 11:28:44'),
(168,'SEC122','مركز التعليم والإرشاد النسوي','Section',165,'2026-01-11 11:28:44','2026-01-11 11:28:44'),
(169,'SEC123','قسم الشؤون القانونية','Section',165,'2026-01-11 11:28:44','2026-01-11 11:28:44'),
(170,'DIR013','مكتب الأوقاف والشؤون الدينية بخصب','Directorate',5,'2026-01-11 11:28:44','2026-01-11 11:28:44'),
(171,'SEC124','قسم الشؤون الإسلامية','Section',172,'2026-01-11 11:28:44','2026-01-11 11:28:44'),
(172,'SEC125','قسم الشؤون الإدارية والمالية','Section',172,'2026-01-11 11:28:44','2026-01-11 11:28:44'),
(173,'SEC126','قسم الأوقاف وإعمار المساجد ومدارس القرآن الكريم','Section',172,'2026-01-11 11:28:44','2026-01-11 11:28:44'),
(174,'SEC127','قسم التعريف بالإسلام والتبادل الثقافي','Section',172,'2026-01-11 11:28:44','2026-01-11 11:28:44'),
(175,'SEC128','مركز التعليم والإرشاد النسوي','Section',172,'2026-01-11 11:28:44','2026-01-11 11:28:44'),
(176,'SEC129','قسم الشؤون القانونية','Section',172,'2026-01-11 11:28:44','2026-01-11 11:28:44'),
(177,'DIR014','مكتب الأوقاف والشؤون الدينية بالسويق','Directorate',5,'2026-01-11 11:28:44','2026-01-11 11:28:44'),
(178,'SEC130','قسم الشؤون الإسلامية','Section',179,'2026-01-11 11:28:44','2026-01-11 11:28:44'),
(179,'SEC131','قسم الشؤون الإدارية والمالية','Section',179,'2026-01-11 11:28:44','2026-01-11 11:28:44'),
(180,'SEC132','قسم الأوقاف وإعمار المساجد ومدارس القرآن الكريم','Section',179,'2026-01-11 11:28:44','2026-01-11 11:28:44'),
(181,'SEC133','قسم التعريف بالإسلام والتبادل الثقافي','Section',179,'2026-01-11 11:28:44','2026-01-11 11:28:44'),
(182,'SEC134','مركز التعليم والإرشاد النسوي','Section',179,'2026-01-11 11:28:44','2026-01-11 11:28:44'),
(183,'SEC135','قسم الشؤون القانونية','Section',179,'2026-01-11 11:28:44','2026-01-11 11:28:44'),
(184,'DIR015','مكتب الأوقاف والشؤون الدينية ببهلاء','Directorate',5,'2026-01-11 11:28:44','2026-01-11 11:28:44'),
(185,'SEC136','قسم الشؤون الإسلامية','Section',186,'2026-01-11 11:28:44','2026-01-11 11:28:44'),
(186,'SEC137','قسم الشؤون الإدارية والمالية','Section',186,'2026-01-11 11:28:44','2026-01-11 11:28:44'),
(187,'SEC138','قسم الأوقاف وإعمار المساجد ومدارس القرآن الكريم','Section',186,'2026-01-11 11:28:44','2026-01-11 11:28:44'),
(188,'SEC139','قسم التعريف بالإسلام والتبادل الثقافي','Section',186,'2026-01-11 11:28:44','2026-01-11 11:28:44'),
(189,'SEC140','مركز التعليم والإرشاد النسوي','Section',186,'2026-01-11 11:28:44','2026-01-11 11:28:44'),
(190,'SEC141','قسم الشؤون القانونية','Section',186,'2026-01-11 11:28:44','2026-01-11 11:28:44'),
(191,'DIR016','المديرية العامة للأوقاف والأموال وإعمار المساجد ومدارس القرآن الكريم','Directorate',5,'2026-01-11 11:28:44','2026-01-11 11:28:44'),
(192,'SEC142','قسم المخاطر وتقييم الإلتزام','Section',193,'2026-01-11 11:28:44','2026-01-11 11:28:44'),
(193,'SEC143','قسم التنسيق والمتابعة','Section',193,'2026-01-11 11:28:44','2026-01-11 11:28:44'),
(194,'DEP027','دائرة الأوقاف وبيت المال','Department',193,'2026-01-11 11:28:44','2026-01-11 11:28:44'),
(195,'SEC144','قسم إدارة أنظمة الأوقاف وبيت المال','Section',196,'2026-01-11 11:28:44','2026-01-11 11:28:44'),
(196,'SEC145','قسم تنمية الأوصول الأملاك','Section',196,'2026-01-11 11:28:44','2026-01-11 11:28:44'),
(197,'SEC146','قسم المؤسسات والصناديق الوقفية','Section',196,'2026-01-11 11:28:44','2026-01-11 11:28:44'),
(198,'SEC147','قسم الإشراف ووكلاء الأوقاف','Section',196,'2026-01-11 11:28:44','2026-01-11 11:28:44'),
(199,'SEC148','قسم الحسابات والمصروفات','Section',196,'2026-01-11 11:28:44','2026-01-11 11:28:44'),
(200,'DEP028','دائرة المنشآت والصيانة','Department',193,'2026-01-11 11:28:44','2026-01-11 11:28:44'),
(201,'SEC149','قسم الشؤون الفنية','Section',202,'2026-01-11 11:28:44','2026-01-11 11:28:44'),
(202,'SEC150','قسم الصيانة','Section',202,'2026-01-11 11:28:44','2026-01-11 11:28:44'),
(203,'SEC151','قسم الأراضي ونظم المعلومات الجغرافية والعنونة','Section',202,'2026-01-11 11:28:44','2026-01-11 11:28:44'),
(204,'DEP029','دائرة أموال الأيتام والقصر','Department',193,'2026-01-11 11:28:44','2026-01-11 11:28:44'),
(205,'SEC152','قسم إدارة أنظمة أموال الأيتام والقصر','Section',206,'2026-01-11 11:28:44','2026-01-11 11:28:44'),
(206,'SEC153','قسم تنمية الأصول والأملاك','Section',206,'2026-01-11 11:28:44','2026-01-11 11:28:44'),
(207,'SEC154','قسم الحسابات والمصروفات','Section',206,'2026-01-11 11:28:44','2026-01-11 11:28:44'),
(208,'DEP030','دائرة إعمار المساجد ومدارس القرآن الكريم','Department',193,'2026-01-11 11:28:44','2026-01-11 11:28:44'),
(209,'SEC155','قسم إدارة أنظمة المساجد ومدارس القرآن الكريم','Section',210,'2026-01-11 11:28:44','2026-01-11 11:28:44'),
(210,'SEC156','قسم الأصول والأملاك','Section',210,'2026-01-11 11:28:44','2026-01-11 11:28:44'),
(211,'SEC157','قسم الإشراف وأمناء المساجد','Section',210,'2026-01-11 11:28:44','2026-01-11 11:28:44'),
(212,'DIR017','المديرية العامة للشؤون الإدارية والمالية','Directorate',5,'2026-01-11 11:28:44','2026-01-11 11:28:44'),
(213,'SEC158','قسم التنسيق والمتابعة','Section',214,'2026-01-11 11:28:44','2026-01-11 11:28:44'),
(214,'DEP031','دائرة الشؤون الإدارية','Department',214,'2026-01-11 11:28:44','2026-01-11 11:28:44'),
(215,'SEC159','قسم خدمات وصيانة المباني الإدارية','Section',216,'2026-01-11 11:28:44','2026-01-11 11:28:44'),
(216,'SEC160','قسم المخازن','Section',216,'2026-01-11 11:28:44','2026-01-11 11:28:44'),
(217,'SEC161','قسم النقليات','Section',216,'2026-01-11 11:28:44','2026-01-11 11:28:44'),
(218,'DEP032','دائرة الموارد البشرية','Department',214,'2026-01-11 11:28:44','2026-01-11 11:28:44'),
(219,'SEC162','قسم شؤون الموظفين','Section',220,'2026-01-11 11:28:44','2026-01-11 11:28:44'),
(220,'SEC163','قسم إدارة بيانات الموارد البشرية','Section',220,'2026-01-11 11:28:44','2026-01-11 11:28:44'),
(221,'SEC164','قسم التنظيم وتصنيف الوظائف','Section',220,'2026-01-11 11:28:44','2026-01-11 11:28:44'),
(222,'SEC165','قسم تنمية الموار البشرية','Section',220,'2026-01-11 11:28:44','2026-01-11 11:28:44'),
(223,'SEC166','قسم التدريب عن بعد','Section',220,'2026-01-11 11:28:44','2026-01-11 11:28:44'),
(224,'DEP033','دائرة تقنية المعلومات','Department',214,'2026-01-11 11:28:44','2026-01-11 11:28:44'),
(225,'SEC167','قسم الأنظمة والبرامج','Section',226,'2026-01-11 11:28:44','2026-01-11 11:28:44'),
(226,'SEC168','قسم الشبكات','Section',226,'2026-01-11 11:28:44','2026-01-11 11:28:44'),
(227,'SEC169','قسم الدعم الفني','Section',226,'2026-01-11 11:28:44','2026-01-11 11:28:44'),
(228,'SEC170','قسم إدارة المشاريع الرقمية','Section',226,'2026-01-11 11:28:44','2026-01-11 11:28:44'),
(229,'SEC171','قسم البرمجة والتصميم وتطوير النظم','Section',226,'2026-01-11 11:28:44','2026-01-11 11:28:44'),
(230,'DEP034','دائرة الشؤون المالية','Department',214,'2026-01-11 11:28:44','2026-01-11 11:28:44'),
(231,'SEC172','قسم المصروفات','Section',232,'2026-01-11 11:28:44','2026-01-11 11:28:44'),
(232,'SEC173','قسم الخزينة','Section',232,'2026-01-11 11:28:44','2026-01-11 11:28:44'),
(233,'SEC174','قسم الرواتب','Section',232,'2026-01-11 11:28:44','2026-01-11 11:28:44'),
(234,'SEC175','قسم المشتريات','Section',232,'2026-01-11 11:28:44','2026-01-11 11:28:44'),
(235,'SEC176','قسم الموازنة الإنمائية والحسابات','Section',232,'2026-01-11 11:28:44','2026-01-11 11:28:44'),
(236,'SEC177','قسم الموازنة الجارية والرأسمالية','Section',232,'2026-01-11 11:28:44','2026-01-11 11:28:44'),
(237,'SEC178','قسم مراجعة فواتير المساجد','Section',232,'2026-01-11 11:28:44','2026-01-11 11:28:44'),
(238,'DIR018','المديرية العامة للوعظ والإرشاد','Directorate',5,'2026-01-11 11:28:44','2026-01-11 11:28:44'),
(239,'SEC179','قسم التنسيق والمتابعة','Section',240,'2026-01-11 11:28:44','2026-01-11 11:28:44'),
(240,'DEP035','دائرة الشؤون الإسلامية','Department',240,'2026-01-11 11:28:44','2026-01-11 11:28:44'),
(241,'SEC180','قسم إدارة القطاع المعرفي','Section',242,'2026-01-11 11:28:44','2026-01-11 11:28:44'),
(242,'SEC181','قسم الوعظ والإرشاد','Section',242,'2026-01-11 11:28:44','2026-01-11 11:28:44'),
(243,'SEC182','قسم الأئمة والخطباء','Section',242,'2026-01-11 11:28:44','2026-01-11 11:28:44'),
(244,'SEC183','قسم إعداد الكوادر الدينية','Section',242,'2026-01-11 11:28:44','2026-01-11 11:28:44'),
(245,'SEC184','قسم الإشراف والتوجيه','Section',242,'2026-01-11 11:28:44','2026-01-11 11:28:44'),
(246,'DEP036','دائرة التعليم والإرشاد النسوي','Department',240,'2026-01-11 11:28:44','2026-01-11 11:28:44'),
(247,'SEC185','قسم تعليم القرآن الكريم','Section',248,'2026-01-11 11:28:44','2026-01-11 11:28:44'),
(248,'SEC186','قسم الوعظ والإرشاد','Section',248,'2026-01-11 11:28:44','2026-01-11 11:28:44'),
(249,'SEC187','قسم الإشراف والتوجيه','Section',248,'2026-01-11 11:28:44','2026-01-11 11:28:44'),
(250,'DEP037','دائرة البحوث الشرعية','Department',240,'2026-01-11 11:28:44','2026-01-11 11:28:44'),
(251,'SEC188','قسم الخطب','Section',252,'2026-01-11 11:28:44','2026-01-11 11:28:44'),
(252,'SEC189','قسم المحتوى التعليمي والإرشاد','Section',252,'2026-01-11 11:28:44','2026-01-11 11:28:44'),
(253,'SEC190','قسم مناهج علوم القرآن الكريم','Section',252,'2026-01-11 11:28:44','2026-01-11 11:28:44'),
(254,'DEP038','دائرة الزكاة','Department',240,'2026-01-11 11:28:44','2026-01-11 11:28:44'),
(255,'SEC191','قسم إدارة أنظمة الزكاة','Section',256,'2026-01-11 11:28:44','2026-01-11 11:28:44'),
(256,'SEC192','قسم شؤون لجان الزكاة','Section',256,'2026-01-11 11:28:44','2026-01-11 11:28:44'),
(257,'DEP039','دائرة شؤون الحج','Department',240,'2026-01-11 11:28:44','2026-01-11 11:28:44'),
(258,'SEC193','قسم إدارة أنظمة الحج','Section',259,'2026-01-11 11:28:44','2026-01-11 11:28:44'),
(259,'SEC194','قسم شركات الحج','Section',259,'2026-01-11 11:28:44','2026-01-11 11:28:44'),
(260,'DIR019','المديرية العامة للأوقاف والشؤون الدينية بمحافظة ظفار','Directorate',5,'2026-01-11 11:28:44','2026-01-11 11:28:44'),
(261,'SEC195','قسم التنسيق والمتابعة','Section',262,'2026-01-11 11:28:44','2026-01-11 11:28:44'),
(262,'DEP040','دائرة الأوقاف وإعمار المساجد ومدارس القرآن الكريم','Department',262,'2026-01-11 11:28:44','2026-01-11 11:28:44'),
(263,'SEC196','قسم الأوقاف وبيت المال','Section',264,'2026-01-11 11:28:44','2026-01-11 11:28:44'),
(264,'SEC197','قسم إعمار المساجد ومدارس القرآن الكريم','Section',264,'2026-01-11 11:28:44','2026-01-11 11:28:44'),
(265,'SEC198','قسم المنشآت والصيانة','Section',264,'2026-01-11 11:28:44','2026-01-11 11:28:44'),
(266,'SEC199','قسم الحسابات والمصروفات','Section',264,'2026-01-11 11:28:44','2026-01-11 11:28:44'),
(267,'SEC200','قسم الوكلاء وأمناء المساجد','Section',264,'2026-01-11 11:28:44','2026-01-11 11:28:44'),
(268,'DEP041','دائرة الوعظ والإرشاد','Department',262,'2026-01-11 11:28:44','2026-01-11 11:28:44'),
(269,'SEC201','قسم الشؤون الإسلامية','Section',270,'2026-01-11 11:28:44','2026-01-11 11:28:44'),
(270,'SEC202','مركز التعليم والإرشاد النسوي','Section',270,'2026-01-11 11:28:44','2026-01-11 11:28:44'),
(271,'SEC203','قسم التوجيه والإشراف','Section',270,'2026-01-11 11:28:44','2026-01-11 11:28:44'),
(272,'DEP042','دائرة الشؤون الإدارية والمالية','Department',262,'2026-01-11 11:28:44','2026-01-11 11:28:44'),
(273,'SEC204','قسم الموارد البشرية','Section',274,'2026-01-11 11:28:44','2026-01-11 11:28:44'),
(274,'SEC205','قسم الشؤون الإدارية','Section',274,'2026-01-11 11:28:44','2026-01-11 11:28:44'),
(275,'SEC206','قسم الشؤون المالية','Section',274,'2026-01-11 11:28:44','2026-01-11 11:28:44'),
(276,'SEC207','قسم تقنية المعلومات','Section',274,'2026-01-11 11:28:44','2026-01-11 11:28:44'),
(277,'SEC208','قسم التعريف بالإسلام','Section',262,'2026-01-11 11:28:44','2026-01-11 11:28:44'),
(278,'SEC209','قسم البريد والوثائق','Section',262,'2026-01-11 11:28:44','2026-01-11 11:28:44'),
(279,'SEC210','قسم خدمة المراجعين','Section',262,'2026-01-11 11:28:44','2026-01-11 11:28:44'),
(280,'SEC211','قسم الشؤون القانونية','Section',262,'2026-01-11 11:28:44','2026-01-11 11:28:44'),
(281,'SEC212','قسم العلاقات','Section',262,'2026-01-11 11:28:44','2026-01-11 11:28:44');
/*!40000 ALTER TABLE `org_units` ENABLE KEYS */;
UNLOCK TABLES;
commit;

--
-- Table structure for table `password_reset_tokens`
--

DROP TABLE IF EXISTS `password_reset_tokens`;
/*!40101 SET @saved_cs_client     = @@character_set_client */;
/*!40101 SET character_set_client = utf8mb4 */;
CREATE TABLE `password_reset_tokens` (
  `email` varchar(255) NOT NULL,
  `token` varchar(255) NOT NULL,
  `created_at` timestamp NULL DEFAULT NULL,
  PRIMARY KEY (`email`)
) ENGINE=InnoDB DEFAULT CHARSET=utf8mb4 COLLATE=utf8mb4_unicode_ci;
/*!40101 SET character_set_client = @saved_cs_client */;

--
-- Dumping data for table `password_reset_tokens`
--

LOCK TABLES `password_reset_tokens` WRITE;
/*!40000 ALTER TABLE `password_reset_tokens` DISABLE KEYS */;
set autocommit=0;
/*!40000 ALTER TABLE `password_reset_tokens` ENABLE KEYS */;
UNLOCK TABLES;
commit;

--
-- Table structure for table `period_templates`
--

DROP TABLE IF EXISTS `period_templates`;
/*!40101 SET @saved_cs_client     = @@character_set_client */;
/*!40101 SET character_set_client = utf8mb4 */;
CREATE TABLE `period_templates` (
  `id` bigint(20) unsigned NOT NULL AUTO_INCREMENT,
  `cate` varchar(11) NOT NULL,
  `name` varchar(15) NOT NULL,
  PRIMARY KEY (`id`)
) ENGINE=InnoDB AUTO_INCREMENT=20 DEFAULT CHARSET=utf8mb4 COLLATE=utf8mb4_unicode_ci;
/*!40101 SET character_set_client = @saved_cs_client */;

--
-- Dumping data for table `period_templates`
--

LOCK TABLES `period_templates` WRITE;
/*!40000 ALTER TABLE `period_templates` DISABLE KEYS */;
set autocommit=0;
INSERT INTO `period_templates` VALUES
(1,'annually','السنة'),
(2,'half_yearly','النصف الأول'),
(3,'half_yearly','النصف الثاني'),
(4,'quarterly','الربع الأول'),
(5,'quarterly','الربع الثاني'),
(6,'quarterly','الربع الثالث'),
(7,'quarterly','الربع الرابع'),
(8,'monthly','شهر 1'),
(9,'monthly','شهر 2'),
(10,'monthly','شهر 3'),
(11,'monthly','شهر 4'),
(12,'monthly','شهر 5'),
(13,'monthly','شهر 6'),
(14,'monthly','شهر 7'),
(15,'monthly','شهر 8'),
(16,'monthly','شهر 9'),
(17,'monthly','شهر 10'),
(18,'monthly','شهر 11'),
(19,'monthly','شهر 12');
/*!40000 ALTER TABLE `period_templates` ENABLE KEYS */;
UNLOCK TABLES;
commit;

--
-- Table structure for table `permission_role`
--

DROP TABLE IF EXISTS `permission_role`;
/*!40101 SET @saved_cs_client     = @@character_set_client */;
/*!40101 SET character_set_client = utf8mb4 */;
CREATE TABLE `permission_role` (
  `role_id` bigint(20) unsigned NOT NULL,
  `permission_id` bigint(20) unsigned NOT NULL,
  PRIMARY KEY (`permission_id`,`role_id`),
  KEY `profile_permission_permission_id_foreign` (`permission_id`),
  KEY `permission_role_role_id_foreign` (`role_id`),
  CONSTRAINT `permission_role_permission_id_foreign` FOREIGN KEY (`permission_id`) REFERENCES `permissions` (`id`) ON DELETE CASCADE,
  CONSTRAINT `permission_role_role_id_foreign` FOREIGN KEY (`role_id`) REFERENCES `roles` (`id`) ON DELETE CASCADE
) ENGINE=InnoDB DEFAULT CHARSET=utf8mb4 COLLATE=utf8mb4_unicode_ci;
/*!40101 SET character_set_client = @saved_cs_client */;

--
-- Dumping data for table `permission_role`
--

LOCK TABLES `permission_role` WRITE;
/*!40000 ALTER TABLE `permission_role` DISABLE KEYS */;
set autocommit=0;
INSERT INTO `permission_role` VALUES
(3,1),
(3,2),
(3,3),
(3,4),
(3,5),
(3,6),
(3,7),
(3,8),
(3,9),
(3,10),
(3,11),
(3,12),
(3,13),
(3,14),
(3,15),
(3,16),
(3,17),
(3,18),
(3,19),
(3,20),
(3,21),
(3,22),
(3,23),
(3,24),
(3,25),
(3,26),
(3,27),
(3,28),
(3,29),
(3,31),
(3,32),
(3,33),
(3,34),
(3,35),
(3,36),
(3,37),
(3,38),
(3,39),
(3,40),
(3,41),
(3,42),
(3,43),
(3,44),
(7,44),
(3,45),
(7,45),
(3,46),
(7,46),
(3,47),
(3,48),
(7,48),
(3,49),
(3,50),
(3,51),
(3,52),
(3,53),
(3,54),
(3,55),
(3,56),
(3,57),
(3,58),
(3,59),
(3,60),
(3,61),
(3,62),
(3,63),
(3,64),
(3,65),
(3,66),
(3,67),
(3,68),
(3,69),
(3,70),
(3,71),
(3,72),
(3,73),
(3,74),
(3,75),
(3,76),
(3,77),
(3,78),
(3,79),
(3,80),
(3,81),
(3,82),
(3,83),
(3,84),
(3,85),
(3,86),
(3,87),
(3,88),
(3,89),
(3,90),
(3,91);
/*!40000 ALTER TABLE `permission_role` ENABLE KEYS */;
UNLOCK TABLES;
commit;

--
-- Table structure for table `permissions`
--

DROP TABLE IF EXISTS `permissions`;
/*!40101 SET @saved_cs_client     = @@character_set_client */;
/*!40101 SET character_set_client = utf8mb4 */;
CREATE TABLE `permissions` (
  `id` bigint(20) unsigned NOT NULL AUTO_INCREMENT,
  `title` varchar(100) NOT NULL,
  `slug` varchar(100) NOT NULL,
  `category` varchar(50) DEFAULT NULL,
  `description` text DEFAULT NULL,
  `created_at` timestamp NULL DEFAULT NULL,
  `updated_at` timestamp NULL DEFAULT NULL,
  PRIMARY KEY (`id`),
  UNIQUE KEY `permissions_slug_unique` (`slug`)
) ENGINE=InnoDB AUTO_INCREMENT=92 DEFAULT CHARSET=utf8mb4 COLLATE=utf8mb4_unicode_ci;
/*!40101 SET character_set_client = @saved_cs_client */;

--
-- Dumping data for table `permissions`
--

LOCK TABLES `permissions` WRITE;
/*!40000 ALTER TABLE `permissions` DISABLE KEYS */;
set autocommit=0;
INSERT INTO `permissions` VALUES
(1,'عرض قائمة المؤشرات','indicator.index','indicator','عرض قائمة المؤشرات',NULL,NULL),
(2,'إضافة مؤشر جديد','indicator.create','indicator','إضافة مؤشر جديد',NULL,NULL),
(3,'عرض ملاحظات المؤشر','indicator_feedback.show',NULL,NULL,NULL,NULL),
(4,'إعدادات المشاريع','project.index','setting','إعدادات المشاريع',NULL,NULL),
(5,'إضافة مشروع','project.create','setting','إضافة مشروع',NULL,NULL),
(6,'تعديل مشروع','project.edit','setting','تعديل مشروع',NULL,NULL),
(7,'عرض قائمة الأنشطة','activity.index','activity','عرض قائمة الأنشطة',NULL,NULL),
(8,'إضافة نشاط جديد','activity.create','activity','إضافة نشاط جديد',NULL,NULL),
(9,'إضافة نتائج التقييم','assessment_result.create','activity','إضافة نتائج التقييم',NULL,NULL),
(10,'تعديل نتائج التقييم','assessment_result.edit','activity','تعديل نتائج التقييم',NULL,NULL),
(11,'عرض قائمة الأسئلة','assessment_questions.index','activity','عرض قائمة الأسئلة',NULL,NULL),
(12,'إضافة سؤال تقييم','assessment_questions.create','activity','إضافة سؤال تقييم',NULL,NULL),
(13,'تعديل أسئلة التقييم','assessment_questions.edit','activity','تعديل أسئلة التقييم',NULL,NULL),
(14,'عرض تقرير الأداء','project_assessment_report','activity','عرض تقرير الأداء',NULL,NULL),
(15,'عرض الإحصائيات','statistic.index','statistic','عرض الإحصائيات',NULL,NULL),
(16,'إحصائيات القرآن الكريم','statistic.quran',NULL,NULL,NULL,NULL),
(17,'عرض قائمة الاستبانات','questionnaire.index','questionnaire','عرض قائمة الاستبانات',NULL,NULL),
(18,'إضافة استبانة جديدة','questionnaire.create','questionnaire','إضافة استبانة جديدة',NULL,NULL),
(19,'تعديل استبانة','questionnaire.edit','questionnaire','تعديل استبانة',NULL,NULL),
(20,'حذف استبانة','questionnaire.delete','questionnaire','حذف استبانة',NULL,NULL),
(21,'عرض إجابات الاستبانة','questionnaire.answer_index','questionnaire','عرض إجابات الاستبانة',NULL,NULL),
(22,'تعديل إجابات الاستبانة','questionnaire.answer_edit','questionnaire','تعديل إجابات الاستبانة',NULL,NULL),
(23,'تصدير نتائج الاستبانة','questionnaire.export','questionnaire','تصدير نتائج الاستبانة',NULL,NULL),
(24,'عرض المهام العامة','task.index','task','عرض المهام العامة',NULL,NULL),
(25,'إضافة موظف جديد','admin_users.create','structure','إضافة موظف جديد',NULL,NULL),
(26,'إدارة الهيكل (عام)','admin_structure.index','structure','إدارة الهيكل (عام)',NULL,NULL),
(27,'عرض الصلاحيات','permission.index','permission','عرض الصلاحيات',NULL,NULL),
(28,'عرض الهيكل التنظيمي','org_unit.index','structure','عرض الهيكل التنظيمي',NULL,NULL),
(29,'إضافة وحدة تنظيمية','org_unit.store','structure','إضافة وحدة تنظيمية',NULL,NULL),
(31,'عرض الأدوار','roles.index','permission','عرض الأدوار','2026-01-16 22:24:58','2026-01-16 22:24:58'),
(32,'إنشاء الأدوار','roles.create','permission','إنشاء الأدوار','2026-01-16 22:24:58','2026-01-16 22:24:58'),
(33,'تعديل الأدوار','roles.edit','permission','تعديل الأدوار','2026-01-16 22:24:58','2026-01-16 22:24:58'),
(34,'حذف الأدوار','roles.delete','permission','حذف الأدوار','2026-01-16 22:24:58','2026-01-16 22:24:58'),
(35,'تعيين الأدوار للمستخدمين','roles.assign','permission','تعيين الأدوار للمستخدمين','2026-01-16 22:24:58','2026-01-16 22:24:58'),
(36,'عرض فرق سير العمل','workflow_team.index','workflow','عرض فرق سير العمل','2026-01-16 22:26:34','2026-01-16 22:26:34'),
(37,'إنشاء فريق سير عمل','workflow_team.create','workflow','إنشاء فريق سير عمل','2026-01-16 22:26:34','2026-01-16 22:26:34'),
(38,'تعديل فريق سير عمل','workflow_team.edit','workflow','تعديل فريق سير عمل','2026-01-16 22:26:34','2026-01-16 22:26:34'),
(39,'حذف فريق سير عمل','workflow_team.delete','workflow','حذف فريق سير عمل','2026-01-16 22:26:34','2026-01-16 22:26:34'),
(40,'عرض تعريفات سير العمل','workflow_definition.index','workflow','عرض تعريفات سير العمل','2026-01-16 22:26:34','2026-01-16 22:26:34'),
(41,'إنشاء تعريف سير عمل','workflow_definition.create','workflow','إنشاء تعريف سير عمل','2026-01-16 22:26:34','2026-01-16 22:26:34'),
(42,'تعديل تعريف سير عمل','workflow_definition.edit','workflow','تعديل تعريف سير عمل','2026-01-16 22:26:34','2026-01-16 22:26:34'),
(43,'حذف تعريف سير عمل','workflow_definition.delete','workflow','حذف تعريف سير عمل','2026-01-16 22:26:34','2026-01-16 22:26:34'),
(44,'عرض الخطوات المعلقة','workflow.pending','workflow','عرض الخطوات المعلقة','2026-01-16 22:26:34','2026-01-16 22:26:34'),
(45,'الموافقة على الخطوات','workflow.approve','workflow','الموافقة على الخطوات','2026-01-16 22:26:34','2026-01-16 22:26:34'),
(46,'إرجاع الخطوات','workflow.return','workflow','إرجاع الخطوات','2026-01-16 22:26:34','2026-01-16 22:26:34'),
(47,'رفض الخطوات','workflow.reject','workflow','رفض الخطوات','2026-01-16 22:26:34','2026-01-16 22:26:34'),
(48,'عرض سجل سير العمل','workflow.history','workflow','عرض سجل سير العمل','2026-01-16 22:26:34','2026-01-16 22:26:34'),
(49,'لوحة تحكم سير العمل','admin.workflow.index','workflow','لوحة تحكم سير العمل',NULL,NULL),
(50,'رفع تقرير إنجاز المؤشر','indicator.report','indicator','رفع تقرير إنجاز المؤشر',NULL,NULL),
(51,'التحقق من إنجاز المؤشر','indicator.verify','indicator','التحقق من إنجاز المؤشر',NULL,NULL),
(52,'اعتماد تقرير المؤشر','indicator.approve','indicator','اعتماد تقرير المؤشر',NULL,NULL),
(53,'تعديل المؤشرات','indicator.edit','indicator','تعديل المؤشرات',NULL,NULL),
(54,'حذف المؤشرات','indicator.delete','indicator','حذف المؤشرات',NULL,NULL),
(55,'عرض أهداف القطاعات','admin.aim.index','aim','عرض أهداف القطاعات',NULL,NULL),
(56,'إضافة هدف قطاع','admin.aim.store','aim','إضافة هدف قطاع',NULL,NULL),
(57,'تعديل هدف قطاع','admin.aim.edit','aim','تعديل هدف قطاع',NULL,NULL),
(58,'حذف هدف قطاع','admin.aim.destroy','aim','حذف هدف قطاع',NULL,NULL),
(59,'عرض المحقق للأهداف','admin.aim_sector_feedback.index','aim','عرض المحقق للأهداف',NULL,NULL),
(60,'عرض تحليل SWOT','swot.index','swot','عرض تحليل SWOT',NULL,NULL),
(61,'إضافة تحليل SWOT','swot.create','swot','إضافة تحليل SWOT',NULL,NULL),
(62,'عرض التقويم','calendar.index','calendar','عرض التقويم',NULL,NULL),
(63,'إضافة حدث للتقويم','calendar.create','calendar','إضافة حدث للتقويم',NULL,NULL),
(64,'عرض الجدول الزمني','timeline.index','calendar','عرض الجدول الزمني',NULL,NULL),
(65,'تفاصيل الجدول الزمني','timeline.show','calendar','تفاصيل الجدول الزمني',NULL,NULL),
(66,'عرض قائمة المهام','mission.index','mission','عرض قائمة المهام',NULL,NULL),
(67,'إضافة مهمة','mission.store','mission','إضافة مهمة',NULL,NULL),
(68,'عرض محاضر الاجتماعات','meeting_minute.index','meeting_minute','عرض محاضر الاجتماعات',NULL,NULL),
(69,'إضافة محضر اجتماع','meeting_minute.create','meeting_minute','إضافة محضر اجتماع',NULL,NULL),
(70,'عرض تفاصيل المحضر','meeting_minute.show','meeting_minute','عرض تفاصيل المحضر',NULL,NULL),
(71,'تعديل محضر اجتماع','meeting_minute.edit','meeting_minute','تعديل محضر اجتماع',NULL,NULL),
(72,'حذف محضر اجتماع','meeting_minute.delete','meeting_minute','حذف محضر اجتماع',NULL,NULL),
(73,'عرض قائمة الورش','workshop.index','workshop','عرض قائمة الورش',NULL,NULL),
(74,'إضافة ورشة عمل','workshop.create','workshop','إضافة ورشة عمل',NULL,NULL),
(75,'عرض تفاصيل الورشة','workshop.show','workshop','عرض تفاصيل الورشة',NULL,NULL),
(76,'تعديل ورشة عمل','workshop.edit','workshop','تعديل ورشة عمل',NULL,NULL),
(77,'حذف ورشة عمل','workshop.delete','workshop','حذف ورشة عمل',NULL,NULL),
(78,'عرض المسابقات','admin.competitions.index','competition','عرض المسابقات',NULL,NULL),
(79,'عرض الاستمارات المالية','admin.finance_form.index','finance','عرض الاستمارات المالية',NULL,NULL),
(80,'عرض قائمة الاحتياجات','admin.finance_need.index','finance','عرض قائمة الاحتياجات',NULL,NULL),
(81,'عرض قائمة QR','qr.index','qr','عرض قائمة QR',NULL,NULL),
(82,'إنشاء QR code','qr.create','qr','إنشاء QR code',NULL,NULL),
(83,'عرض تفاصيل QR','qr.show','qr','عرض تفاصيل QR',NULL,NULL),
(84,'حذف QR code','qr.delete','qr','حذف QR code',NULL,NULL),
(85,'إنشاء وحدة تنظيمية','org_unit.create','structure','إنشاء وحدة تنظيمية',NULL,NULL),
(86,'تعديل وحدة تنظيمية','org_unit.edit','structure','تعديل وحدة تنظيمية',NULL,NULL),
(87,'عرض الهيكل الوظيفي','admin_position.index','structure','عرض الهيكل الوظيفي',NULL,NULL),
(88,'إضافة منصب وظيفي','admin_position.create','structure','إضافة منصب وظيفي',NULL,NULL),
(89,'حفظ منصب وظيفي','admin_position.store','structure','حفظ منصب وظيفي',NULL,NULL),
(90,'عرض قائمة الموظفين','admin_users.index','structure','عرض قائمة الموظفين',NULL,NULL),
(91,'تعيين صلاحيات/مناصب للموظف','admin_users.assign','structure','تعيين صلاحيات/مناصب للموظف',NULL,NULL);
/*!40000 ALTER TABLE `permissions` ENABLE KEYS */;
UNLOCK TABLES;
commit;

--
-- Table structure for table `positions`
--

DROP TABLE IF EXISTS `positions`;
/*!40101 SET @saved_cs_client     = @@character_set_client */;
/*!40101 SET character_set_client = utf8mb4 */;
CREATE TABLE `positions` (
  `id` bigint(20) unsigned NOT NULL AUTO_INCREMENT,
  `job_code` varchar(255) NOT NULL,
  `title` varchar(255) NOT NULL,
  `reports_to_position_id` bigint(20) unsigned DEFAULT NULL,
  `ordered` tinyint(4) NOT NULL DEFAULT 0,
  `created_at` timestamp NULL DEFAULT NULL,
  `updated_at` timestamp NULL DEFAULT NULL,
  PRIMARY KEY (`id`),
  UNIQUE KEY `positions_job_code_unique` (`job_code`),
  KEY `positions_reports_to_position_id_foreign` (`reports_to_position_id`),
  CONSTRAINT `positions_reports_to_position_id_foreign` FOREIGN KEY (`reports_to_position_id`) REFERENCES `positions` (`id`) ON DELETE SET NULL
) ENGINE=InnoDB AUTO_INCREMENT=75 DEFAULT CHARSET=utf8mb4 COLLATE=utf8mb4_unicode_ci;
/*!40101 SET character_set_client = @saved_cs_client */;

--
-- Dumping data for table `positions`
--

LOCK TABLES `positions` WRITE;
/*!40000 ALTER TABLE `positions` DISABLE KEYS */;
set autocommit=0;
INSERT INTO `positions` VALUES
(1,'MGT-001','وزير',NULL,0,'2026-01-11 11:27:48','2026-01-11 11:27:48'),
(2,'MGT-002','المفتي العام للسلطنة',NULL,0,'2026-01-11 11:27:48','2026-01-11 11:27:48'),
(3,'MGT-003','مساعد المفتي العام',NULL,0,'2026-01-11 11:27:48','2026-01-11 11:27:48'),
(4,'MGT-004','الأمين العام',NULL,0,'2026-01-11 11:27:48','2026-01-11 11:27:48'),
(5,'MGT-005','وكيل',NULL,0,'2026-01-11 11:27:48','2026-01-11 11:27:48'),
(6,'MGT-006','مدير عام',NULL,0,'2026-01-11 11:27:48','2026-01-11 11:27:48'),
(7,'MGT-007','مدير عام مساعد',NULL,0,'2026-01-11 11:27:48','2026-01-11 11:27:48'),
(8,'MGT-008','مدير دائرة',NULL,0,'2026-01-11 11:27:48','2026-01-11 11:27:48'),
(9,'MGT-009','مدير مختص',NULL,0,'2026-01-11 11:27:48','2026-01-11 11:27:48'),
(10,'MGT-010','مدير مساعد',NULL,0,'2026-01-11 11:27:48','2026-01-11 11:27:48'),
(11,'MGT-011','رئيس قسم',NULL,0,'2026-01-11 11:27:48','2026-01-11 11:27:48'),
(12,'MGT-012','رئيس مكتب',NULL,0,'2026-01-11 11:27:48','2026-01-11 11:27:48'),
(13,'MGT-013','رئيس مكتب مساعد',NULL,0,'2026-01-11 11:27:48','2026-01-11 11:27:48'),
(14,'MGT-014','مستشار',NULL,0,'2026-01-11 11:27:48','2026-01-11 11:27:48'),
(15,'MGT-015','خبير',NULL,0,'2026-01-11 11:27:48','2026-01-11 11:27:48'),
(16,'MGT-016','خبير بحوث ودراسات',NULL,0,'2026-01-11 11:27:48','2026-01-11 11:27:48'),
(17,'REL-001','إمام مسجد',NULL,0,'2026-01-11 11:27:48','2026-01-11 11:27:48'),
(18,'REL-002','إمام وخطيب',NULL,0,'2026-01-11 11:27:48','2026-01-11 11:27:48'),
(19,'REL-003','مساعد إمام وخطيب',NULL,0,'2026-01-11 11:27:48','2026-01-11 11:27:48'),
(20,'REL-004','مؤذن',NULL,0,'2026-01-11 11:27:48','2026-01-11 11:27:48'),
(21,'REL-005','واعظ ديني',NULL,0,'2026-01-11 11:27:48','2026-01-11 11:27:48'),
(22,'REL-006','مرشد ديني',NULL,0,'2026-01-11 11:27:48','2026-01-11 11:27:48'),
(23,'REL-007','مساعد مرشد ديني',NULL,0,'2026-01-11 11:27:48','2026-01-11 11:27:48'),
(24,'REL-008','مراقب ديني',NULL,0,'2026-01-11 11:27:48','2026-01-11 11:27:48'),
(25,'REL-009','أمين فتوى',NULL,0,'2026-01-11 11:27:48','2026-01-11 11:27:48'),
(26,'REL-010','باحث فتوى',NULL,0,'2026-01-11 11:27:48','2026-01-11 11:27:48'),
(27,'REL-011','أخصائي وعظ وارشاد',NULL,0,'2026-01-11 11:27:48','2026-01-11 11:27:48'),
(28,'REL-012','أخصائي خطب دينية',NULL,0,'2026-01-11 11:27:48','2026-01-11 11:27:48'),
(29,'REL-013','جابي زكاة',NULL,0,'2026-01-11 11:27:48','2026-01-11 11:27:48'),
(30,'REL-014','موجه ديني',NULL,0,'2026-01-11 11:27:48','2026-01-11 11:27:48'),
(31,'REL-015','باحث شؤون دينية',NULL,0,'2026-01-11 11:27:48','2026-01-11 11:27:48'),
(32,'ADM-001','باحث شؤون إدارية',NULL,0,'2026-01-11 11:27:48','2026-01-11 11:27:48'),
(33,'ADM-002','كاتب شؤون إدارية',NULL,0,'2026-01-11 11:27:48','2026-01-11 11:27:48'),
(34,'ADM-003','كاتب شؤون مالية',NULL,0,'2026-01-11 11:27:48','2026-01-11 11:27:48'),
(35,'ADM-004','كاتب شؤون موظفين',NULL,0,'2026-01-11 11:27:48','2026-01-11 11:27:48'),
(36,'ADM-005','كاتب شؤون قانونية',NULL,0,'2026-01-11 11:27:48','2026-01-11 11:27:48'),
(37,'ADM-006','كاتب شؤون فنية',NULL,0,'2026-01-11 11:27:48','2026-01-11 11:27:48'),
(38,'ADM-007','مدخل بيانات',NULL,0,'2026-01-11 11:27:48','2026-01-11 11:27:48'),
(39,'ADM-008','طباع',NULL,0,'2026-01-11 11:27:48','2026-01-11 11:27:48'),
(40,'ADM-009','منسق',NULL,0,'2026-01-11 11:27:48','2026-01-11 11:27:48'),
(41,'ADM-010','مراسل',NULL,0,'2026-01-11 11:27:48','2026-01-11 11:27:48'),
(42,'ADM-011','أمين خزينة',NULL,0,'2026-01-11 11:27:48','2026-01-11 11:27:48'),
(43,'ADM-012','أمين مخزن',NULL,0,'2026-01-11 11:27:48','2026-01-11 11:27:48'),
(44,'ADM-013','محاسب',NULL,0,'2026-01-11 11:27:48','2026-01-11 11:27:48'),
(45,'ADM-014','محرر إعلامي',NULL,0,'2026-01-11 11:27:48','2026-01-11 11:27:48'),
(46,'ADM-015','مدقق لغوي',NULL,0,'2026-01-11 11:27:48','2026-01-11 11:27:48'),
(47,'IT-001','مبرمج حاسب آلي',NULL,0,'2026-01-11 11:27:48','2026-01-11 11:27:48'),
(48,'IT-002','محلل نظم',NULL,0,'2026-01-11 11:27:48','2026-01-11 11:27:48'),
(49,'IT-003','مطور صفحات انترنت',NULL,0,'2026-01-11 11:27:48','2026-01-11 11:27:48'),
(50,'IT-004','أخصائي أمن معلومات',NULL,0,'2026-01-11 11:27:48','2026-01-11 11:27:48'),
(51,'IT-005','أخصائي شبكات',NULL,0,'2026-01-11 11:27:48','2026-01-11 11:27:48'),
(52,'IT-006','فني شبكات',NULL,0,'2026-01-11 11:27:48','2026-01-11 11:27:48'),
(53,'IT-007','فني أنظمة',NULL,0,'2026-01-11 11:27:48','2026-01-11 11:27:48'),
(54,'IT-008','فني برمجة',NULL,0,'2026-01-11 11:27:48','2026-01-11 11:27:48'),
(55,'IT-009','فني تشغيل اجهزة',NULL,0,'2026-01-11 11:27:48','2026-01-11 11:27:48'),
(56,'IT-010','فني تصميم وتطوير النظم',NULL,0,'2026-01-11 11:27:48','2026-01-11 11:27:48'),
(57,'IT-011','مصمم جرافيك',NULL,0,'2026-01-11 11:27:48','2026-01-11 11:27:48'),
(58,'IT-012','فني تصميم جرافيكي',NULL,0,'2026-01-11 11:27:48','2026-01-11 11:27:48'),
(59,'ENG-001','مهندس كهرباء',NULL,0,'2026-01-11 11:27:48','2026-01-11 11:27:48'),
(60,'ENG-002','مهندس مدني',NULL,0,'2026-01-11 11:27:48','2026-01-11 11:27:48'),
(61,'ENG-003','مهندس معماري',NULL,0,'2026-01-11 11:27:48','2026-01-11 11:27:48'),
(62,'ENG-004','رسام معماري',NULL,0,'2026-01-11 11:27:48','2026-01-11 11:27:48'),
(63,'ENG-005','فني كهرباء',NULL,0,'2026-01-11 11:27:48','2026-01-11 11:27:48'),
(64,'ENG-006','فني تبريد وتكييف',NULL,0,'2026-01-11 11:27:48','2026-01-11 11:27:48'),
(65,'ENG-007','فني انشاءات',NULL,0,'2026-01-11 11:27:48','2026-01-11 11:27:48'),
(66,'SRV-001','حارس',NULL,0,'2026-01-11 11:27:48','2026-01-11 11:27:48'),
(67,'SRV-002','مسؤول حرس',NULL,0,'2026-01-11 11:27:48','2026-01-11 11:27:48'),
(68,'SRV-003','عامل خدمات',NULL,0,'2026-01-11 11:27:48','2026-01-11 11:27:48'),
(69,'SRV-004','عامل نظافة',NULL,0,'2026-01-11 11:27:48','2026-01-11 11:27:48'),
(70,'SRV-005','عامل مسجد',NULL,0,'2026-01-11 11:27:48','2026-01-11 11:27:48'),
(71,'SRV-006','سائق خفيف',NULL,0,'2026-01-11 11:27:48','2026-01-11 11:27:48'),
(72,'SRV-007','سائق ثقيل',NULL,0,'2026-01-11 11:27:48','2026-01-11 11:27:48'),
(73,'SRV-008','سائق معدة',NULL,0,'2026-01-11 11:27:48','2026-01-11 11:27:48'),
(74,'SRV-009','سائق الوزير',NULL,0,'2026-01-11 11:27:48','2026-01-11 11:27:48');
/*!40000 ALTER TABLE `positions` ENABLE KEYS */;
UNLOCK TABLES;
commit;

--
-- Table structure for table `project_owners`
--

DROP TABLE IF EXISTS `project_owners`;
/*!40101 SET @saved_cs_client     = @@character_set_client */;
/*!40101 SET character_set_client = utf8mb4 */;
CREATE TABLE `project_owners` (
  `id` bigint(20) unsigned NOT NULL AUTO_INCREMENT,
  `project_id` bigint(20) unsigned NOT NULL,
  `org_unit_id` bigint(20) DEFAULT NULL,
  PRIMARY KEY (`id`),
  KEY `fk_project_id` (`project_id`),
  CONSTRAINT `fk_project_id` FOREIGN KEY (`project_id`) REFERENCES `projects` (`id`) ON DELETE CASCADE
) ENGINE=InnoDB DEFAULT CHARSET=utf8mb4 COLLATE=utf8mb4_unicode_ci;
/*!40101 SET character_set_client = @saved_cs_client */;

--
-- Dumping data for table `project_owners`
--

LOCK TABLES `project_owners` WRITE;
/*!40000 ALTER TABLE `project_owners` DISABLE KEYS */;
set autocommit=0;
/*!40000 ALTER TABLE `project_owners` ENABLE KEYS */;
UNLOCK TABLES;
commit;

--
-- Table structure for table `projects`
--

DROP TABLE IF EXISTS `projects`;
/*!40101 SET @saved_cs_client     = @@character_set_client */;
/*!40101 SET character_set_client = utf8mb4 */;
CREATE TABLE `projects` (
  `id` bigint(20) unsigned NOT NULL AUTO_INCREMENT,
  `title` varchar(255) NOT NULL,
  `cate` varchar(20) DEFAULT NULL,
  `description` text DEFAULT NULL,
  `executor_id` bigint(20) unsigned DEFAULT NULL,
  `indicator_id` bigint(20) NOT NULL,
  `current_year` varchar(4) NOT NULL DEFAULT '2025',
  `created_at` timestamp NULL DEFAULT NULL,
  `updated_at` timestamp NULL DEFAULT NULL,
  PRIMARY KEY (`id`)
) ENGINE=InnoDB AUTO_INCREMENT=27 DEFAULT CHARSET=utf8mb4 COLLATE=utf8mb4_unicode_ci;
/*!40101 SET character_set_client = @saved_cs_client */;

--
-- Dumping data for table `projects`
--

LOCK TABLES `projects` WRITE;
/*!40000 ALTER TABLE `projects` DISABLE KEYS */;
set autocommit=0;
INSERT INTO `projects` VALUES
(1,'تثمير',NULL,NULL,1,1,'2025','2025-10-11 09:54:46','2025-10-11 09:54:46'),
(2,'الوقف حياة',NULL,NULL,1,2,'2025','2025-10-11 09:55:30','2025-10-11 09:55:30'),
(3,'زكاتك',NULL,NULL,1,3,'2025','2025-10-11 12:19:38','2025-10-11 16:05:30'),
(4,'بصائر',NULL,NULL,1,4,'2025','2025-10-11 12:20:13','2025-10-11 12:20:13'),
(5,'شرعة ومنهاجا',NULL,NULL,1,4,'2025','2025-10-11 12:21:30','2025-10-11 12:21:30'),
(6,'نسك',NULL,NULL,1,4,'2025','2025-10-11 12:22:07','2025-10-11 12:22:07'),
(7,'برنامج الإفتاء',NULL,NULL,1,4,'2025','2025-10-11 12:22:54','2025-10-11 12:22:54'),
(8,'رسالة سلام',NULL,NULL,1,5,'2025','2025-10-11 12:23:11','2025-10-11 12:23:11'),
(9,'هويتنا مواطنة و أخلاق',NULL,NULL,1,6,'2025','2025-10-11 12:23:37','2025-10-11 12:23:37'),
(10,'نور القرآن',NULL,NULL,41,7,'2025','2025-10-11 12:24:48','2026-01-03 18:46:48'),
(11,'استدامة',NULL,NULL,41,8,'2025','2025-10-11 12:25:18','2026-01-03 18:48:41'),
(12,'التحول الرقمي',NULL,NULL,1,9,'2025','2025-10-11 12:25:48','2025-10-11 12:25:48'),
(13,'رضاكم',NULL,NULL,1,10,'2025','2025-10-11 12:26:11','2025-10-11 12:26:11'),
(14,'تثمير',NULL,'برنامج تنمية إيرادات الأوقاف وبيت المال والأيتام والقصر',41,59,'2026','2026-01-05 01:22:51','2026-01-05 10:10:32'),
(15,'الوقف حياة',NULL,'برنامج زيادة الأصول الوقفية',41,60,'2026','2026-01-05 01:22:51','2026-01-05 10:11:57'),
(16,'زكاة',NULL,'برنامج تعزيز إيرادات الزكاة',41,61,'2026','2026-01-05 01:22:51','2026-01-05 10:04:17'),
(17,'بصائر',NULL,NULL,1,62,'2026','2026-01-05 01:22:51','2026-01-05 01:22:51'),
(18,'شرعة ومنهاجا',NULL,NULL,1,62,'2026','2026-01-05 01:22:51','2026-01-05 01:22:51'),
(19,'نسك',NULL,NULL,1,62,'2026','2026-01-05 01:22:51','2026-01-05 01:22:51'),
(20,'برنامج الإفتاء',NULL,NULL,1,62,'2026','2026-01-05 01:22:51','2026-01-05 01:22:51'),
(21,'رسالة سلام',NULL,NULL,1,63,'2026','2026-01-05 01:22:51','2026-01-05 01:22:51'),
(22,'هويتنا مواطنة و أخلاق',NULL,NULL,1,64,'2026','2026-01-05 01:22:51','2026-01-05 01:22:51'),
(23,'نور القرآن',NULL,NULL,41,65,'2026','2026-01-05 01:22:51','2026-01-05 01:22:51'),
(24,'استدامة',NULL,NULL,41,66,'2026','2026-01-05 01:22:51','2026-01-05 01:22:51'),
(25,'التحول الرقمي',NULL,NULL,1,67,'2026','2026-01-05 01:22:51','2026-01-05 01:22:51'),
(26,'رضاكم',NULL,NULL,1,68,'2026','2026-01-05 01:22:51','2026-01-05 01:22:51');
/*!40000 ALTER TABLE `projects` ENABLE KEYS */;
UNLOCK TABLES;
commit;

--
-- Table structure for table `qr_codes`
--

DROP TABLE IF EXISTS `qr_codes`;
/*!40101 SET @saved_cs_client     = @@character_set_client */;
/*!40101 SET character_set_client = utf8mb4 */;
CREATE TABLE `qr_codes` (
  `id` bigint(20) unsigned NOT NULL AUTO_INCREMENT,
  `content` varchar(255) NOT NULL,
  `written_by` bigint(20) unsigned NOT NULL,
  `created_at` timestamp NULL DEFAULT NULL,
  `updated_at` timestamp NULL DEFAULT NULL,
  PRIMARY KEY (`id`),
  KEY `qr_codes_written_by_foreign` (`written_by`),
  CONSTRAINT `qr_codes_written_by_foreign` FOREIGN KEY (`written_by`) REFERENCES `users` (`id`) ON DELETE CASCADE
) ENGINE=InnoDB AUTO_INCREMENT=2 DEFAULT CHARSET=utf8mb4 COLLATE=utf8mb4_unicode_ci;
/*!40101 SET character_set_client = @saved_cs_client */;

--
-- Dumping data for table `qr_codes`
--

LOCK TABLES `qr_codes` WRITE;
/*!40000 ALTER TABLE `qr_codes` DISABLE KEYS */;
set autocommit=0;
INSERT INTO `qr_codes` VALUES
(1,'https://abukhalil2b.github.io/lotty/index.html',1,'2026-01-18 22:09:47','2026-01-18 22:09:47');
/*!40000 ALTER TABLE `qr_codes` ENABLE KEYS */;
UNLOCK TABLES;
commit;

--
-- Table structure for table `questionnaires`
--

DROP TABLE IF EXISTS `questionnaires`;
/*!40101 SET @saved_cs_client     = @@character_set_client */;
/*!40101 SET character_set_client = utf8mb4 */;
CREATE TABLE `questionnaires` (
  `id` bigint(20) unsigned NOT NULL AUTO_INCREMENT,
  `title` varchar(255) NOT NULL,
  `is_active` tinyint(1) NOT NULL DEFAULT 1,
  `target_response` enum('open_for_all','registerd_only') NOT NULL,
  `public_hash` varchar(64) DEFAULT NULL,
  `created_at` timestamp NULL DEFAULT NULL,
  `updated_at` timestamp NULL DEFAULT NULL,
  PRIMARY KEY (`id`),
  UNIQUE KEY `questionnaires_public_hash_unique` (`public_hash`)
) ENGINE=InnoDB AUTO_INCREMENT=5 DEFAULT CHARSET=utf8mb4 COLLATE=utf8mb4_unicode_ci;
/*!40101 SET character_set_client = @saved_cs_client */;

--
-- Dumping data for table `questionnaires`
--

LOCK TABLES `questionnaires` WRITE;
/*!40000 ALTER TABLE `questionnaires` DISABLE KEYS */;
set autocommit=0;
INSERT INTO `questionnaires` VALUES
(2,'تقييم معرض ومؤتمر الحج',0,'open_for_all','WfC6eB4616TRFFzDeUsdXDlL2B4nNJDD','2025-10-28 09:41:20','2025-11-04 11:22:49'),
(3,'تقييم ورشة اعداد الخطط التفصيلية 2026',1,'open_for_all','Jqm0YjjszfCeVsZOIlY3OuET5ZlbSCAm','2025-11-03 06:33:59','2025-11-03 06:33:59'),
(4,'بطاقة الجودة المؤسسية لدائرة',1,'open_for_all','J5kDfbFq7v5P2e0Jb0YPeK1CET0DsEaZ','2026-01-07 09:17:56','2026-01-07 09:19:37');
/*!40000 ALTER TABLE `questionnaires` ENABLE KEYS */;
UNLOCK TABLES;
commit;

--
-- Table structure for table `questions`
--

DROP TABLE IF EXISTS `questions`;
/*!40101 SET @saved_cs_client     = @@character_set_client */;
/*!40101 SET character_set_client = utf8mb4 */;
CREATE TABLE `questions` (
  `id` bigint(20) unsigned NOT NULL AUTO_INCREMENT,
  `questionnaire_id` bigint(20) unsigned NOT NULL,
  `type` enum('single','multiple','range','text','date','dropdown') NOT NULL,
  `question_text` varchar(255) NOT NULL,
  `description` text DEFAULT NULL,
  `min_value` tinyint(3) unsigned DEFAULT NULL,
  `max_value` tinyint(3) unsigned DEFAULT NULL,
  `ordered` int(10) unsigned NOT NULL DEFAULT 0,
  `note_attachment` tinyint(1) NOT NULL DEFAULT 0,
  `parent_question_id` bigint(20) DEFAULT NULL,
  `created_at` timestamp NULL DEFAULT NULL,
  `updated_at` timestamp NULL DEFAULT NULL,
  PRIMARY KEY (`id`),
  KEY `questions_questionnaire_id_foreign` (`questionnaire_id`),
  CONSTRAINT `questions_questionnaire_id_foreign` FOREIGN KEY (`questionnaire_id`) REFERENCES `questionnaires` (`id`) ON DELETE CASCADE
) ENGINE=InnoDB AUTO_INCREMENT=23 DEFAULT CHARSET=utf8mb4 COLLATE=utf8mb4_unicode_ci;
/*!40101 SET character_set_client = @saved_cs_client */;

--
-- Dumping data for table `questions`
--

LOCK TABLES `questions` WRITE;
/*!40000 ALTER TABLE `questions` DISABLE KEYS */;
set autocommit=0;
INSERT INTO `questions` VALUES
(2,2,'dropdown','المحافظات',NULL,NULL,NULL,0,0,NULL,'2025-10-28 09:41:20','2025-10-28 09:41:20'),
(3,2,'dropdown','الولايات',NULL,NULL,NULL,1,0,2,'2025-10-28 09:41:20','2025-10-28 09:41:20'),
(4,3,'text','الاسم',NULL,NULL,NULL,0,0,NULL,'2025-11-03 06:33:59','2025-11-03 06:33:59'),
(5,3,'text','مكان العمل',NULL,NULL,NULL,1,0,NULL,'2025-11-03 06:33:59','2025-11-03 06:33:59'),
(6,3,'range','وضوح أهداف الورشة',NULL,1,5,2,0,NULL,'2025-11-03 06:33:59','2025-11-03 06:33:59'),
(7,3,'range','تنظيم المادة وترتيب الأفكار',NULL,1,5,3,0,NULL,'2025-11-03 06:33:59','2025-11-03 06:33:59'),
(8,3,'range','الجانب التطبيقي والأمثلة العملية',NULL,1,5,4,0,NULL,'2025-11-03 06:33:59','2025-11-03 06:33:59'),
(9,3,'range','إلمام المدرب بموضوع الورشة',NULL,1,5,5,0,NULL,'2025-11-03 06:33:59','2025-11-03 06:33:59'),
(10,3,'range','وضوح الشرح وإسلوب العرض',NULL,1,5,6,0,NULL,'2025-11-03 06:33:59','2025-11-03 06:33:59'),
(11,3,'range','تفاعل المدرب مع اسئلة واستفسارات الحضور',NULL,1,5,7,0,NULL,'2025-11-03 06:33:59','2025-11-03 06:33:59'),
(12,3,'range','ملائمة القاعة والتجهيزات',NULL,1,5,8,0,NULL,'2025-11-03 06:33:59','2025-11-03 06:33:59'),
(13,3,'range','جودة الصوت والصورة',NULL,1,5,9,0,NULL,'2025-11-03 06:33:59','2025-11-03 06:33:59'),
(14,3,'range','مدى رضاك العام عن الورشة',NULL,1,5,10,0,NULL,'2025-11-03 06:33:59','2025-11-03 06:33:59'),
(15,3,'text','مقترحات وافكار',NULL,NULL,NULL,11,0,NULL,'2025-11-03 06:33:59','2025-11-03 06:33:59'),
(16,4,'text','اسم الدائرة / الإدارة :',NULL,NULL,NULL,0,0,NULL,'2026-01-07 09:17:56','2026-01-07 09:17:56'),
(17,4,'text','اسم المديرية / القطاع  :',NULL,NULL,NULL,1,0,NULL,'2026-01-07 09:17:56','2026-01-07 09:17:56'),
(18,4,'text','الاختصاص العام للدائرة :',NULL,NULL,NULL,2,0,NULL,'2026-01-07 09:17:56','2026-01-07 09:17:56'),
(19,4,'date','تاريخ الإعداد:',NULL,NULL,NULL,3,0,NULL,'2026-01-07 09:17:56','2026-01-07 09:17:56'),
(20,4,'text','جهة الإعداد :',NULL,NULL,NULL,4,0,NULL,'2026-01-07 09:17:56','2026-01-07 09:17:56'),
(21,4,'text','الجهات ذات العلاقة ( أصحاب المصلحة ) داخلي',NULL,NULL,NULL,5,0,NULL,'2026-01-07 09:17:56','2026-01-07 09:17:56'),
(22,4,'text','الجهات ذات العلاقة ( أصحاب المصلحة ) خارجي',NULL,NULL,NULL,6,0,NULL,'2026-01-07 09:17:56','2026-01-07 09:17:56');
/*!40000 ALTER TABLE `questions` ENABLE KEYS */;
UNLOCK TABLES;
commit;

--
-- Table structure for table `role_user`
--

DROP TABLE IF EXISTS `role_user`;
/*!40101 SET @saved_cs_client     = @@character_set_client */;
/*!40101 SET character_set_client = utf8mb4 */;
CREATE TABLE `role_user` (
  `user_id` bigint(20) unsigned NOT NULL,
  `role_id` bigint(20) unsigned NOT NULL,
  `created_at` timestamp NULL DEFAULT NULL,
  `updated_at` timestamp NULL DEFAULT NULL,
  PRIMARY KEY (`user_id`,`role_id`),
  KEY `role_user_role_id_foreign` (`role_id`),
  CONSTRAINT `role_user_role_id_foreign` FOREIGN KEY (`role_id`) REFERENCES `roles` (`id`) ON DELETE CASCADE,
  CONSTRAINT `role_user_user_id_foreign` FOREIGN KEY (`user_id`) REFERENCES `users` (`id`) ON DELETE CASCADE
) ENGINE=InnoDB DEFAULT CHARSET=utf8mb4 COLLATE=utf8mb4_unicode_ci;
/*!40101 SET character_set_client = @saved_cs_client */;

--
-- Dumping data for table `role_user`
--

LOCK TABLES `role_user` WRITE;
/*!40000 ALTER TABLE `role_user` DISABLE KEYS */;
set autocommit=0;
INSERT INTO `role_user` VALUES
(2,7,'2026-01-20 11:33:17','2026-01-20 11:33:17'),
(3,7,'2026-01-20 19:40:30','2026-01-20 19:40:30'),
(4,7,'2026-01-20 19:40:30','2026-01-20 19:40:30'),
(5,7,'2026-01-20 11:33:17','2026-01-20 11:33:17'),
(6,7,'2026-01-20 19:40:30','2026-01-20 19:40:30'),
(7,7,'2026-01-20 19:40:30','2026-01-20 19:40:30'),
(8,7,'2026-01-20 19:40:30','2026-01-20 19:40:30'),
(9,7,'2026-01-20 19:40:30','2026-01-20 19:40:30'),
(10,7,'2026-01-20 19:40:30','2026-01-20 19:40:30');
/*!40000 ALTER TABLE `role_user` ENABLE KEYS */;
UNLOCK TABLES;
commit;

--
-- Table structure for table `roles`
--

DROP TABLE IF EXISTS `roles`;
/*!40101 SET @saved_cs_client     = @@character_set_client */;
/*!40101 SET character_set_client = utf8mb4 */;
CREATE TABLE `roles` (
  `id` bigint(20) unsigned NOT NULL AUTO_INCREMENT,
  `title` varchar(50) NOT NULL,
  `slug` varchar(50) DEFAULT NULL,
  `description` text DEFAULT NULL,
  `created_at` timestamp NULL DEFAULT NULL,
  `updated_at` timestamp NULL DEFAULT NULL,
  PRIMARY KEY (`id`),
  UNIQUE KEY `roles_slug_unique` (`slug`)
) ENGINE=InnoDB AUTO_INCREMENT=8 DEFAULT CHARSET=utf8mb4 COLLATE=utf8mb4_unicode_ci;
/*!40101 SET character_set_client = @saved_cs_client */;

--
-- Dumping data for table `roles`
--

LOCK TABLES `roles` WRITE;
/*!40000 ALTER TABLE `roles` DISABLE KEYS */;
set autocommit=0;
INSERT INTO `roles` VALUES
(3,'Admin','admin','Administrator with full access','2026-01-20 05:22:03','2026-01-20 05:22:03'),
(4,'مخطط','planner','مسؤول التخطيط والبرامج','2026-01-20 05:33:38','2026-01-20 05:33:38'),
(5,'قطاع','sector','مسؤول القطاع أو الإدارة','2026-01-20 05:33:38','2026-01-20 05:33:38'),
(6,'موظف','staff','موظف عادي','2026-01-20 05:33:38','2026-01-20 05:33:38'),
(7,'عضو في سير العمل','workflow_member','Role for users participating in workflows','2026-01-20 11:33:17','2026-01-20 11:33:17');
/*!40000 ALTER TABLE `roles` ENABLE KEYS */;
UNLOCK TABLES;
commit;

--
-- Table structure for table `sector_user`
--

DROP TABLE IF EXISTS `sector_user`;
/*!40101 SET @saved_cs_client     = @@character_set_client */;
/*!40101 SET character_set_client = utf8mb4 */;
CREATE TABLE `sector_user` (
  `sector_id` bigint(20) NOT NULL,
  `user_id` bigint(20) NOT NULL
) ENGINE=InnoDB DEFAULT CHARSET=utf8mb4 COLLATE=utf8mb4_unicode_ci;
/*!40101 SET character_set_client = @saved_cs_client */;

--
-- Dumping data for table `sector_user`
--

LOCK TABLES `sector_user` WRITE;
/*!40000 ALTER TABLE `sector_user` DISABLE KEYS */;
set autocommit=0;
INSERT INTO `sector_user` VALUES
(5,10);
/*!40000 ALTER TABLE `sector_user` ENABLE KEYS */;
UNLOCK TABLES;
commit;

--
-- Table structure for table `sectors`
--

DROP TABLE IF EXISTS `sectors`;
/*!40101 SET @saved_cs_client     = @@character_set_client */;
/*!40101 SET character_set_client = utf8mb4 */;
CREATE TABLE `sectors` (
  `id` bigint(20) unsigned NOT NULL AUTO_INCREMENT,
  `name` varchar(100) NOT NULL,
  `short_name` varchar(50) DEFAULT NULL,
  `cate` varchar(1) NOT NULL DEFAULT '1',
  PRIMARY KEY (`id`)
) ENGINE=InnoDB AUTO_INCREMENT=51 DEFAULT CHARSET=utf8mb4 COLLATE=utf8mb4_unicode_ci;
/*!40101 SET character_set_client = @saved_cs_client */;

--
-- Dumping data for table `sectors`
--

LOCK TABLES `sectors` WRITE;
/*!40000 ALTER TABLE `sectors` DISABLE KEYS */;
set autocommit=0;
INSERT INTO `sectors` VALUES
(1,'إدارة الأوقاف والشؤون الدينة بمحافظة مسقط','مسقط','1'),
(2,'إدارة الأوقاف والشؤون الدينة بمحافظة جنوب الباطنة','جنوب الباطنة','1'),
(3,'إدارة الأوقاف والشؤون الدينة بمحافظة شمال الباطنة','شمال الباطنة','1'),
(4,'إدارة الأوقاف والشؤون الدينة بمحافظة الداخلية','الداخلية','1'),
(5,'إدارة الأوقاف والشؤون الدينة بمحافظة الظاهرة','الظاهرة','1'),
(6,'إدارة الأوقاف والشؤون الدينة الوسطى','الوسطى','1'),
(7,'إدارة الأوقاف والشؤون بمحافظة ظفار','ظفار','1'),
(8,'إدارة الأوقاف والشؤون الدينة بمحافظة جنوب الشرقية','جنوب الشرقية','1'),
(9,'إدارة الأوقاف والشؤون الدينة بمحافظة شمال الشرقية','شمال الشرقية','1'),
(10,'إدارة الأوقاف والشؤون بمحافظة البريمي','البريمي','1'),
(11,'مكتب الأوقاف والشؤون الدينية بالسويق','السويق','1'),
(12,'مكتب الأوقاف والشؤون الدينية ببهلاء','بهلاء','1'),
(13,'مكتب الأوقاف والشؤون الدينية بخصب','خصب','1'),
(14,'لجنة الزكاة بولاية السيب','ولاية السيب','2'),
(15,'لجنة الزكاة بولاية بوشر','ولاية بوشر','2'),
(16,'لجنة الزكاة بولاية العامرات','ولاية العامرات','2'),
(17,'لجنة الزكاة بولاية مسقط','ولاية مسقط','2'),
(18,'لجنة الزكاة بولاية مطرح','ولاية مطرح','2'),
(19,'لجنة الزكاة بولاية قريات','ولاية قريات','2'),
(20,'لجنة الزكاة بولاية صحار','ولاية صحار','2'),
(21,'لجنة الزكاة بولاية السويق','ولاية السويق','2'),
(22,'لجنة الزكاة بولاية الخابورة','ولاية الخابورة','2'),
(23,'لجنة الزكاة بولاية صحم','ولاية صحم','2'),
(24,'لجنة الزكاة بولاية لوى','ولاية لوى','2'),
(25,'لجنة الزكاة بولاية شناص','ولاية شناص','2'),
(26,'لجنة الزكاة بولاية الرستاق','ولاية الرستاق','2'),
(27,'لجنة الزكاة بولاية بركاء','ولاية بركاء','2'),
(28,'لجنة الزكاة بولاية المصنعة','ولاية المصنعة','2'),
(29,'لجنة الزكاة بولاية العوابي','ولاية العوابي','2'),
(30,'لجنة الزكاة بولاية نخل','ولاية نخل','2'),
(31,'لجنة الزكاة بولاية وادي المعاول','ولاية وادي المعاول','2'),
(32,'لجنة الزكاة بولاية نزوى','ولاية نزوى','2'),
(33,'لجنة الزكاة بولاية بهلاء','ولاية بهلاء','2'),
(34,'لجنة الزكاة بولاية سمائل','ولاية سمائل','2'),
(35,'لجنة الزكاة بولاية إزكي','ولاية إزكي','2'),
(36,'لجنة الزكاة بولاية منح','ولاية منح','2'),
(37,'لجنة الزكاة بولاية أدم','ولاية أدم','2'),
(38,'لجنة الزكاة بولاية الحمراء','ولاية الحمراء','2'),
(39,'لجنة الزكاة بولاية بدبد','ولاية بدبد','2'),
(40,'لجنة الزكاة بولاية إبراء','ولاية إبراء','2'),
(41,'لجنة الزكاة بولاية المضيبي','ولاية المضيبي','2'),
(42,'لجنة الزكاة بولاية بدية','ولاية بدية','2'),
(43,'لجنة الزكاة بولاية القابل','ولاية القابل','2'),
(44,'لجنة الزكاة بولاية دماء والطائيين','ولاية دماء والطائيين','2'),
(45,'لجنة الزكاة بولاية وادي بني خالد','ولاية وادي بني خالد','2'),
(46,'لجنة الزكاة بولاية صور','ولاية صور','2'),
(47,'لجنة الزكاة بولاية جعلان بني بو علي','ولاية جعلان بني بو علي','2'),
(48,'لجنة الزكاة بولاية جعلان بني بو حسن','ولاية جعلان بني بو حسن','2'),
(49,'لجنة الزكاة بولاية الكامل والوافي','ولاية الكامل والوافي','2'),
(50,'لجنة الزكاة بولاية مصيرة','ولاية مصيرة','2');
/*!40000 ALTER TABLE `sectors` ENABLE KEYS */;
UNLOCK TABLES;
commit;

--
-- Table structure for table `sessions`
--

DROP TABLE IF EXISTS `sessions`;
/*!40101 SET @saved_cs_client     = @@character_set_client */;
/*!40101 SET character_set_client = utf8mb4 */;
CREATE TABLE `sessions` (
  `id` varchar(255) NOT NULL,
  `user_id` bigint(20) unsigned DEFAULT NULL,
  `ip_address` varchar(45) DEFAULT NULL,
  `user_agent` text DEFAULT NULL,
  `payload` longtext NOT NULL,
  `last_activity` int(11) NOT NULL,
  PRIMARY KEY (`id`),
  KEY `sessions_user_id_index` (`user_id`),
  KEY `sessions_last_activity_index` (`last_activity`)
) ENGINE=InnoDB DEFAULT CHARSET=utf8mb4 COLLATE=utf8mb4_unicode_ci;
/*!40101 SET character_set_client = @saved_cs_client */;

--
-- Dumping data for table `sessions`
--

LOCK TABLES `sessions` WRITE;
/*!40000 ALTER TABLE `sessions` DISABLE KEYS */;
set autocommit=0;
INSERT INTO `sessions` VALUES
('06Rm0MCVnrXpSHLHHVEFXJK0Cgptl3H3Lgq4ZYAX',NULL,'40.124.185.25','Mozilla/5.0 zgrab/0.x','YTozOntzOjY6Il90b2tlbiI7czo0MDoiWVpDb0JiaFBwR3IzbnU3TXFkWURiRWJzTlpKNUQ3NG45dEd6elNhcCI7czo5OiJfcHJldmlvdXMiO2E6MTp7czozOiJ1cmwiO3M6MjI6Imh0dHBzOi8vMTY0LjkyLjI0NC4xOTIiO31zOjY6Il9mbGFzaCI7YToyOntzOjM6Im9sZCI7YTowOnt9czozOiJuZXciO2E6MDp7fX19',1768133002),
('0AjRod76qUgkGGdNcM8PXS4cA7SJxCiaChlQNwos',NULL,'98.173.42.60','Mozilla/5.0 (compatible; Nmap Scripting Engine; https://nmap.org/book/nse.html)','YTozOntzOjY6Il90b2tlbiI7czo0MDoiNU5CTVJmdENOTTA0WWFFbEFSWkRsUHBWdFFPTG13TEFucHpGUlA0dCI7czo5OiJfcHJldmlvdXMiO2E6MTp7czozOiJ1cmwiO3M6MjI6Imh0dHBzOi8vMTY0LjkyLjI0NC4xOTIiO31zOjY6Il9mbGFzaCI7YToyOntzOjM6Im9sZCI7YTowOnt9czozOiJuZXciO2E6MDp7fX19',1767035389),
('0B9WfzGgsdLK1qbBXzWSe2RStKWvxB8UodDBEL9g',NULL,'34.78.138.90','python-requests/2.32.5','YTozOntzOjY6Il90b2tlbiI7czo0MDoiMmVQRUJZWkx4Wjk3ZXhZdVduSFBHblk0QWxRZFBUc0s5eG5JUUNQZCI7czo5OiJfcHJldmlvdXMiO2E6MTp7czozOiJ1cmwiO3M6MjI6Imh0dHBzOi8vMTY0LjkyLjI0NC4xOTIiO31zOjY6Il9mbGFzaCI7YToyOntzOjM6Im9sZCI7YTowOnt9czozOiJuZXciO2E6MDp7fX19',1766920974),
('0BsxzNjd7iBsHhhYHYBjIwyThEbUsCYUj7MUjPRL',NULL,'5.189.130.33','Mozilla/5.0 (Macintosh; Intel Mac OS X 11) AppleWebKit/616.16 (KHTML, like Gecko) Version/17.0.90 Safari/616.16','YTozOntzOjY6Il90b2tlbiI7czo0MDoiWmNoZ1lQUWJtRmVKZzlKWnpabzROYVl3Y0JjbGFFdXlGOUdld3pMcCI7czo5OiJfcHJldmlvdXMiO2E6MTp7czozOiJ1cmwiO3M6MjI6Imh0dHBzOi8vMTY0LjkyLjI0NC4xOTIiO31zOjY6Il9mbGFzaCI7YToyOntzOjM6Im9sZCI7YTowOnt9czozOiJuZXciO2E6MDp7fX19',1767789801),
('0DMQ7TJ9vCxj9RMXd6NJzN0umqCISpArJjKpQqHz',NULL,'74.7.242.36','Mozilla/5.0 AppleWebKit/537.36 (KHTML, like Gecko; compatible; GPTBot/1.3; +https://openai.com/gptbot)','YTozOntzOjY6Il90b2tlbiI7czo0MDoiRDZHZTVRVXJ5TzRpd2JQbHFyNE1EdlVJV1dxclBGSDJqUHVLTnJEOSI7czo5OiJfcHJldmlvdXMiO2E6MTp7czozOiJ1cmwiO3M6Mjg6Imh0dHBzOi8vZWhrYW0uYWJ1a2hhbGlsLnNpdGUiO31zOjY6Il9mbGFzaCI7YToyOntzOjM6Im9sZCI7YTowOnt9czozOiJuZXciO2E6MDp7fX19',1767975789),
('0FWYsWtV5uy29JHZUzfm54xa0ly7BkooRzdquhso',NULL,'45.90.60.115','Mozilla/5.0 (Windows NT 10.0; Win64; x64) AppleWebKit/537.36 (KHTML, like Gecko) Chrome/94.0.4606.61 Safari/537.36','YTozOntzOjY6Il90b2tlbiI7czo0MDoid1JIOEp5RHNTcHA0d2tabEl5VnlxT3kyU3pBOFpoOU9zZ2RZRHAyZiI7czo5OiJfcHJldmlvdXMiO2E6MTp7czozOiJ1cmwiO3M6Mjg6Imh0dHBzOi8vZWhrYW0uYWJ1a2hhbGlsLnNpdGUiO31zOjY6Il9mbGFzaCI7YToyOntzOjM6Im9sZCI7YTowOnt9czozOiJuZXciO2E6MDp7fX19',1766893025),
('0KowcvXkRg5oHttVZBUjWmbNcYhANhSbcTNEKQbN',NULL,'167.94.138.43','Mozilla/5.0 (compatible; CensysInspect/1.1; +https://about.censys.io/)','YTozOntzOjY6Il90b2tlbiI7czo0MDoiMlRQbGxSYVY3TzlSaWEyVzdBUk1FeXBqenBwVHZ1NVlSR2loNTNSdCI7czo5OiJfcHJldmlvdXMiO2E6MTp7czozOiJ1cmwiO3M6MjI6Imh0dHBzOi8vMTY0LjkyLjI0NC4xOTIiO31zOjY6Il9mbGFzaCI7YToyOntzOjM6Im9sZCI7YTowOnt9czozOiJuZXciO2E6MDp7fX19',1767696858),
('0Mp8CDMESVNrmXHpjfVtk2sYdOhl5EAvapXbc3vW',NULL,'35.195.180.151','python-requests/2.32.5','YTozOntzOjY6Il90b2tlbiI7czo0MDoiYW5aaTdudFdZeWFISzhYYlJhdWhzdEk3YnNSSHZpdG5pNXlGN1NEZiI7czo5OiJfcHJldmlvdXMiO2E6MTp7czozOiJ1cmwiO3M6MjI6Imh0dHBzOi8vMTY0LjkyLjI0NC4xOTIiO31zOjY6Il9mbGFzaCI7YToyOntzOjM6Im9sZCI7YTowOnt9czozOiJuZXciO2E6MDp7fX19',1768830472),
('0oieby66HLrMZUSUYJrCAhPrbBm9yWqGuh6TX7NI',NULL,'185.226.197.74','Mozilla/5.0 (Windows NT 10.0; Win64; x64) AppleWebKit/537.36 (KHTML, like Gecko) Chrome/60.0.3112.113 Safari/537.36','YTozOntzOjY6Il90b2tlbiI7czo0MDoib3Vjc0ljcW90emN4bWh4YkFwR0hwWnM4YWJjU3FySnc3OFFvend5RSI7czo5OiJfcHJldmlvdXMiO2E6MTp7czozOiJ1cmwiO3M6MjI6Imh0dHBzOi8vMTY0LjkyLjI0NC4xOTIiO31zOjY6Il9mbGFzaCI7YToyOntzOjM6Im9sZCI7YTowOnt9czozOiJuZXciO2E6MDp7fX19',1767999940),
('0oxU4k29Sy9pj3F1L8qdc8uRtnAVfqr0rCnb3TDe',NULL,'172.235.235.248','Mozilla/5.0 (Android 15; Mobile; rv:126.0.0) Gecko/126.0.0 Firefox/126.0.0','YTozOntzOjY6Il90b2tlbiI7czo0MDoiaHdYbWNKTFUyT1dZQ09RNW04dkRYYzFoNGw1cTlNNDNFcm16dnRnMCI7czo5OiJfcHJldmlvdXMiO2E6MTp7czozOiJ1cmwiO3M6MjI6Imh0dHBzOi8vMTY0LjkyLjI0NC4xOTIiO31zOjY6Il9mbGFzaCI7YToyOntzOjM6Im9sZCI7YTowOnt9czozOiJuZXciO2E6MDp7fX19',1767500417),
('0piRAmd7ukkCgv6YJeHe4CKS5bH1nkA9jM5k8XPN',NULL,'123.245.84.243','Mozilla/5.0 (Windows NT 6.1) AppleWebKit/537.36 (KHTML, like Gecko) Chrome/49.0.2623.112 Safari/537.36','YTozOntzOjY6Il90b2tlbiI7czo0MDoieTBCQ3BNMkc2ZnlDS1E0ejdaRnJLS2FnWDYzUG5tbHNvRlVhQ2swbSI7czo5OiJfcHJldmlvdXMiO2E6MTp7czozOiJ1cmwiO3M6Mjg6Imh0dHBzOi8vZWhrYW0uYWJ1a2hhbGlsLnNpdGUiO31zOjY6Il9mbGFzaCI7YToyOntzOjM6Im9sZCI7YTowOnt9czozOiJuZXciO2E6MDp7fX19',1767831885),
('0pxmMvQOZTBz1Hc2cmXIYGOqPzq5b5N8lfcUNXHJ',NULL,'149.57.180.185','Mozilla/5.0 (X11; Linux i686; rv:109.0) Gecko/20100101 Firefox/120.0','YTozOntzOjY6Il90b2tlbiI7czo0MDoiOExYTlhWeGZGSzJ6bFVFNnB4T3VaT1hYQlRZTGNPbTVHTzlmaFBTWiI7czo5OiJfcHJldmlvdXMiO2E6MTp7czozOiJ1cmwiO3M6MjI6Imh0dHBzOi8vYWJ1a2hhbGlsLnNpdGUiO31zOjY6Il9mbGFzaCI7YToyOntzOjM6Im9sZCI7YTowOnt9czozOiJuZXciO2E6MDp7fX19',1766843545),
('0RsH0vFZCrYjV4y1tY4sWlNpHvWALJb8j5CTFTzc',NULL,'64.62.156.192','Mozilla/5.0 (X11; Linux x86_64) AppleWebKit/537.36 (KHTML, like Gecko) Chrome/61.0.3163.100 Electron/2.0.18 Safari/537.36','YTozOntzOjY6Il90b2tlbiI7czo0MDoiWGFuZnd5dFZJRElXVXVRS0huT2dLMGxSZ05pbHZRdlBXVkNDcXR6cCI7czo5OiJfcHJldmlvdXMiO2E6MTp7czozOiJ1cmwiO3M6MjI6Imh0dHBzOi8vMTY0LjkyLjI0NC4xOTIiO31zOjY6Il9mbGFzaCI7YToyOntzOjM6Im9sZCI7YTowOnt9czozOiJuZXciO2E6MDp7fX19',1768435800),
('0wa9mugNd7Ow0wCFLj3NZSxnC9j7zmuypr2ORJK1',NULL,'23.27.145.113','Mozilla/5.0 (Windows NT 10.0; Win64; x64) AppleWebKit/537.36 (KHTML, like Gecko) Chrome/119.0.0.0 Safari/537.36','YTozOntzOjY6Il90b2tlbiI7czo0MDoiakx1NkljYnJKUDh6cjRLMnB1N2Zzc1I3REs3Y282ZE5EY1RFVU5lTiI7czo5OiJfcHJldmlvdXMiO2E6MTp7czozOiJ1cmwiO3M6MjI6Imh0dHBzOi8vYWJ1a2hhbGlsLnNpdGUiO31zOjY6Il9mbGFzaCI7YToyOntzOjM6Im9sZCI7YTowOnt9czozOiJuZXciO2E6MDp7fX19',1766936312),
('0XbEL03CRtlZAZAfN2Umh9BVlilMNKcCpDEM2Rwf',NULL,'149.57.180.122','Mozilla/5.0 (X11; Linux i686; rv:109.0) Gecko/20100101 Firefox/120.0','YTozOntzOjY6Il90b2tlbiI7czo0MDoiR1FmM2pUNUQ2VW1JRWFjVUNGNDRZd3VYWHdidnNzN3A1Z25KR1JXRyI7czo5OiJfcHJldmlvdXMiO2E6MTp7czozOiJ1cmwiO3M6Mjg6Imh0dHBzOi8vZWhrYW0uYWJ1a2hhbGlsLnNpdGUiO31zOjY6Il9mbGFzaCI7YToyOntzOjM6Im9sZCI7YTowOnt9czozOiJuZXciO2E6MDp7fX19',1768025674),
('16AI4ZNVze2jki3XeTki9NARghmFlW1sr6UExXQX',NULL,'106.117.105.29','Mozilla/5.0 (Windows NT 6.1) AppleWebKit/537.36 (KHTML, like Gecko) Chrome/49.0.2623.112 Safari/537.36','YTozOntzOjY6Il90b2tlbiI7czo0MDoibW10WktTWGJFcElqZ2p5TFNxM1pQWDB6SHFtOXNKTlFUcFBhTk0yRiI7czo5OiJfcHJldmlvdXMiO2E6MTp7czozOiJ1cmwiO3M6Mjg6Imh0dHBzOi8vZWhrYW0uYWJ1a2hhbGlsLnNpdGUiO31zOjY6Il9mbGFzaCI7YToyOntzOjM6Im9sZCI7YTowOnt9czozOiJuZXciO2E6MDp7fX19',1767831879),
('19oJ1hHn54BnEzZ6TWe5uAlTIAPaAu9TCzVGbBLs',NULL,'79.124.40.174','Mozilla/5.0 (Windows NT 10.0; Win64; x64) AppleWebKit/537.36 (KHTML, like Gecko) Chrome/78.0.3904.108 Safari/537.36','YTozOntzOjY6Il90b2tlbiI7czo0MDoieTh6ZlRQbWRGMXU2UFA0Q1hsdXFaa3pFVjJsWENDSFVqVDNoRWN1diI7czo5OiJfcHJldmlvdXMiO2E6MTp7czozOiJ1cmwiO3M6MjI6Imh0dHBzOi8vMTY0LjkyLjI0NC4xOTIiO31zOjY6Il9mbGFzaCI7YToyOntzOjM6Im9sZCI7YTowOnt9czozOiJuZXciO2E6MDp7fX19',1766874741),
('1AC6tAfWZrvXSZgdrOgXGZ465VvFccvai9yyZ912',NULL,'5.189.130.33','Mozilla/5.0 (Windows NT 10.0; Win64; x64; rv:124.0) Gecko/20100101 Firefox/124.0','YTozOntzOjY6Il90b2tlbiI7czo0MDoiaThxZFduYzZsWmtadTlvSTJIa1U3eGhHNERzRDB1UEtGaVdPUW9WeiI7czo5OiJfcHJldmlvdXMiO2E6MTp7czozOiJ1cmwiO3M6MjI6Imh0dHBzOi8vMTY0LjkyLjI0NC4xOTIiO31zOjY6Il9mbGFzaCI7YToyOntzOjM6Im9sZCI7YTowOnt9czozOiJuZXciO2E6MDp7fX19',1767053608),
('1AhC0ydMuTdb1zh5gTaTbLNFrsDL709hFhsWQr9V',NULL,'162.142.125.37','Mozilla/5.0 (compatible; CensysInspect/1.1; +https://about.censys.io/)','YTozOntzOjY6Il90b2tlbiI7czo0MDoiZ3NhSkw4eXhmb3JMUFkzb3ZTNGo5QW1WdG5IeXJhZE1oT2psdllDTCI7czo5OiJfcHJldmlvdXMiO2E6MTp7czozOiJ1cmwiO3M6Mjg6Imh0dHBzOi8vMTY0LjkyLjI0NC4xOTIvbG9naW4iO31zOjY6Il9mbGFzaCI7YToyOntzOjM6Im9sZCI7YTowOnt9czozOiJuZXciO2E6MDp7fX19',1767877185),
('1BrY3IUs0ezmY6j8HuCMbUZlkBHXOdAUewjQeyQY',NULL,'188.66.225.211','WhatsApp/2.23.20.0','YTo0OntzOjY6Il90b2tlbiI7czo0MDoiVGV6WWtvWmQwdXpXbGJWMTNrVWZvWDNnbHFXOHFSR01KbnBqRWpTYiI7czozOiJ1cmwiO2E6MTp7czo4OiJpbnRlbmRlZCI7czo0MToiaHR0cHM6Ly9laGthbS5hYnVraGFsaWwuc2l0ZS9zd290L2FkbWluLzEiO31zOjk6Il9wcmV2aW91cyI7YToxOntzOjM6InVybCI7czo0MToiaHR0cHM6Ly9laGthbS5hYnVraGFsaWwuc2l0ZS9zd290L2FkbWluLzEiO31zOjY6Il9mbGFzaCI7YToyOntzOjM6Im9sZCI7YTowOnt9czozOiJuZXciO2E6MDp7fX19',1766905734),
('1bW2RnTu6yZlJCBu0ug8rDUqYNEQH5CeheoGnPjX',NULL,'205.210.31.44','','YTozOntzOjY6Il90b2tlbiI7czo0MDoiUXNDZDlQZU9QZFpiS2tzVzBWS1NvcXVwSkdhT1paU01QcG9LR3hmdSI7czo5OiJfcHJldmlvdXMiO2E6MTp7czozOiJ1cmwiO3M6NTE6Imh0dHBzOi8vd3d3LmJyYXZlLW11cmRvY2suMTY0LTkyLTI0NC0xOTIucGxlc2sucGFnZSI7fXM6NjoiX2ZsYXNoIjthOjI6e3M6Mzoib2xkIjthOjA6e31zOjM6Im5ldyI7YTowOnt9fX0=',1768151150),
('1cZEhJO5yQ4gZ5t5dDeePj2SwLZLSfBa4lxTK0Qu',NULL,'142.93.121.137','ssl-scanner/1.0','YToyOntzOjY6Il90b2tlbiI7czo0MDoiOEhpODIzQ2lFM2VkaldPbVdjbUFDQk5mWXRlZ2VJRmlrYng1eUpuUSI7czo2OiJfZmxhc2giO2E6Mjp7czozOiJvbGQiO2E6MDp7fXM6MzoibmV3IjthOjA6e319fQ==',1768560550),
('1eZUr7O0KWHsyIYYLyMBVIesDNbO4eeuCPoUFOPo',NULL,'199.45.154.125','Mozilla/5.0 (compatible; CensysInspect/1.1; +https://about.censys.io/)','YTozOntzOjY6Il90b2tlbiI7czo0MDoiaWhUVDVNZVdlTkk4SEZuRElPM2M5dWtOd3lTRU5tSkRwZDFMQ0R6WiI7czo5OiJfcHJldmlvdXMiO2E6MTp7czozOiJ1cmwiO3M6Mjg6Imh0dHBzOi8vMTY0LjkyLjI0NC4xOTIvbG9naW4iO31zOjY6Il9mbGFzaCI7YToyOntzOjM6Im9sZCI7YTowOnt9czozOiJuZXciO2E6MDp7fX19',1768500903),
('1gMPVZvmsSWELnXeO7IhvYP3f8HjH9hFHL2vqmyj',NULL,'135.237.127.14','Mozilla/5.0 zgrab/0.x','YTozOntzOjY6Il90b2tlbiI7czo0MDoiUUU2UEhoQVRJb2hOZkV5bm9vMlB0bXA5NVcwaGdEbW1YbzZsV3pZcyI7czo5OiJfcHJldmlvdXMiO2E6MTp7czozOiJ1cmwiO3M6MjI6Imh0dHBzOi8vMTY0LjkyLjI0NC4xOTIiO31zOjY6Il9mbGFzaCI7YToyOntzOjM6Im9sZCI7YTowOnt9czozOiJuZXciO2E6MDp7fX19',1768431769),
('1Hbp7N1BOXrF5YTStoNO5I2OTg1y4RUX8z17ws8h',NULL,'121.29.51.28','Mozilla/5.0 (Macintosh; Intel Mac OS X 10_11) AppleWebKit/601.1.27 (KHTML, like Gecko) Chrome/47.0.2526.106 Safari/601.1.27','YTozOntzOjY6Il90b2tlbiI7czo0MDoicGEyVHZ5anFUUlFMSWZqNnhNcHJORHp2Wm9WWXRrRmczMWlVM053UyI7czo5OiJfcHJldmlvdXMiO2E6MTp7czozOiJ1cmwiO3M6Mjg6Imh0dHBzOi8vZWhrYW0uYWJ1a2hhbGlsLnNpdGUiO31zOjY6Il9mbGFzaCI7YToyOntzOjM6Im9sZCI7YTowOnt9czozOiJuZXciO2E6MDp7fX19',1767833027),
('1HqODmH6p1pg3ap3q85Z1eqdp4HogkT5q1I0eX37',NULL,'171.105.76.96','Mozilla/5.0 (Windows NT 6.1) AppleWebKit/537.36 (KHTML, like Gecko) Chrome/49.0.2623.112 Safari/537.36','YTozOntzOjY6Il90b2tlbiI7czo0MDoiTUx3TVZ4U24xNG1JS2RrQ0VOQzlYbERqV0I4MkdLVG02ZlJqSUlwdSI7czo5OiJfcHJldmlvdXMiO2E6MTp7czozOiJ1cmwiO3M6Mjg6Imh0dHBzOi8vZWhrYW0uYWJ1a2hhbGlsLnNpdGUiO31zOjY6Il9mbGFzaCI7YToyOntzOjM6Im9sZCI7YTowOnt9czozOiJuZXciO2E6MDp7fX19',1767831928),
('1hsaOovKVM0ffEPSowhCl6cfn234xhrDxEbpEFKg',NULL,'115.96.28.204','Mozilla/5.0 (Macintosh; Intel Mac OS X 10_15_7) AppleWebKit/537.36 (KHTML, like Gecko) Chrome/120.0.0.0 Safari/537.36','YTozOntzOjY6Il90b2tlbiI7czo0MDoidlJBSHRGZlFydlliU0dUYkQ5Nnk1eFR6c0Zwa0Q2djVpcm9EMHFCZSI7czo5OiJfcHJldmlvdXMiO2E6MTp7czozOiJ1cmwiO3M6MjI6Imh0dHBzOi8vMTY0LjkyLjI0NC4xOTIiO31zOjY6Il9mbGFzaCI7YToyOntzOjM6Im9sZCI7YTowOnt9czozOiJuZXciO2E6MDp7fX19',1767800273),
('1IJ64dRrlzrvPCCLiek6fgbkSN6uRqnj3QtOeNur',NULL,'152.32.131.118','Mozilla/5.0 (Windows NT 6.1) AppleWebKit/537.36 (KHTML, like Gecko) Chrome/49.0.2623.112 Safari/537.36','YTozOntzOjY6Il90b2tlbiI7czo0MDoiZHRkRUhvZ1p2WWlTcjJYTjhONVltMWtFQ1h5MW9PQ0MxZWZDc2VJbyI7czo5OiJfcHJldmlvdXMiO2E6MTp7czozOiJ1cmwiO3M6Mjg6Imh0dHBzOi8vZWhrYW0uYWJ1a2hhbGlsLnNpdGUiO31zOjY6Il9mbGFzaCI7YToyOntzOjM6Im9sZCI7YTowOnt9czozOiJuZXciO2E6MDp7fX19',1766852122),
('1J0JniMepuCU1rbAmNLtMxSwX2JaLCGiMUo7DoVY',NULL,'92.63.197.197','Mozilla/5.0 (Windows NT 6.3; WOW64; Trident/7.0; MAGWJS; rv:11.0) like Gecko','YTozOntzOjY6Il90b2tlbiI7czo0MDoiR1BFWDZBczhtRktESmZ5TThTZjh5RWhpRTBJMGlMZ3lJbVNxbjIxSiI7czo5OiJfcHJldmlvdXMiO2E6MTp7czozOiJ1cmwiO3M6MjI6Imh0dHBzOi8vMTY0LjkyLjI0NC4xOTIiO31zOjY6Il9mbGFzaCI7YToyOntzOjM6Im9sZCI7YTowOnt9czozOiJuZXciO2E6MDp7fX19',1768089113),
('1rI5AZThySJt9eciURcYcwda7M7vQErVCzoK0s2g',NULL,'147.185.133.234','Hello from Palo Alto Networks, find out more about our scans in https://docs-cortex.paloaltonetworks.com/r/1/Cortex-Xpanse/Scanning-activity','YTozOntzOjY6Il90b2tlbiI7czo0MDoiZGptWERNbXVRV0hkWFJNbE15QnRyVVQ2MldleWp2aXAzb1dpSDVDYSI7czo5OiJfcHJldmlvdXMiO2E6MTp7czozOiJ1cmwiO3M6MjI6Imh0dHBzOi8vMTY0LjkyLjI0NC4xOTIiO31zOjY6Il9mbGFzaCI7YToyOntzOjM6Im9sZCI7YTowOnt9czozOiJuZXciO2E6MDp7fX19',1766915837),
('1RPuojo6zO39Bk5cD5afdvAD8Y6TZ7IeDn3MZyLa',NULL,'15.204.182.106','Mozilla/5.0 (Windows NT 10.0; Win64; x64) AppleWebKit/537.36 (KHTML, like Gecko) Chrome/143.0.0.0 Safari/537.36','YTozOntzOjY6Il90b2tlbiI7czo0MDoiS01BVEpPb1IyMFRJQTl5S3R2OUsydTk2WGwyWDZNTlJkTFE4TTZrUSI7czo5OiJfcHJldmlvdXMiO2E6MTp7czozOiJ1cmwiO3M6MjI6Imh0dHBzOi8vYWJ1a2hhbGlsLnNpdGUiO31zOjY6Il9mbGFzaCI7YToyOntzOjM6Im9sZCI7YTowOnt9czozOiJuZXciO2E6MDp7fX19',1766893992),
('1SHdLburcLqljnX5wUmwpPyo0nzeid0FjlAPXCBw',NULL,'93.204.102.250','','YTozOntzOjY6Il90b2tlbiI7czo0MDoiOUVRNXlKQktxdHY2N2I4VE1xY1pvY2hqQW02dmlYNkxqMlRVUk5UMiI7czo5OiJfcHJldmlvdXMiO2E6MTp7czozOiJ1cmwiO3M6MjI6Imh0dHBzOi8vMTY0LjkyLjI0NC4xOTIiO31zOjY6Il9mbGFzaCI7YToyOntzOjM6Im9sZCI7YTowOnt9czozOiJuZXciO2E6MDp7fX19',1768141640),
('1u9wBGLg3nK5MKzCAhRus5Sw374qZDM79PjBtQUX',NULL,'65.49.1.44','Mozilla/5.0 (Windows NT 6.1; rv:102.0) Gecko/20100101 Goanna/6.6 Firefox/102.0 PaleMoon/33.0.0','YTozOntzOjY6Il90b2tlbiI7czo0MDoiQXlQcnhWbmh0M1k3c25FVFZkN01iSWFWem96U2g4VGdEZXd1TEZIRSI7czo5OiJfcHJldmlvdXMiO2E6MTp7czozOiJ1cmwiO3M6MjI6Imh0dHBzOi8vMTY0LjkyLjI0NC4xOTIiO31zOjY6Il9mbGFzaCI7YToyOntzOjM6Im9sZCI7YTowOnt9czozOiJuZXciO2E6MDp7fX19',1767163487),
('1Vw2HEZVgVHKzpwFjwBcFBIlooNnJLvnSzXpRS0B',NULL,'54.163.2.228','Mozilla/5.0 (Windows NT 10.0; Win64; x64) AppleWebKit/537.36 (KHTML, like Gecko) Chrome/120.0.0.0 Safari/537.36 Edg/120.0.0.0','YTozOntzOjY6Il90b2tlbiI7czo0MDoiWXJGTWtYVXM5bEpqMkxneFdnT2J0aUhLN2Zpd0dVdkZOYmZFZWh6eSI7czo5OiJfcHJldmlvdXMiO2E6MTp7czozOiJ1cmwiO3M6MjI6Imh0dHBzOi8vMTY0LjkyLjI0NC4xOTIiO31zOjY6Il9mbGFzaCI7YToyOntzOjM6Im9sZCI7YTowOnt9czozOiJuZXciO2E6MDp7fX19',1767272383),
('1Wt7CJdV1fhze34nF5u2RBVb2LNPmMa8Bo7UnQFe',NULL,'172.235.235.248','Mozilla/5.0 (Android 15; Mobile; rv:126.0.0) Gecko/126.0.0 Firefox/126.0.0','YTo0OntzOjY6Il90b2tlbiI7czo0MDoiWlZ3T1hyaWhLcHBOYmdqMWo0T0ZPVEw5Z2NvSGZpVUVBSVZCbUlWNyI7czozOiJ1cmwiO2E6MTp7czo4OiJpbnRlbmRlZCI7czozMjoiaHR0cHM6Ly8xNjQuOTIuMjQ0LjE5Mi9kYXNoYm9hcmQiO31zOjk6Il9wcmV2aW91cyI7YToxOntzOjM6InVybCI7czozMjoiaHR0cHM6Ly8xNjQuOTIuMjQ0LjE5Mi9kYXNoYm9hcmQiO31zOjY6Il9mbGFzaCI7YToyOntzOjM6Im9sZCI7YTowOnt9czozOiJuZXciO2E6MDp7fX19',1767500422),
('1X1WQn2Z6UC1sXIxvHR9L4QpbfVld4yrF0aTU09K',NULL,'5.189.130.33','Mozilla/5.0 (Windows NT 10.0; Win64; x64; rv:90.0) Gecko/20100101 Firefox/90.0','YTozOntzOjY6Il90b2tlbiI7czo0MDoiVU82dG5RZmhYYUN4OE43NWxWUk56SVJLSzlLeWw4T2o5a3ZPYTRBYiI7czo5OiJfcHJldmlvdXMiO2E6MTp7czozOiJ1cmwiO3M6MjI6Imh0dHBzOi8vMTY0LjkyLjI0NC4xOTIiO31zOjY6Il9mbGFzaCI7YToyOntzOjM6Im9sZCI7YTowOnt9czozOiJuZXciO2E6MDp7fX19',1767514751),
('1XJGm49i6HpTQr7006FWtmyBSe1UzOlt3peDJJ4x',NULL,'113.31.186.146','Dalvik/2.1.0 (Linux; U; Android 9.0; ZTE BA520 Build/MRA58K)','YTozOntzOjY6Il90b2tlbiI7czo0MDoiZTRIRE1DeDFhTFFSVk0wa2J2YUN3NWJzbk43aExVa2dZNjU5cUFZTSI7czo5OiJfcHJldmlvdXMiO2E6MTp7czozOiJ1cmwiO3M6Mjg6Imh0dHBzOi8vZWhrYW0uYWJ1a2hhbGlsLnNpdGUiO31zOjY6Il9mbGFzaCI7YToyOntzOjM6Im9sZCI7YTowOnt9czozOiJuZXciO2E6MDp7fX19',1767832837),
('1XWu4e7rQNcGLF0AVBsRDXvXEIG8qPj7bfyWlVGH',NULL,'78.153.140.203','Mozilla/5.0 (Windows NT 10.0; WOW64; rv:40.0) Gecko/20100101 Firefox/40.0','YTozOntzOjY6Il90b2tlbiI7czo0MDoiMXlKVnY2U1NWd3VLRUMzY2RXS1NWRG1xQlBrMjJlNXhobE9hM1gxdiI7czo5OiJfcHJldmlvdXMiO2E6MTp7czozOiJ1cmwiO3M6MzQ6Imh0dHBzOi8vMTY0LjkyLjI0NC4xOTIvP3BocGluZm89LTEiO31zOjY6Il9mbGFzaCI7YToyOntzOjM6Im9sZCI7YTowOnt9czozOiJuZXciO2E6MDp7fX19',1767126757),
('21rHSgRIYO94upxLx8yDZGlc2uesFjvzGYPbgPog',NULL,'20.65.195.58','Mozilla/5.0 zgrab/0.x','YTozOntzOjY6Il90b2tlbiI7czo0MDoiRmxRTngzVGhJWldQVktxeTVFTm9DQUZ3WjJ4N1lWT3MyUDBnM21xZiI7czo5OiJfcHJldmlvdXMiO2E6MTp7czozOiJ1cmwiO3M6MjI6Imh0dHBzOi8vMTY0LjkyLjI0NC4xOTIiO31zOjY6Il9mbGFzaCI7YToyOntzOjM6Im9sZCI7YTowOnt9czozOiJuZXciO2E6MDp7fX19',1766808109),
('24NGgO0LNziNdWOXGVA1fZNtCRHXlQUJT3ADFwHU',NULL,'206.168.34.43','Mozilla/5.0 (compatible; CensysInspect/1.1; +https://about.censys.io/)','YTozOntzOjY6Il90b2tlbiI7czo0MDoiYzdNUGRwSnR3SjhRYnhsTVJGeGIxanZZQVZ0dGJCT0IxTmo0dkdsRSI7czo5OiJfcHJldmlvdXMiO2E6MTp7czozOiJ1cmwiO3M6MjI6Imh0dHBzOi8vMTY0LjkyLjI0NC4xOTIiO31zOjY6Il9mbGFzaCI7YToyOntzOjM6Im9sZCI7YTowOnt9czozOiJuZXciO2E6MDp7fX19',1767922973),
('29amemthSF361BWqxROlfQaPxHgl3xlceWgqnMHr',NULL,'178.22.24.64','Mozilla/5.0 (Windows NT 10.0; Win64; x64) AppleWebKit/537.36 (KHTML, like Gecko) Chrome/140.0.0.0 Safari/537.36','YTozOntzOjY6Il90b2tlbiI7czo0MDoiQUNsa0pkU0lIZTA3MG9PZ2Rlc1ZjVnJneUFwWHZmeWZSWDFlekpNcyI7czo5OiJfcHJldmlvdXMiO2E6MTp7czozOiJ1cmwiO3M6MjI6Imh0dHBzOi8vMTY0LjkyLjI0NC4xOTIiO31zOjY6Il9mbGFzaCI7YToyOntzOjM6Im9sZCI7YTowOnt9czozOiJuZXciO2E6MDp7fX19',1767934408),
('2A0cnBVqYFSKTubmF9sLuSRRhQVSJ4Zl60ZvtpZg',NULL,'14.135.75.4','','YTozOntzOjY6Il90b2tlbiI7czo0MDoia1E2OEFWQTQyWXdCbjJOa2R1aXRYNnlldjlHWE9uOFhUTk5MbWRHSyI7czo5OiJfcHJldmlvdXMiO2E6MTp7czozOiJ1cmwiO3M6MjI6Imh0dHBzOi8vMTY0LjkyLjI0NC4xOTIiO31zOjY6Il9mbGFzaCI7YToyOntzOjM6Im9sZCI7YTowOnt9czozOiJuZXciO2E6MDp7fX19',1768559479),
('2amP1fM16MH01uupSDmp2W4oUsfjnXSx7Iy5AqyG',NULL,'45.82.78.103','Mozilla/5.0 (Windows NT 10.0; Win64; x64) AppleWebKit/537.36 (KHTML, like Gecko) Chrome/138.0.0.0 YaBrowser/25.8.0.0 Safari/537.36','YTozOntzOjY6Il90b2tlbiI7czo0MDoiY1hYMVNpSXZpUHhmN2p4cjlSb1FlZjBkNldNanFBNXF2UzZoeXJGYSI7czo5OiJfcHJldmlvdXMiO2E6MTp7czozOiJ1cmwiO3M6MjI6Imh0dHBzOi8vMTY0LjkyLjI0NC4xOTIiO31zOjY6Il9mbGFzaCI7YToyOntzOjM6Im9sZCI7YTowOnt9czozOiJuZXciO2E6MDp7fX19',1767338009),
('2axWJBfTHtyIA8ITMOoNLAod6gHwcO8djB3xj7s3',NULL,'185.12.59.118','Mozilla/5.0 (Windows NT 10.0; Win64; x64; rv:132.0) Gecko/20100101 Firefox/132.0','YTozOntzOjY6Il90b2tlbiI7czo0MDoiU0cya202cU9nd3pER3VnYmV5MVdwOHlqekxjUVBTT2tyTXZZa1lxZSI7czo5OiJfcHJldmlvdXMiO2E6MTp7czozOiJ1cmwiO3M6MjI6Imh0dHBzOi8vMTY0LjkyLjI0NC4xOTIiO31zOjY6Il9mbGFzaCI7YToyOntzOjM6Im9sZCI7YTowOnt9czozOiJuZXciO2E6MDp7fX19',1767724219),
('2DMrd2LAXncg3FCpBrp6MmstbXl5dMyvVJvq4pKz',NULL,'91.139.99.58','','YTozOntzOjY6Il90b2tlbiI7czo0MDoieUExNXpScDZBWmlHNFY5aVdaeGFTQVdkNGswZnhOc2FqR0ZLbzNsUiI7czo5OiJfcHJldmlvdXMiO2E6MTp7czozOiJ1cmwiO3M6MjI6Imh0dHBzOi8vMTY0LjkyLjI0NC4xOTIiO31zOjY6Il9mbGFzaCI7YToyOntzOjM6Im9sZCI7YTowOnt9czozOiJuZXciO2E6MDp7fX19',1767579273),
('2H0ZVaghE9qhX83zbGSn7sUIj3ImJt36wNBmdPa8',NULL,'66.249.81.8','Mozilla/5.0 (Linux; Android 10; K) AppleWebKit/537.36 (KHTML, like Gecko) Chrome/138.0.0.0 Mobile Safari/537.36 (compatible; Google-Read-Aloud; +https://support.google.com/webmasters/answer/1061943)','YTozOntzOjY6Il90b2tlbiI7czo0MDoidUpZT1RmOVp6akdROGN5a2FWdkNjRlB3dDdUbkZIdmpTTGU5a0k5NCI7czo5OiJfcHJldmlvdXMiO2E6MTp7czozOiJ1cmwiO3M6NzI6Imh0dHBzOi8vZWhrYW0uYWJ1a2hhbGlsLnNpdGUvc3dvdC9ib2FyZC9LQmdzekVFTXdGakUxaXZzb0hTUlFvTTBGWHRNV1lEViI7fXM6NjoiX2ZsYXNoIjthOjI6e3M6Mzoib2xkIjthOjA6e31zOjM6Im5ldyI7YTowOnt9fX0=',1766987973),
('2Hb3gMVkX5cW5Mgm84S45fTx8FBr9bcW3LUBcgZE',NULL,'183.134.59.133','Mozilla/5.0 (Macintosh; Intel Mac OS X 10_11) AppleWebKit/601.1.27 (KHTML, like Gecko) Chrome/47.0.2526.106 Safari/601.1.27','YTozOntzOjY6Il90b2tlbiI7czo0MDoieHROUkNYTHNLSWIwNnRNWFQ4U054MWJZcUs3OXoyMzA5dHBlNDhwcyI7czo5OiJfcHJldmlvdXMiO2E6MTp7czozOiJ1cmwiO3M6Mjg6Imh0dHBzOi8vZWhrYW0uYWJ1a2hhbGlsLnNpdGUiO31zOjY6Il9mbGFzaCI7YToyOntzOjM6Im9sZCI7YTowOnt9czozOiJuZXciO2E6MDp7fX19',1767832923),
('2kCI71w1jglsBHPah3MRcBrrKbuAhsFjuQrioAlx',NULL,'162.216.149.80','Hello from Palo Alto Networks, find out more about our scans in https://docs-cortex.paloaltonetworks.com/r/1/Cortex-Xpanse/Scanning-activity','YTozOntzOjY6Il90b2tlbiI7czo0MDoiSWU1bTBjQmk5RlhoU20wbDJIa1MzTnZGQW1NUW50WE1NRkxyeXBVcyI7czo5OiJfcHJldmlvdXMiO2E6MTp7czozOiJ1cmwiO3M6MjI6Imh0dHBzOi8vMTY0LjkyLjI0NC4xOTIiO31zOjY6Il9mbGFzaCI7YToyOntzOjM6Im9sZCI7YTowOnt9czozOiJuZXciO2E6MDp7fX19',1768433147),
('2KIKltKX04tF46KHaQGVud5XOpD0KwyZ6cW9k5CN',NULL,'154.81.15.232','Mozilla/5.0 (Windows NT 6.1) AppleWebKit/537.36 (KHTML, like Gecko) Chrome/49.0.2623.112 Safari/537.36','YTozOntzOjY6Il90b2tlbiI7czo0MDoiR25jdjBKZzJqYThweUlheTFZeGZ4dm1Ed2dldU1UNHM4WVBuNThjeCI7czo5OiJfcHJldmlvdXMiO2E6MTp7czozOiJ1cmwiO3M6MjI6Imh0dHBzOi8vMTY0LjkyLjI0NC4xOTIiO31zOjY6Il9mbGFzaCI7YToyOntzOjM6Im9sZCI7YTowOnt9czozOiJuZXciO2E6MDp7fX19',1766852107),
('2QTt7P5vPdgcTT82amdjqLRWjx8T2W3ng6VMlLu8',NULL,'91.84.64.84','Mozilla/5.0 (Linux; Android 6.0; Nexus 5 Build/MRA58N) AppleWebKit/537.36 (KHTML, like Gecko) Chrome/130.0.0.0 Mobile Safari/537.36','YTozOntzOjY6Il90b2tlbiI7czo0MDoiVW85ck1SbGE5Wk9XWU9PeGFRYzBHeVZnWkFhZ3VrWExhRTR6R1NuZyI7czo5OiJfcHJldmlvdXMiO2E6MTp7czozOiJ1cmwiO3M6Mjg6Imh0dHBzOi8vZWhrYW0uYWJ1a2hhbGlsLnNpdGUiO31zOjY6Il9mbGFzaCI7YToyOntzOjM6Im9sZCI7YTowOnt9czozOiJuZXciO2E6MDp7fX19',1766801452),
('2SDHKow71UONVNpJgI2PjCFRMwKP7y6Mr8YMySOi',NULL,'35.195.185.167','python-requests/2.32.5','YTozOntzOjY6Il90b2tlbiI7czo0MDoiS3hMblpyTFJyYVhJbEhsNDA3TFBqM0dFUHhhNVFUOFNMN2pMbWFMbSI7czo5OiJfcHJldmlvdXMiO2E6MTp7czozOiJ1cmwiO3M6MjI6Imh0dHBzOi8vMTY0LjkyLjI0NC4xOTIiO31zOjY6Il9mbGFzaCI7YToyOntzOjM6Im9sZCI7YTowOnt9czozOiJuZXciO2E6MDp7fX19',1766989712),
('2SEQj27TEvocJQoAwE3UjXPJIC8DpjsuDW8tXhKQ',7,'212.146.176.71','Mozilla/5.0 (Windows NT 10.0; Win64; x64; rv:146.0) Gecko/20100101 Firefox/146.0','YTo0OntzOjY6Il90b2tlbiI7czo0MDoiRmpoRjZiazU0ZXdKY09lWFk2T1d6RW9kRUdpV0hRdkZ2U2pSWWtJZyI7czo5OiJfcHJldmlvdXMiO2E6MTp7czozOiJ1cmwiO3M6NTM6Imh0dHBzOi8vZWhrYW0uYWJ1a2hhbGlsLnNpdGUvY2FsZW5kYXIvaW5kZXg/eWVhcj0yMDI2Ijt9czo2OiJfZmxhc2giO2E6Mjp7czozOiJvbGQiO2E6MDp7fXM6MzoibmV3IjthOjA6e319czo1MDoibG9naW5fd2ViXzU5YmEzNmFkZGMyYjJmOTQwMTU4MGYwMTRjN2Y1OGVhNGUzMDk4OWQiO2k6Nzt9',1768201575),
('2ThuSqmRFFWPXQgw4f5dUafvBkC92jRQ5pUSZPTo',NULL,'8.208.10.94','Go-http-client/1.1','YTozOntzOjY6Il90b2tlbiI7czo0MDoiOXpZVkI1UHpObndOWmdhOGZ5T0hJOGwwRnJ1YmtYMkpXcmRzSmtRRyI7czo5OiJfcHJldmlvdXMiO2E6MTp7czozOiJ1cmwiO3M6NTk6Imh0dHBzOi8vMTY0LjkyLjI0NC4xOTIvP25hbWU9MS5vZG5zLm0uZG5zbWVhc3VyZS50b3AmdHlwZT1BIjt9czo2OiJfZmxhc2giO2E6Mjp7czozOiJvbGQiO2E6MDp7fXM6MzoibmV3IjthOjA6e319fQ==',1768038372),
('2tOQDfEMQoJy8Lm9ImNECwg6SBsatg55hbmFOGAM',NULL,'34.122.147.229','Mozilla/5.0 (X11; Linux x86_64) AppleWebKit/537.36 (KHTML, like Gecko) Chrome/125.0.0.0 Safari/537.36','YTozOntzOjY6Il90b2tlbiI7czo0MDoiNnFoM1JEY0M0ZXpKTUJDTTNxV3BQRUx5dVR2V0xnZXBmcFo2R1pjZSI7czo5OiJfcHJldmlvdXMiO2E6MTp7czozOiJ1cmwiO3M6Mjg6Imh0dHBzOi8vZWhrYW0uYWJ1a2hhbGlsLnNpdGUiO31zOjY6Il9mbGFzaCI7YToyOntzOjM6Im9sZCI7YTowOnt9czozOiJuZXciO2E6MDp7fX19',1766783936),
('2UYeIDtHFTNoMdMyFx4zxYhKGgFfZaqotmYU4Nri',NULL,'194.48.248.43','Mozilla/5.0 zgrab/0.x','YTozOntzOjY6Il90b2tlbiI7czo0MDoiQ2Fsa29tMUhWRWRtNXV0VThQSUhMb2pvS2NPU1VCM0Uwbk9pdlU1MCI7czo5OiJfcHJldmlvdXMiO2E6MTp7czozOiJ1cmwiO3M6MjI6Imh0dHBzOi8vMTY0LjkyLjI0NC4xOTIiO31zOjY6Il9mbGFzaCI7YToyOntzOjM6Im9sZCI7YTowOnt9czozOiJuZXciO2E6MDp7fX19',1768763695),
('2v0LihGAiSppxdXfNN5zhIbTyO0wZQxrcAuyLwWP',NULL,'31.14.32.4','Mozilla/5.0 (compatible; ModatScanner/1.2; +https://modat.io/)','YTozOntzOjY6Il90b2tlbiI7czo0MDoiY0RTNjRNeU90U3MwNnJjZjBQWTB1aGFPVFdtWU5WeEpnaUFadGp2eCI7czo5OiJfcHJldmlvdXMiO2E6MTp7czozOiJ1cmwiO3M6MjI6Imh0dHBzOi8vMTY0LjkyLjI0NC4xOTIiO31zOjY6Il9mbGFzaCI7YToyOntzOjM6Im9sZCI7YTowOnt9czozOiJuZXciO2E6MDp7fX19',1768665613),
('2wEcSoxONwaZnIhuvvAiPbhHvC0WM8HBXdvnwAPW',NULL,'161.8.115.139','Mozilla/5.0 (Linux; Android 10; K) AppleWebKit/537.36 (KHTML, like Gecko) Chrome/143.0.0.0 Mobile Safari/537.36 EdgA/143.0.0.0','YTo0OntzOjY6Il90b2tlbiI7czo0MDoicHZIbDZ0ZkdIUHVHMm9pZGhRTXZHZThEMUlvN1lNaFUyd1lpWXVwdiI7czo5OiJfcHJldmlvdXMiO2E6MTp7czozOiJ1cmwiO3M6NzI6Imh0dHBzOi8vZWhrYW0uYWJ1a2hhbGlsLnNpdGUvc3dvdC9ib2FyZC9LQmdzekVFTXdGakUxaXZzb0hTUlFvTTBGWHRNV1lEViI7fXM6NjoiX2ZsYXNoIjthOjI6e3M6Mzoib2xkIjthOjA6e31zOjM6Im5ldyI7YTowOnt9fXM6MTg6InN3b3RfcGFydGljaXBhbnRfMiI7YTozOntzOjQ6Im5hbWUiO3M6MTA6Itit2YXYr9in2YYiO3M6MjoiaXAiO3M6MTQ6IjE4OC4xMzUuNTAuMjQzIjtzOjEwOiJzZXNzaW9uX2lkIjtzOjQwOiIyd0VjU294T053YVpuSWh1dnZBaVBiaEh2QzBXTThIQlhkdm53QVBXIjt9fQ==',1767112973),
('2x0qYvKufvxYbH9fpV5PXYKT7WCX8Se6aKMKke7O',1,'188.66.225.211','Mozilla/5.0 (Windows NT 10.0; Win64; x64) AppleWebKit/537.36 (KHTML, like Gecko) Chrome/143.0.0.0 Safari/537.36','YTo1OntzOjY6Il90b2tlbiI7czo0MDoiZUVPSHFITHdnd2k0TW9mUW12cHVvdHExZzlNYThCU2NkaDRzbUxkdSI7czo5OiJfcHJldmlvdXMiO2E6MTp7czozOiJ1cmwiO3M6NDM6Imh0dHBzOi8vZWhrYW0uYWJ1a2hhbGlsLmFwcC9taXNzaW9ucy90YXNrLzIiO31zOjY6Il9mbGFzaCI7YToyOntzOjM6Im9sZCI7YTowOnt9czozOiJuZXciO2E6MDp7fX1zOjM6InVybCI7YTowOnt9czo1MDoibG9naW5fd2ViXzU5YmEzNmFkZGMyYjJmOTQwMTU4MGYwMTRjN2Y1OGVhNGUzMDk4OWQiO2k6MTt9',1766646730),
('317fpuqysGNP00INQPiHjmeGW7JUOEF90joD7fgM',NULL,'45.148.10.87','Mozilla/5.0 (Windows NT 10.0; Win64; x64) AppleWebKit/537.36','YToyOntzOjY6Il90b2tlbiI7czo0MDoibGRuOW12ZTk5ZUl4OXBlbFN6Z2VNOXVkMjcwUFBLM1VqOEJJaFNrUSI7czo2OiJfZmxhc2giO2E6Mjp7czozOiJvbGQiO2E6MDp7fXM6MzoibmV3IjthOjA6e319fQ==',1767218218),
('33hVRw21U8BrRytler85UxRiMwHnfIo9yBp5lh59',NULL,'65.49.1.31','Mozilla/5.0 (Macintosh; Intel Mac OS X 10.15; rv:109.0) Gecko/20100101 Firefox/109.0','YTozOntzOjY6Il90b2tlbiI7czo0MDoiUXZmSXpVYUVUSWFwSTlPazFSS3lReDV0cFR3WHcza2hGVlBueTA1WSI7czo5OiJfcHJldmlvdXMiO2E6MTp7czozOiJ1cmwiO3M6MjI6Imh0dHBzOi8vMTY0LjkyLjI0NC4xOTIiO31zOjY6Il9mbGFzaCI7YToyOntzOjM6Im9sZCI7YTowOnt9czozOiJuZXciO2E6MDp7fX19',1768349657),
('3FXXhZPHbu4jFzg025mI7uXm3w6ixpnYyQi87aFM',NULL,'94.231.206.132','Mozilla/5.0 (X11; Ubuntu; Linux x86_64; rv:134.0) Gecko/20100101 Firefox/134.0','YTozOntzOjY6Il90b2tlbiI7czo0MDoiWGlIQTNhbERxc1FHRXM4TnJpZlZ6M1NVN0Y3azJSdHhMcEYwM3k1VSI7czo5OiJfcHJldmlvdXMiO2E6MTp7czozOiJ1cmwiO3M6MjI6Imh0dHBzOi8vMTY0LjkyLjI0NC4xOTIiO31zOjY6Il9mbGFzaCI7YToyOntzOjM6Im9sZCI7YTowOnt9czozOiJuZXciO2E6MDp7fX19',1767830761),
('3gBG4hTYTihDKlEhYbiWe4KkrydXYB6LxswYIbXn',NULL,'199.45.154.112','Mozilla/5.0 (compatible; CensysInspect/1.1; +https://about.censys.io/)','YTozOntzOjY6Il90b2tlbiI7czo0MDoiRUpzQmhxV0JsRzNTZ2E4MHp5anI5T1Fickt2b2RBY2haY0VEQVM0TCI7czo5OiJfcHJldmlvdXMiO2E6MTp7czozOiJ1cmwiO3M6Mjg6Imh0dHBzOi8vZWhrYW0uYWJ1a2hhbGlsLnNpdGUiO31zOjY6Il9mbGFzaCI7YToyOntzOjM6Im9sZCI7YTowOnt9czozOiJuZXciO2E6MDp7fX19',1767398725),
('3geoFMp056KfSk8ULU04TuJxXaxVGOUfflc5gMMG',NULL,'123.245.84.67','Mozilla/5.0 (Windows NT 6.1) AppleWebKit/537.36 (KHTML, like Gecko) Chrome/49.0.2623.112 Safari/537.36','YTozOntzOjY6Il90b2tlbiI7czo0MDoiYjA5d0lEUnZwSUNCNW1lVjE3ZTY2Z2w4WlZudlhZWkZXM0FrSFhrbiI7czo5OiJfcHJldmlvdXMiO2E6MTp7czozOiJ1cmwiO3M6Mjg6Imh0dHBzOi8vZWhrYW0uYWJ1a2hhbGlsLnNpdGUiO31zOjY6Il9mbGFzaCI7YToyOntzOjM6Im9sZCI7YTowOnt9czozOiJuZXciO2E6MDp7fX19',1767831934),
('3gG0vPhbQsLhSNeBvgCpC00wLOVICJTbPvic47je',NULL,'142.250.33.39','Mozilla/5.0 (Linux; Android 10; K) AppleWebKit/537.36 (KHTML, like Gecko) Chrome/138.0.0.0 Mobile Safari/537.36 (compatible; Google-Read-Aloud; +https://support.google.com/webmasters/answer/1061943)','YTozOntzOjY6Il90b2tlbiI7czo0MDoiV1ozQnpTT3piajRFc1hleHU5Y1RjU0JOek81empVZ1FJWkpLS3JaZyI7czo5OiJfcHJldmlvdXMiO2E6MTp7czozOiJ1cmwiO3M6NzI6Imh0dHBzOi8vZWhrYW0uYWJ1a2hhbGlsLnNpdGUvc3dvdC9ib2FyZC9LQmdzekVFTXdGakUxaXZzb0hTUlFvTTBGWHRNV1lEViI7fXM6NjoiX2ZsYXNoIjthOjI6e3M6Mzoib2xkIjthOjA6e31zOjM6Im5ldyI7YTowOnt9fX0=',1766987974),
('3gYWZS14yneHbarIBWfVfx4iNILalrmVzirDDwpu',NULL,'40.81.230.77','Mozilla/5.0 (Windows NT 10.0; Win64; x64) AppleWebKit/537.36 (KHTML, like Gecko) Chrome/120.0.0.0 Safari/537.36','YTozOntzOjY6Il90b2tlbiI7czo0MDoiclM3ZE1SUkRkWEN6bloxUUgxTVJtbW04TWVEbHNFZU0zT1hSdnV4UyI7czo5OiJfcHJldmlvdXMiO2E6MTp7czozOiJ1cmwiO3M6MjI6Imh0dHBzOi8vMTY0LjkyLjI0NC4xOTIiO31zOjY6Il9mbGFzaCI7YToyOntzOjM6Im9sZCI7YTowOnt9czozOiJuZXciO2E6MDp7fX19',1768606728),
('3HtbIKoi4iHw4QLcc8r4HCDovWCDNmfhg0lKVDhF',NULL,'78.153.140.203','Mozilla/5.0 (compatible; MSIE 9.0; Windows NT 6.0; WOW64; Trident/5.0; msn OptimizedIE8;ENUS)','YTozOntzOjY6Il90b2tlbiI7czo0MDoibzhrWVhxSzhQR3hiT0dsMjdmYVhVdWlYWUNKVHl4bGZrWHhxRnFaRyI7czo5OiJfcHJldmlvdXMiO2E6MTp7czozOiJ1cmwiO3M6MzQ6Imh0dHBzOi8vMTY0LjkyLjI0NC4xOTIvP3BocGluZm89LTEiO31zOjY6Il9mbGFzaCI7YToyOntzOjM6Im9sZCI7YTowOnt9czozOiJuZXciO2E6MDp7fX19',1766872294),
('3JZNZMG5UKKceyWR1YBULne6zuzUD1JgK7sw3n4V',NULL,'178.22.24.64','Mozilla/5.0 (Windows NT 10.0; Win64; x64) AppleWebKit/537.36 (KHTML, like Gecko) Chrome/140.0.0.0 Safari/537.36','YTozOntzOjY6Il90b2tlbiI7czo0MDoiVkloOTRyeTUzTHNQcER4M3cyNDBXQU5TNFNlNzZHcVhUZ09EMnhwUiI7czo5OiJfcHJldmlvdXMiO2E6MTp7czozOiJ1cmwiO3M6MjI6Imh0dHBzOi8vMTY0LjkyLjI0NC4xOTIiO31zOjY6Il9mbGFzaCI7YToyOntzOjM6Im9sZCI7YTowOnt9czozOiJuZXciO2E6MDp7fX19',1767371149),
('3o9LTRRh7227crBcdqoxls8E1zG7LzbcuXFuGuBd',NULL,'89.147.136.198','Mozilla/5.0 (Macintosh; Intel Mac OS X 10.15; rv:147.0) Gecko/20100101 Firefox/147.0','YTo0OntzOjY6Il90b2tlbiI7czo0MDoieHU5WVAwdWJMN3ZBR0N2S21WeUlhaVkzZzNIdEVJeFAwSXF4VzZvWCI7czozOiJ1cmwiO2E6MTp7czo4OiJpbnRlbmRlZCI7czo1MzoiaHR0cHM6Ly9laGthbS5hYnVraGFsaWwuc2l0ZS9jYWxlbmRhci9pbmRleD95ZWFyPTIwMjYiO31zOjk6Il9wcmV2aW91cyI7YToxOntzOjM6InVybCI7czozNDoiaHR0cHM6Ly9laGthbS5hYnVraGFsaWwuc2l0ZS9sb2dpbiI7fXM6NjoiX2ZsYXNoIjthOjI6e3M6Mzoib2xkIjthOjA6e31zOjM6Im5ldyI7YTowOnt9fX0=',1768638707),
('3OOYg4ZAgpktZ2K5lblrFhJlP7SVCXGYHKGgmx1N',NULL,'80.82.77.202','fasthttp','YTozOntzOjY6Il90b2tlbiI7czo0MDoia0YybW1jNlBmTGdxZUxzbFVFZkl3RkVMVzZ5NDdmQUVkblZPVmRXZyI7czo5OiJfcHJldmlvdXMiO2E6MTp7czozOiJ1cmwiO3M6MjI6Imh0dHBzOi8vMTY0LjkyLjI0NC4xOTIiO31zOjY6Il9mbGFzaCI7YToyOntzOjM6Im9sZCI7YTowOnt9czozOiJuZXciO2E6MDp7fX19',1767282223),
('3pVOXCnK9dU6b7cyIyk4LVb3zUWGbKBciyIoGuH9',NULL,'198.235.24.196','Hello from Palo Alto Networks, find out more about our scans in https://docs-cortex.paloaltonetworks.com/r/1/Cortex-Xpanse/Scanning-activity','YTozOntzOjY6Il90b2tlbiI7czo0MDoieVFVZnVVa3pSQ09MeVhxRjZ6WlAyZnE3aEV0akx5Mm1Rak53SVBNRCI7czo5OiJfcHJldmlvdXMiO2E6MTp7czozOiJ1cmwiO3M6MjI6Imh0dHBzOi8vMTY0LjkyLjI0NC4xOTIiO31zOjY6Il9mbGFzaCI7YToyOntzOjM6Im9sZCI7YTowOnt9czozOiJuZXciO2E6MDp7fX19',1767313910),
('3qYW9nzdi1mSGr0Ilc23bnnSGoJcjsKWPGY77Rhu',NULL,'188.66.225.211','Mozilla/5.0 (Windows NT 10.0; Win64; x64) AppleWebKit/537.36 (KHTML, like Gecko) Chrome/143.0.0.0 Safari/537.36 Edg/143.0.0.0','YTo0OntzOjY6Il90b2tlbiI7czo0MDoiZWwwUE1zT0RZMU1BYzJmOVRJbDZwQTRwWXN1TnprWDc5TkFpcXhodCI7czozOiJ1cmwiO2E6MTp7czo4OiJpbnRlbmRlZCI7czo0MToiaHR0cHM6Ly9laGthbS5hYnVraGFsaWwuc2l0ZS9zd290L2FkbWluLzUiO31zOjk6Il9wcmV2aW91cyI7YToxOntzOjM6InVybCI7czo0MToiaHR0cHM6Ly9laGthbS5hYnVraGFsaWwuc2l0ZS9zd290L2FkbWluLzUiO31zOjY6Il9mbGFzaCI7YToyOntzOjM6Im9sZCI7YTowOnt9czozOiJuZXciO2E6MDp7fX19',1768377733),
('3vPyOL0J8kXnPuvGM1ivqdqL6TRQ9iR5pCh6OwLd',NULL,'198.235.24.30','','YTozOntzOjY6Il90b2tlbiI7czo0MDoiUFllVDI0eW0wTmVhQjBSSE9oOHJXOVdmUzN5Tmxaelg3Y0pPZGVZeSI7czo5OiJfcHJldmlvdXMiO2E6MTp7czozOiJ1cmwiO3M6Mjg6Imh0dHBzOi8vZWhrYW0uYWJ1a2hhbGlsLnNpdGUiO31zOjY6Il9mbGFzaCI7YToyOntzOjM6Im9sZCI7YTowOnt9czozOiJuZXciO2E6MDp7fX19',1767398260),
('3WECSygdzjJlXS9ZAvSdwnG2RrCt4Csz0knIoLoA',NULL,'13.158.32.93','Mozilla/5.0 (Windows NT 10.0; Win64; x64) Chrome/91.0.4472.124','YTozOntzOjY6Il90b2tlbiI7czo0MDoiQmpNd2phMmlPSXk4ZFJDdHVSNDBFd3Vvc2pYRWFHM1pYa1ZWeUlaNCI7czo5OiJfcHJldmlvdXMiO2E6MTp7czozOiJ1cmwiO3M6Mjg6Imh0dHBzOi8vZWhrYW0uYWJ1a2hhbGlsLnNpdGUiO31zOjY6Il9mbGFzaCI7YToyOntzOjM6Im9sZCI7YTowOnt9czozOiJuZXciO2E6MDp7fX19',1766861553),
('3X17DWjx5fzH5tLOwip03fp2yFeNrQNN3qMzveCH',NULL,'35.230.33.99','Mozilla/5.0 (compatible; CMS-Checker/1.0; +https://example.com)','YTozOntzOjY6Il90b2tlbiI7czo0MDoiMXRwSTdSTUIwS0JxMlJxSGhwY2RoMjFkRjkwZXJoYWdvb3ZXWGhTeSI7czo5OiJfcHJldmlvdXMiO2E6MTp7czozOiJ1cmwiO3M6Mjg6Imh0dHBzOi8vZWhrYW0uYWJ1a2hhbGlsLnNpdGUiO31zOjY6Il9mbGFzaCI7YToyOntzOjM6Im9sZCI7YTowOnt9czozOiJuZXciO2E6MDp7fX19',1767456321),
('3Xn8fCjwTK4MLjvI7KNPiwHKoV4sdCTzwjBzaLj9',NULL,'66.228.53.4','Mozilla/5.0 (Macintosh; Intel Mac OS X 13_1) AppleWebKit/537.36 (KHTML, like Gecko) Chrome/108.0.0.0 Safari/537.36','YTozOntzOjY6Il90b2tlbiI7czo0MDoiOU5CVnhWaHpPWEYyNTJTVkNkYnBKdEpmZmhQREhRQ1MxUDRBcTI5RCI7czo5OiJfcHJldmlvdXMiO2E6MTp7czozOiJ1cmwiO3M6MjI6Imh0dHBzOi8vMTY0LjkyLjI0NC4xOTIiO31zOjY6Il9mbGFzaCI7YToyOntzOjM6Im9sZCI7YTowOnt9czozOiJuZXciO2E6MDp7fX19',1768484022),
('3z8dEHGLRIrbTXsG1Jj3yW1FNxceVfnnoweR9hgt',NULL,'165.154.36.91','Mozilla/5.0 (Windows NT 6.1) AppleWebKit/537.36 (KHTML, like Gecko) Chrome/49.0.2623.112 Safari/537.36','YTozOntzOjY6Il90b2tlbiI7czo0MDoiN1Q5OUVMSTBZMnJXQ0ZtNW13UGNqMmk5Y2daTUxMRzRJOGJOeWM1NiI7czo5OiJfcHJldmlvdXMiO2E6MTp7czozOiJ1cmwiO3M6MjI6Imh0dHBzOi8vMTY0LjkyLjI0NC4xOTIiO31zOjY6Il9mbGFzaCI7YToyOntzOjM6Im9sZCI7YTowOnt9czozOiJuZXciO2E6MDp7fX19',1766880333),
('42rhqOJihfrnmnQQ7IlaCm5TVTQbM52mCxg3wDlA',NULL,'34.252.173.1','Mozilla/5.0 (Windows NT 10.0; Win64; x64) AppleWebKit/537.36 (KHTML, like Gecko) Chrome/115.0.0.0 Safari/537.36','YTozOntzOjY6Il90b2tlbiI7czo0MDoiVEZGdUNNZnQ0OU9RZzM3SU9pNFdrWGlnZVhZWUxUelQ2Qm5uZm1mMSI7czo5OiJfcHJldmlvdXMiO2E6MTp7czozOiJ1cmwiO3M6Mjg6Imh0dHBzOi8vZWhrYW0uYWJ1a2hhbGlsLnNpdGUiO31zOjY6Il9mbGFzaCI7YToyOntzOjM6Im9sZCI7YTowOnt9czozOiJuZXciO2E6MDp7fX19',1767267850),
('43cQ9xiGaGXrXhJ9tyItyd4ptqC6KzTMJSeIaEyA',NULL,'79.124.40.174','Mozilla/5.0 (Windows NT 10.0; Win64; x64) AppleWebKit/537.36 (KHTML, like Gecko) Chrome/78.0.3904.108 Safari/537.36','YTozOntzOjY6Il90b2tlbiI7czo0MDoiVFpsSlRLNGNRRUZEamdlbG9KZzRlQVRwWUFVOThuWDJQQ0ZjVE80NSI7czo5OiJfcHJldmlvdXMiO2E6MTp7czozOiJ1cmwiO3M6NTM6Imh0dHBzOi8vMTY0LjkyLjI0NC4xOTIvP1hERUJVR19TRVNTSU9OX1NUQVJUPXBocHN0b3JtIjt9czo2OiJfZmxhc2giO2E6Mjp7czozOiJvbGQiO2E6MDp7fXM6MzoibmV3IjthOjA6e319fQ==',1767422365),
('45WDSpHC9eYCTjsdxqgMEarXvsjwS87z9iWRr4jw',NULL,'23.88.69.86','Mozilla/5.0 (Macintosh; Intel Mac OS X 10_15_7) AppleWebKit/537.36 (KHTML, like Gecko) Chrome/132.0.0.0 Safari/537.36','YTozOntzOjY6Il90b2tlbiI7czo0MDoiaXVSRGxLVjZGQjFFU2ZiN3RYdkxLN2wzQ25QVVlQekFtVW1weHB5SCI7czo5OiJfcHJldmlvdXMiO2E6MTp7czozOiJ1cmwiO3M6Mjg6Imh0dHBzOi8vZWhrYW0uYWJ1a2hhbGlsLnNpdGUiO31zOjY6Il9mbGFzaCI7YToyOntzOjM6Im9sZCI7YTowOnt9czozOiJuZXciO2E6MDp7fX19',1766820665),
('4cgCTp4ZBE4rhffpINT4smNvqtJH5tBqIvcosIkD',NULL,'45.156.129.130','Mozilla/5.0 (Windows NT 10.0; Win64; x64) AppleWebKit/537.36 (KHTML, like Gecko) Chrome/60.0.3112.113 Safari/537.36','YTozOntzOjY6Il90b2tlbiI7czo0MDoiY1hZTENrTkZ4U2F1UHZJOWlMUFU1MWlENUlLSzc5WXBhN2FkaGlBeSI7czo5OiJfcHJldmlvdXMiO2E6MTp7czozOiJ1cmwiO3M6MjI6Imh0dHBzOi8vMTY0LjkyLjI0NC4xOTIiO31zOjY6Il9mbGFzaCI7YToyOntzOjM6Im9sZCI7YTowOnt9czozOiJuZXciO2E6MDp7fX19',1768625152),
('4DnchHcElebnv4uTKdKfGvKPtF9PbDx7jMCgzLl5',NULL,'171.105.76.43','Mozilla/5.0 (Windows NT 6.1) AppleWebKit/537.36 (KHTML, like Gecko) Chrome/49.0.2623.112 Safari/537.36','YTozOntzOjY6Il90b2tlbiI7czo0MDoiSFlWTzhPWjR4OXVPbXl0RFNjNHhxTEZlMmh4bGZ4ejdpZ09haTZVMiI7czo5OiJfcHJldmlvdXMiO2E6MTp7czozOiJ1cmwiO3M6MjI6Imh0dHBzOi8vMTY0LjkyLjI0NC4xOTIiO31zOjY6Il9mbGFzaCI7YToyOntzOjM6Im9sZCI7YTowOnt9czozOiJuZXciO2E6MDp7fX19',1767831807),
('4FLaBoRnJg8FVgPWLF6DEJuidHelmGgA1SXwBvC4',1,'188.135.50.243','Mozilla/5.0 (Windows NT 10.0; Win64; x64) AppleWebKit/537.36 (KHTML, like Gecko) Chrome/142.0.0.0 Safari/537.36','YTo0OntzOjY6Il90b2tlbiI7czo0MDoiek1VY3pOcXRvUmNPNm5UakcwZENxdjVBVFRweVRmRlF6NTBYZjdlcyI7czo5OiJfcHJldmlvdXMiO2E6MTp7czozOiJ1cmwiO3M6NDY6Imh0dHBzOi8vZWhrYW0uYWJ1a2hhbGlsLmFwcC9hZG1pbl91c2Vycy9zaG93LzMiO31zOjY6Il9mbGFzaCI7YToyOntzOjM6Im9sZCI7YTowOnt9czozOiJuZXciO2E6MDp7fX1zOjUwOiJsb2dpbl93ZWJfNTliYTM2YWRkYzJiMmY5NDAxNTgwZjAxNGM3ZjU4ZWE0ZTMwOTg5ZCI7aToxO30=',1766469833),
('4gqDyVuvxPVroc86RNNlv8ccrpKGMRMFg6DUtipq',NULL,'79.124.40.174','Mozilla/5.0 (Windows NT 10.0; Win64; x64) AppleWebKit/537.36 (KHTML, like Gecko) Chrome/78.0.3904.108 Safari/537.36','YTozOntzOjY6Il90b2tlbiI7czo0MDoieXlDdzZhNURHZzBSRGN3dXpPaWU1RG93Q1NWa0JxUWNEMGx6Sm1KNiI7czo5OiJfcHJldmlvdXMiO2E6MTp7czozOiJ1cmwiO3M6NTM6Imh0dHBzOi8vMTY0LjkyLjI0NC4xOTIvP1hERUJVR19TRVNTSU9OX1NUQVJUPXBocHN0b3JtIjt9czo2OiJfZmxhc2giO2E6Mjp7czozOiJvbGQiO2E6MDp7fXM6MzoibmV3IjthOjA6e319fQ==',1767974056),
('4HXZQdGuBtulN64DDFYogHVtaKxmrGVSJ5nrEpY9',NULL,'98.173.42.60','AnyConnect Darwin_i386 3.1.05160','YToyOntzOjY6Il90b2tlbiI7czo0MDoidzllQXR4c2dIdUJtZHZuaGwyM3BrNVFzZkc3YWZrQmYzVlZhdURQMCI7czo2OiJfZmxhc2giO2E6Mjp7czozOiJvbGQiO2E6MDp7fXM6MzoibmV3IjthOjA6e319fQ==',1767035391),
('4J8ZKAlrZi8oQGrep1H9puR4OVabbX5ZvnKZYsq7',NULL,'198.199.122.20','Mozilla/5.0 zgrab/0.x','YTozOntzOjY6Il90b2tlbiI7czo0MDoiRGFld3p1M09mbnIxUDlSSzIxeW1Da0FyMFlaQ0FsRXNGek11MkJUOCI7czo5OiJfcHJldmlvdXMiO2E6MTp7czozOiJ1cmwiO3M6MjI6Imh0dHBzOi8vMTY0LjkyLjI0NC4xOTIiO31zOjY6Il9mbGFzaCI7YToyOntzOjM6Im9sZCI7YTowOnt9czozOiJuZXciO2E6MDp7fX19',1767414270),
('4kR2T5Yt7myrSR3SQLdo0whpq1c4U3FULKmEpaWc',NULL,'172.235.235.248','','YTozOntzOjY6Il90b2tlbiI7czo0MDoiWGx6enFxYUpVZjNXQm1BM2ZFOW14eXlUSUlsWU1ZQ2xUOEFkV3lPRCI7czo5OiJfcHJldmlvdXMiO2E6MTp7czozOiJ1cmwiO3M6Mjg6Imh0dHBzOi8vZWhrYW0uYWJ1a2hhbGlsLnNpdGUiO31zOjY6Il9mbGFzaCI7YToyOntzOjM6Im9sZCI7YTowOnt9czozOiJuZXciO2E6MDp7fX19',1767161081),
('4lHjqE6K7oGOeHqn0fjXuu9npXMK7JIUGMeycW32',NULL,'152.32.252.233','curl/7.29.0','YTozOntzOjY6Il90b2tlbiI7czo0MDoiM2o3OVQ2c0YxNEFWNnNSYXhLb0hNaW81RlR0MVRNRlZjRld5cGNRSSI7czo5OiJfcHJldmlvdXMiO2E6MTp7czozOiJ1cmwiO3M6MjI6Imh0dHBzOi8vMTY0LjkyLjI0NC4xOTIiO31zOjY6Il9mbGFzaCI7YToyOntzOjM6Im9sZCI7YTowOnt9czozOiJuZXciO2E6MDp7fX19',1768699860),
('4t7iis6NTdKUIHik7ULxPZTKEFJTrB5OEuesmp5t',NULL,'44.200.242.133','Mozilla/5.0 (Macintosh; Intel Mac OS X 10_15_7) AppleWebKit/605.1.15 (KHTML, like Gecko) Version/18.3.1 Mobile/15E148 Safari/604.1','YTozOntzOjY6Il90b2tlbiI7czo0MDoiSHJSZ0RZNEJ2Vzd5ZG1CcXF4djZXWWRXTEtJVkY4eEdJa01NSW9YSyI7czo5OiJfcHJldmlvdXMiO2E6MTp7czozOiJ1cmwiO3M6MjI6Imh0dHBzOi8vYWJ1a2hhbGlsLnNpdGUiO31zOjY6Il9mbGFzaCI7YToyOntzOjM6Im9sZCI7YTowOnt9czozOiJuZXciO2E6MDp7fX19',1766786868),
('55UTvp9uhybhS31T8C3xnUuvIjDQctQGNJoDpCOn',NULL,'79.124.40.174','Mozilla/5.0 (Windows NT 10.0; Win64; x64) AppleWebKit/537.36 (KHTML, like Gecko) Chrome/78.0.3904.108 Safari/537.36','YTozOntzOjY6Il90b2tlbiI7czo0MDoib3RqRVZHMk9WSGNrcVllUWhQVFk1OG90WnpyTEpuQVZnVlJzNVZrTiI7czo5OiJfcHJldmlvdXMiO2E6MTp7czozOiJ1cmwiO3M6NTM6Imh0dHBzOi8vMTY0LjkyLjI0NC4xOTIvP1hERUJVR19TRVNTSU9OX1NUQVJUPXBocHN0b3JtIjt9czo2OiJfZmxhc2giO2E6Mjp7czozOiJvbGQiO2E6MDp7fXM6MzoibmV3IjthOjA6e319fQ==',1768614143),
('57ZQtfIHuKapKkDaq7Y2yc3ZxmerckqYl5Ad6nOP',NULL,'64.62.156.194','Mozilla/5.0 (X11; Linux x86_64) AppleWebKit/537.36 (KHTML, like Gecko) Chrome/61.0.3163.100 Electron/2.0.18 Safari/537.36','YTozOntzOjY6Il90b2tlbiI7czo0MDoicWdrYTZPV3NraWh0ZWFmZ2JyZHJRaW9GalRodWJwMm1wa1lwdndxUSI7czo5OiJfcHJldmlvdXMiO2E6MTp7czozOiJ1cmwiO3M6MjI6Imh0dHBzOi8vMTY0LjkyLjI0NC4xOTIiO31zOjY6Il9mbGFzaCI7YToyOntzOjM6Im9sZCI7YTowOnt9czozOiJuZXciO2E6MDp7fX19',1768436444),
('5abP2M9BQZRTLIPoxadBcLIu0oAZ2ykHDfoWU5Ih',NULL,'45.82.78.112','Mozilla/5.0 (Macintosh; Intel Mac OS X 10_15_7) AppleWebKit/605.1.15 (KHTML, like Gecko)','YTozOntzOjY6Il90b2tlbiI7czo0MDoiRU9ZMVJhVE8zazQ2VXJQWXdsU244N3p3Nzh4Z1hsY0pMODVzRkw1MiI7czo5OiJfcHJldmlvdXMiO2E6MTp7czozOiJ1cmwiO3M6Mjc6Imh0dHBzOi8vZWhrYW0uYWJ1a2hhbGlsLmFwcCI7fXM6NjoiX2ZsYXNoIjthOjI6e3M6Mzoib2xkIjthOjA6e31zOjM6Im5ldyI7YTowOnt9fX0=',1766647305),
('5bpBDJdhmnnklXDCl6r46EtJ5XSOT5lZD7gq8Omy',NULL,'108.130.189.212','Mozilla/5.0 (Windows NT 10.0; Win64; x64) AppleWebKit/537.36 (KHTML, like Gecko) Chrome/60.0.3112.113 Safari/537.36 Assetnote/1.0.0','YTozOntzOjY6Il90b2tlbiI7czo0MDoiSWYya3ZGRkxpMG9YWkdxZ3JMa2xhWElqcGdBSm5RejFFQkhDN0FRSCI7czo5OiJfcHJldmlvdXMiO2E6MTp7czozOiJ1cmwiO3M6Mjg6Imh0dHBzOi8vZWhrYW0uYWJ1a2hhbGlsLnNpdGUiO31zOjY6Il9mbGFzaCI7YToyOntzOjM6Im9sZCI7YTowOnt9czozOiJuZXciO2E6MDp7fX19',1766920018),
('5BUmoGGtGKYKpV3kdVNcizIOPTylNd2ylScQOqnH',NULL,'8.208.10.94','Go-http-client/1.1','YTozOntzOjY6Il90b2tlbiI7czo0MDoiOUFaR2l6R29rUXkyWHZZN2hjVktzWURHQ1RRSmFjZWxMekw5VVR0TiI7czo5OiJfcHJldmlvdXMiO2E6MTp7czozOiJ1cmwiO3M6NTk6Imh0dHBzOi8vMTY0LjkyLjI0NC4xOTIvP25hbWU9MS5vZG5zLm0uZG5zbWVhc3VyZS50b3AmdHlwZT1BIjt9czo2OiJfZmxhc2giO2E6Mjp7czozOiJvbGQiO2E6MDp7fXM6MzoibmV3IjthOjA6e319fQ==',1768038372),
('5cF0lUCp5cFaEIZhDdHd4QAdQx7x4fqAQajlUA6t',NULL,'190.123.219.203','Mozilla/5.0 (Windows NT 10.0; WOW64) AppleWebKit/537.36 (KHTML, like Gecko) Chrome/58.0.2991.0 Safari/537.36','YTozOntzOjY6Il90b2tlbiI7czo0MDoieXVETVdPWlpETEdlM0gwdWVaWGtMSTV3Rm5zM0FXdDJ5MnF6czZzdCI7czo5OiJfcHJldmlvdXMiO2E6MTp7czozOiJ1cmwiO3M6MjI6Imh0dHBzOi8vYWJ1a2hhbGlsLnNpdGUiO31zOjY6Il9mbGFzaCI7YToyOntzOjM6Im9sZCI7YTowOnt9czozOiJuZXciO2E6MDp7fX19',1766941307),
('5ee4ncTy4aTKeQSNz2GF3JlfAOo9oLD6F0HeE3aK',NULL,'172.104.11.46','Mozilla/5.0 (Macintosh; Intel Mac OS X 13_1) AppleWebKit/537.36 (KHTML, like Gecko) Chrome/108.0.0.0 Safari/537.36','YTozOntzOjY6Il90b2tlbiI7czo0MDoiUmpJaHFMWHhObGZhQURQRnNocUJ0ZmNFcnBTYng5TTI0Y1F4dEJRUiI7czo5OiJfcHJldmlvdXMiO2E6MTp7czozOiJ1cmwiO3M6MjI6Imh0dHBzOi8vMTY0LjkyLjI0NC4xOTIiO31zOjY6Il9mbGFzaCI7YToyOntzOjM6Im9sZCI7YTowOnt9czozOiJuZXciO2E6MDp7fX19',1768226543),
('5i6BBmUHMbW5fie04wPAnoizmKIoj0zJuCyfBqYO',NULL,'35.216.144.195','abuse.xmco.fr','YTozOntzOjY6Il90b2tlbiI7czo0MDoiUG9zYlNoWkYyTFRLejBJakhBQndqZ1IzUzBCaXVhUXZrOXBUQVdRUSI7czo5OiJfcHJldmlvdXMiO2E6MTp7czozOiJ1cmwiO3M6MjI6Imh0dHBzOi8vMTY0LjkyLjI0NC4xOTIiO31zOjY6Il9mbGFzaCI7YToyOntzOjM6Im9sZCI7YTowOnt9czozOiJuZXciO2E6MDp7fX19',1768592738),
('5jIhugA4EU9l6M4HUEGjHEhZyMxaysRM3sMNJmIa',NULL,'94.231.206.205','Mozilla/5.0 (X11; Ubuntu; Linux x86_64; rv:134.0) Gecko/20100101 Firefox/134.0','YTozOntzOjY6Il90b2tlbiI7czo0MDoiUTJ2MWtSa0xZQnpwV2E1UjFBZDJiZXZiWGZlMDlIcjBlcDBtbjJDYyI7czo5OiJfcHJldmlvdXMiO2E6MTp7czozOiJ1cmwiO3M6MjI6Imh0dHBzOi8vMTY0LjkyLjI0NC4xOTIiO31zOjY6Il9mbGFzaCI7YToyOntzOjM6Im9sZCI7YTowOnt9czozOiJuZXciO2E6MDp7fX19',1768436112),
('5jlshBq2HpJRpghoVS9fqx3YxoNmRtTREmiDoI9J',NULL,'162.142.125.122','Mozilla/5.0 (compatible; CensysInspect/1.1; +https://about.censys.io/)','YTozOntzOjY6Il90b2tlbiI7czo0MDoiY2w1WndjUUdlUHViUzNUbFd1MEtQT0Nta2VJTVZLdDdJVWhQOUY5OSI7czo5OiJfcHJldmlvdXMiO2E6MTp7czozOiJ1cmwiO3M6Mjg6Imh0dHBzOi8vMTY0LjkyLjI0NC4xOTIvbG9naW4iO31zOjY6Il9mbGFzaCI7YToyOntzOjM6Im9sZCI7YTowOnt9czozOiJuZXciO2E6MDp7fX19',1767473722),
('5kI9jA1d2cceXTIysuioCuRDagtXaql6F8dQhxQq',NULL,'3.130.96.91','cypex.ai/scanning Mozilla/5.0 (Macintosh; Intel Mac OS X 10_15_7) Chrome/126.0.0.0 Safari/537.36','YTozOntzOjY6Il90b2tlbiI7czo0MDoiR0twcldJeUcxcTg3WVh4aDk0QmpLU0F3STRqclhKampTZkxUNWdsRSI7czo5OiJfcHJldmlvdXMiO2E6MTp7czozOiJ1cmwiO3M6MjI6Imh0dHBzOi8vMTY0LjkyLjI0NC4xOTIiO31zOjY6Il9mbGFzaCI7YToyOntzOjM6Im9sZCI7YTowOnt9czozOiJuZXciO2E6MDp7fX19',1766891703),
('5OuzsNxsN4mh4QEEtc2Z7Umz5AYLlHuc22VPawxz',NULL,'54.86.115.253','RecordedFuture Global Inventory Crawler','YTozOntzOjY6Il90b2tlbiI7czo0MDoiZk1qRUYwdklXOXROU2VWVTQ5aklibWg0WUtwWHRuRXJuOEF1RWJLTiI7czo5OiJfcHJldmlvdXMiO2E6MTp7czozOiJ1cmwiO3M6NTQ6Imh0dHBzOi8vd3d3Lm9iamVjdGl2ZS1wYXNjYWwuMTY0LTkyLTI0NC0xOTIucGxlc2sucGFnZSI7fXM6NjoiX2ZsYXNoIjthOjI6e3M6Mzoib2xkIjthOjA6e31zOjM6Im5ldyI7YTowOnt9fX0=',1768634041),
('5qqs7MHWMFjTGTZnMcGBbXgeRkI5DmUHdsJFXQWl',NULL,'44.208.101.145','Mozilla/5.0 (Windows NT 10.0; Win64; x64) AppleWebKit/537.36 (KHTML, like Gecko) Chrome/103.0.0.0 Safari/537.36','YTozOntzOjY6Il90b2tlbiI7czo0MDoicXZ6NzNKNEx2OTF6ZDhpMWQ2ZzFYaXZwUGc2ZHQ0N1lYNHNYYjF1TCI7czo5OiJfcHJldmlvdXMiO2E6MTp7czozOiJ1cmwiO3M6Mjg6Imh0dHBzOi8vZWhrYW0uYWJ1a2hhbGlsLnNpdGUiO31zOjY6Il9mbGFzaCI7YToyOntzOjM6Im9sZCI7YTowOnt9czozOiJuZXciO2E6MDp7fX19',1766860588),
('5qyv4VLmo9QO99kITgj4JG0UWFwOq8mnKVZcr0t6',NULL,'103.203.59.1','HTTP Banner Detection (https://security.ipip.net)','YTozOntzOjY6Il90b2tlbiI7czo0MDoiRjV5eGFqelhheUtzMkx5RDhKQXptTnduZVd1SGtJUnFBVXBvMlQ5WSI7czo5OiJfcHJldmlvdXMiO2E6MTp7czozOiJ1cmwiO3M6MjI6Imh0dHBzOi8vMTY0LjkyLjI0NC4xOTIiO31zOjY6Il9mbGFzaCI7YToyOntzOjM6Im9sZCI7YTowOnt9czozOiJuZXciO2E6MDp7fX19',1767599837),
('5uu175x5D9OcileKLXGsaHITLHz6x8AZ9qZSYScg',NULL,'8.208.10.94','Go-http-client/1.1','YTozOntzOjY6Il90b2tlbiI7czo0MDoiQXpBcmZVOVR3UHRGazNsc29TajNhc1JzQ2lFRG5HclJ4VGRTVVFESyI7czo5OiJfcHJldmlvdXMiO2E6MTp7czozOiJ1cmwiO3M6ODM6Imh0dHBzOi8vMTY0LjkyLjI0NC4xOTIvP2Rucz1UYzBCQUFBQkFBQUFBQUFBQVRFRWIyUnVjd0Z0Q21SdWMyMWxZWE4xY21VRGRHOXdBQUFCQUFFIjt9czo2OiJfZmxhc2giO2E6Mjp7czozOiJvbGQiO2E6MDp7fXM6MzoibmV3IjthOjA6e319fQ==',1768038372),
('5UXte1371CssUcCrPEmFQv9rO04ijJviN2rCKYz4',NULL,'92.222.104.214','Mozilla/5.0 (compatible; AhrefsBot/7.0; +http://ahrefs.com/robot/)','YTozOntzOjY6Il90b2tlbiI7czo0MDoiQ1E5bzZONU9QcU9hNDV0R283UWxLS2Fkdk84RjhBTTA5bFRMMTYyNiI7czo5OiJfcHJldmlvdXMiO2E6MTp7czozOiJ1cmwiO3M6NTE6Imh0dHBzOi8vYWJ1a2hhbGlsLnNpdGUvd29ya3Nob3dfYXR0ZW5kYW5jZV9yZWdpc3RlciI7fXM6NjoiX2ZsYXNoIjthOjI6e3M6Mzoib2xkIjthOjA6e31zOjM6Im5ldyI7YTowOnt9fX0=',1766827510),
('5Wvye9bqCAyn9sn1fKTsMMGwb5BWXRQmDAKC8wNw',NULL,'172.235.168.35','Mozilla/5.0 (iPhone; CPU iPhone OS 18_3 like Mac OS X) AppleWebKit/605.1.15 (KHTML','YTozOntzOjY6Il90b2tlbiI7czo0MDoiNDZHaEI5QklKd3ZFdVQ0SXB6WGdoVUszQzBHV0lrYlFIVm5Yb0RRYyI7czo5OiJfcHJldmlvdXMiO2E6MTp7czozOiJ1cmwiO3M6MjI6Imh0dHBzOi8vMTY0LjkyLjI0NC4xOTIiO31zOjY6Il9mbGFzaCI7YToyOntzOjM6Im9sZCI7YTowOnt9czozOiJuZXciO2E6MDp7fX19',1767355954),
('5xABYmPeMKa4TJH8rhOAHKvw9gdtJj5gK3ZCwBAS',NULL,'20.12.240.178','Mozilla/5.0 zgrab/0.x','YTozOntzOjY6Il90b2tlbiI7czo0MDoiSmRtNDM0VWxEMjY4Zkd2QTdZYm9kN2tpdUFHYTJ0eUZvVmZTYzBjWSI7czo5OiJfcHJldmlvdXMiO2E6MTp7czozOiJ1cmwiO3M6Mjg6Imh0dHBzOi8vMTY0LjkyLjI0NC4xOTIvbG9naW4iO31zOjY6Il9mbGFzaCI7YToyOntzOjM6Im9sZCI7YTowOnt9czozOiJuZXciO2E6MDp7fX19',1767735130),
('5ZdQuPAfNf58gdU5yJVW2dy5fh4wFXpdqB6RygI1',NULL,'3.233.59.216','','YTozOntzOjY6Il90b2tlbiI7czo0MDoiVDIzTGhGWGtLbk9ueXdBem5USkw5eVlRVlU5eUNpejhKQmR0amJVOCI7czo5OiJfcHJldmlvdXMiO2E6MTp7czozOiJ1cmwiO3M6Mjg6Imh0dHBzOi8vZWhrYW0uYWJ1a2hhbGlsLnNpdGUiO31zOjY6Il9mbGFzaCI7YToyOntzOjM6Im9sZCI7YTowOnt9czozOiJuZXciO2E6MDp7fX19',1766784099),
('651mbLrfRwqqWOYQXUc3GrFxa3Lf6jg6Qn3cJGvV',NULL,'165.154.163.113','Mozilla/5.0 (Windows NT 8_0_1; Win64; x64) AppleWebKit/596.54 (KHTML, like Gecko) Chrome/75.0.1114 Safari/537.36','YTozOntzOjY6Il90b2tlbiI7czo0MDoic3NoZGNvN0R5dTFwNlRWaHZiRWNCbDl1b2dUWTY2Q3pvY2k3bHpiNCI7czo5OiJfcHJldmlvdXMiO2E6MTp7czozOiJ1cmwiO3M6MjI6Imh0dHBzOi8vMTY0LjkyLjI0NC4xOTIiO31zOjY6Il9mbGFzaCI7YToyOntzOjM6Im9sZCI7YTowOnt9czozOiJuZXciO2E6MDp7fX19',1768699922),
('6DeStObph2v2Vh8RUV3Deniwm1BB0NHykoIFfrkS',NULL,'185.247.137.124','Mozilla/5.0 (compatible; InternetMeasurement/1.0; +https://internet-measurement.com/)','YTozOntzOjY6Il90b2tlbiI7czo0MDoiVHV6MzBpR2lNcU1QUk1Kd242R2pUcUNIa2Y2YmZXc2kwMUxCcUl2cyI7czo5OiJfcHJldmlvdXMiO2E6MTp7czozOiJ1cmwiO3M6Mjg6Imh0dHBzOi8vZWhrYW0uYWJ1a2hhbGlsLnNpdGUiO31zOjY6Il9mbGFzaCI7YToyOntzOjM6Im9sZCI7YTowOnt9czozOiJuZXciO2E6MDp7fX19',1766849045),
('6FdqkhLCsH4eHXrXCLMNR7lmYDTCSepDgJ4h4gVZ',NULL,'185.180.140.110','Mozilla/5.0 (Windows NT 10.0; Win64; x64) AppleWebKit/537.36 (KHTML, like Gecko) Chrome/60.0.3112.113 Safari/537.36','YTozOntzOjY6Il90b2tlbiI7czo0MDoibUVmVEw1VEFBNjltRVNnanFtbUhIUk9LQjVnSW1FcHNBcEtWbkNDdiI7czo5OiJfcHJldmlvdXMiO2E6MTp7czozOiJ1cmwiO3M6MjI6Imh0dHBzOi8vMTY0LjkyLjI0NC4xOTIiO31zOjY6Il9mbGFzaCI7YToyOntzOjM6Im9sZCI7YTowOnt9czozOiJuZXciO2E6MDp7fX19',1768807956),
('6fTeW5miSto0dVQoIhqKIqZuIlBCFJT4rshbpxkv',NULL,'71.6.232.20','Mozilla/5.0 (Windows NT 10.0; Win64; x64) AppleWebKit/537.36 (KHTML, like Gecko) Chrome/134.0.0.0 Safari/537.36','YTozOntzOjY6Il90b2tlbiI7czo0MDoic0h0U1J2RDJSOHBJVkZpQzJrbE1GU0FwTWhrSTB2WDZxWGd6QjNNciI7czo5OiJfcHJldmlvdXMiO2E6MTp7czozOiJ1cmwiO3M6MjI6Imh0dHBzOi8vMTY0LjkyLjI0NC4xOTIiO31zOjY6Il9mbGFzaCI7YToyOntzOjM6Im9sZCI7YTowOnt9czozOiJuZXciO2E6MDp7fX19',1767126394),
('6fX2S6tIRNujlwQDKwbb9YN6q5CVMeFNDaat7g42',NULL,'206.204.56.179','Mozilla/5.0 (iPhone; CPU iPhone OS 18_5 like Mac OS X) AppleWebKit/605.1.15 (KHTML, like Gecko) CriOS/138.0.7204.156 Mobile/15E148 Safari/604.1','YTozOntzOjY6Il90b2tlbiI7czo0MDoiaUt5cHZrS1JqbVg3TkoxamZDTDdOblRnb2l1QmVzZW5PRkczNFhDWiI7czo5OiJfcHJldmlvdXMiO2E6MTp7czozOiJ1cmwiO3M6Mjg6Imh0dHBzOi8vZWhrYW0uYWJ1a2hhbGlsLnNpdGUiO31zOjY6Il9mbGFzaCI7YToyOntzOjM6Im9sZCI7YTowOnt9czozOiJuZXciO2E6MDp7fX19',1766784057),
('6HLIQgukTXPtev4W4RTgGwAAeXEi2U6gd8PwqApf',NULL,'51.159.105.145','Mozilla/5.0 (iPad; CPU OS 15_0 like Mac OS X; rv:95.0) Gecko/20100101 Firefox/95.0','YTozOntzOjY6Il90b2tlbiI7czo0MDoiTTdYb1hIUUlWTVU3QmkwcHUzRFZuYUFkVkp6aXBRRHRucjFiTFo3UiI7czo5OiJfcHJldmlvdXMiO2E6MTp7czozOiJ1cmwiO3M6MjI6Imh0dHBzOi8vMTY0LjkyLjI0NC4xOTIiO31zOjY6Il9mbGFzaCI7YToyOntzOjM6Im9sZCI7YTowOnt9czozOiJuZXciO2E6MDp7fX19',1767917418),
('6OBbfSSIGiIgtJwwV4P5hj6LVBDfPzI14WxrS2kV',NULL,'192.175.111.253','Mozilla/5.0 (Windows NT 10.0; Win64; x64) AppleWebKit/537.36 (KHTML, like Gecko) Chrome/143.0.0.0 Safari/537.36','YTozOntzOjY6Il90b2tlbiI7czo0MDoibHpFc1ZndFp4bFZVTW1nRGZaNU1KRU5ScmVFcGJ6MWhCODRERU5nVyI7czo5OiJfcHJldmlvdXMiO2E6MTp7czozOiJ1cmwiO3M6Mjg6Imh0dHBzOi8vZWhrYW0uYWJ1a2hhbGlsLnNpdGUiO31zOjY6Il9mbGFzaCI7YToyOntzOjM6Im9sZCI7YTowOnt9czozOiJuZXciO2E6MDp7fX19',1766794932),
('6p0oOfFIMLcGym4CpSoX2VvZtaFdWbt2X2qHNkAN',NULL,'204.76.203.25','Mozilla/5.0 (Windows NT 10.0; Win64; x64) AppleWebKit/537.36 (KHTML, like Gecko) Chrome/134.0.0.0 Safari/537.3','YTozOntzOjY6Il90b2tlbiI7czo0MDoiNlg1d01BUTBEbE1sOTlMYUJIdms3dm5aWmVLZWZhRTZtODZUTlhnaSI7czo5OiJfcHJldmlvdXMiO2E6MTp7czozOiJ1cmwiO3M6Mjg6Imh0dHBzOi8vZWhrYW0uYWJ1a2hhbGlsLnNpdGUiO31zOjY6Il9mbGFzaCI7YToyOntzOjM6Im9sZCI7YTowOnt9czozOiJuZXciO2E6MDp7fX19',1768000745),
('6p4uPPrDagVN6iXIyM7bLGVaVBjk3v9IJTe6uUuq',NULL,'35.216.189.16','abuse.xmco.fr','YTozOntzOjY6Il90b2tlbiI7czo0MDoiYVdIT0toT3pCa0tkWlFybE14Y1BLMjhzYVJKUXVRTm9WZDgya2wwUCI7czo5OiJfcHJldmlvdXMiO2E6MTp7czozOiJ1cmwiO3M6MjI6Imh0dHBzOi8vMTY0LjkyLjI0NC4xOTIiO31zOjY6Il9mbGFzaCI7YToyOntzOjM6Im9sZCI7YTowOnt9czozOiJuZXciO2E6MDp7fX19',1767771048),
('6WbQjhXYK1lco6CJCKkUqHTfBq408zCTHuZfHVwM',NULL,'91.84.64.84','Mozilla/5.0 (Linux; Android 6.0; Nexus 5 Build/MRA58N) AppleWebKit/537.36 (KHTML, like Gecko) Chrome/130.0.0.0 Mobile Safari/537.36','YTozOntzOjY6Il90b2tlbiI7czo0MDoiVTZ3MlBUNTdwcFd0d0hiU2gweGNadExXMXdxQVh6ajVyN05HM0tLSSI7czo5OiJfcHJldmlvdXMiO2E6MTp7czozOiJ1cmwiO3M6Mjg6Imh0dHBzOi8vZWhrYW0uYWJ1a2hhbGlsLnNpdGUiO31zOjY6Il9mbGFzaCI7YToyOntzOjM6Im9sZCI7YTowOnt9czozOiJuZXciO2E6MDp7fX19',1766831210),
('71qOOAlt6BNOQxlxwKBw3wOvrwSHNmBki7mEh75k',NULL,'3.26.201.55','Mozilla/5.0 (Windows NT 10.0; Win64; x64) AppleWebKit/537.36 (KHTML, like Gecko) Chrome/60.0.3112.113 Safari/537.36 Assetnote/1.0.0','YTozOntzOjY6Il90b2tlbiI7czo0MDoiTmxvQ3d6ekcxU01WZlRHQ2NqMTdkZ3RmV1h1WWU0eE9WV0RDakc2QyI7czo5OiJfcHJldmlvdXMiO2E6MTp7czozOiJ1cmwiO3M6MjI6Imh0dHBzOi8vMTY0LjkyLjI0NC4xOTIiO31zOjY6Il9mbGFzaCI7YToyOntzOjM6Im9sZCI7YTowOnt9czozOiJuZXciO2E6MDp7fX19',1766896753),
('7CiRQtIFoAlQCapTPOW2PwYPthcYxOQrnMpArMvY',NULL,'146.70.132.135','Mozilla/5.0 (Windows NT 10.0; Win64; x64) AppleWebKit/537.36 (KHTML, like Gecko) Chrome/137.0.0.0 Safari/537.36','YTozOntzOjY6Il90b2tlbiI7czo0MDoiNzBCeEdNVzJFMFZVblk2TXJiMXRIY3llRnIxY0MwSEtrYzg4U3cweCI7czo5OiJfcHJldmlvdXMiO2E6MTp7czozOiJ1cmwiO3M6Mjg6Imh0dHBzOi8vZWhrYW0uYWJ1a2hhbGlsLnNpdGUiO31zOjY6Il9mbGFzaCI7YToyOntzOjM6Im9sZCI7YTowOnt9czozOiJuZXciO2E6MDp7fX19',1766801129),
('7E1GttTNmuyPXBvqsiCSZnmCAX6sjSpKLFezZe5U',1,'212.146.177.93','Mozilla/5.0 (Linux; Android 10; K) AppleWebKit/537.36 (KHTML, like Gecko) Chrome/143.0.0.0 Mobile Safari/537.36','YTo2OntzOjY6Il90b2tlbiI7czo0MDoiRlhRU1dzRUs1dlJNRndpNDNMN1RoYmtqMTgwcEhRWkNib1g1VzY3NCI7czozOiJ1cmwiO2E6MDp7fXM6OToiX3ByZXZpb3VzIjthOjE6e3M6MzoidXJsIjtzOjc4OiJodHRwczovL2Voa2FtLmFidWtoYWxpbC5zaXRlL3N3b3QvYm9hcmQvMG14RmlZazNuRE1LM2RFUm5TdkxENks2dFBvcDBXUVEvaXRlbXMiO31zOjY6Il9mbGFzaCI7YToyOntzOjM6Im9sZCI7YTowOnt9czozOiJuZXciO2E6MDp7fX1zOjUwOiJsb2dpbl93ZWJfNTliYTM2YWRkYzJiMmY5NDAxNTgwZjAxNGM3ZjU4ZWE0ZTMwOTg5ZCI7aToxO3M6MTg6InN3b3RfcGFydGljaXBhbnRfNSI7YTozOntzOjQ6Im5hbWUiO3M6MTQ6Itil2KjYsdin2YfZitmFIjtzOjI6ImlwIjtzOjE0OiIyMTIuMTQ2LjE3Ny45MyI7czoxMDoic2Vzc2lvbl9pZCI7czo0MDoiN0UxR3R0VE5tdXlQWEJ2cXNpQ1Nabm1DQVg2c2pTcEtMRmV6WmU1VSI7fX0=',1767597983),
('7EbDSD0hPMKEs0YRpiJLYZQnkaZXsE3nGwaS2vvV',NULL,'167.94.138.56','Mozilla/5.0 (compatible; CensysInspect/1.1; +https://about.censys.io/)','YTozOntzOjY6Il90b2tlbiI7czo0MDoiMHNHc1FyTGpycEhJZFU5WlFqNUFidGJxVWx2NUxleERJNzR4cnQ0YiI7czo5OiJfcHJldmlvdXMiO2E6MTp7czozOiJ1cmwiO3M6Mjg6Imh0dHBzOi8vMTY0LjkyLjI0NC4xOTIvbG9naW4iO31zOjY6Il9mbGFzaCI7YToyOntzOjM6Im9sZCI7YTowOnt9czozOiJuZXciO2E6MDp7fX19',1768589772),
('7IFGKtCJNDbaEDlP2kmtYtoI6VICNCJnFSXedtfK',NULL,'185.180.140.112','Mozilla/5.0 (Windows NT 10.0; Win64; x64) AppleWebKit/537.36 (KHTML, like Gecko) Chrome/60.0.3112.113 Safari/537.36','YTozOntzOjY6Il90b2tlbiI7czo0MDoiQ0p6eWhlclRXRFVrNXBKOHU3UGZVN3E5V28ya0VUUklFamtRb3pONyI7czo5OiJfcHJldmlvdXMiO2E6MTp7czozOiJ1cmwiO3M6MjI6Imh0dHBzOi8vMTY0LjkyLjI0NC4xOTIiO31zOjY6Il9mbGFzaCI7YToyOntzOjM6Im9sZCI7YTowOnt9czozOiJuZXciO2E6MDp7fX19',1768613621),
('7IRpVyOKsErbcuRaFvUrQPbr3zPhlcChvMXgYd0C',NULL,'64.225.101.76','Mozilla/5.0 (Windows NT 10.0; Win64; x64; rv:109.0) Gecko/20100101 Firefox/118.0','YTozOntzOjY6Il90b2tlbiI7czo0MDoibzZpbWpCS0R6dXVBTnJleFk4UHZ1bUViS3ZnQ09NNmVGTkhXV2J6UiI7czo5OiJfcHJldmlvdXMiO2E6MTp7czozOiJ1cmwiO3M6MjI6Imh0dHBzOi8vMTY0LjkyLjI0NC4xOTIiO31zOjY6Il9mbGFzaCI7YToyOntzOjM6Im9sZCI7YTowOnt9czozOiJuZXciO2E6MDp7fX19',1766941109),
('7J2QqUunm3qLaUOvLI5RxaxVBULIXGOTUSELPmx0',NULL,'162.216.149.139','Hello from Palo Alto Networks, find out more about our scans in https://docs-cortex.paloaltonetworks.com/r/1/Cortex-Xpanse/Scanning-activity','YTozOntzOjY6Il90b2tlbiI7czo0MDoiSmJTdUgxRWZjMzBQNThPS3R2SXRIR3Mwc052WEtGV3g1aW9zT0ZaaiI7czo5OiJfcHJldmlvdXMiO2E6MTp7czozOiJ1cmwiO3M6MjI6Imh0dHBzOi8vMTY0LjkyLjI0NC4xOTIiO31zOjY6Il9mbGFzaCI7YToyOntzOjM6Im9sZCI7YTowOnt9czozOiJuZXciO2E6MDp7fX19',1768203169),
('7l4y3U7GlVO8JZwYx2HpNmRTL10Qa9ifqPG5LSSI',NULL,'34.76.34.183','python-requests/2.32.5','YTozOntzOjY6Il90b2tlbiI7czo0MDoiR1h0SUFiR045TmhDeXhLVDBGUW5XenpvSkJIRkY1dzNRT056RUYwdSI7czo5OiJfcHJldmlvdXMiO2E6MTp7czozOiJ1cmwiO3M6MjI6Imh0dHBzOi8vMTY0LjkyLjI0NC4xOTIiO31zOjY6Il9mbGFzaCI7YToyOntzOjM6Im9sZCI7YTowOnt9czozOiJuZXciO2E6MDp7fX19',1768577569),
('7lcKPfpaCnRXCSBMpnhT2FSFi33oTorzvXdBRUbD',NULL,'23.27.145.108','Mozilla/5.0 (X11; Linux i686; rv:109.0) Gecko/20100101 Firefox/120.0','YTozOntzOjY6Il90b2tlbiI7czo0MDoiTUZSaEJpT1ZDY0IwbFlvS0FUZ1hsbUpzYTJSaHJDcFZNSTM2bVIyRSI7czo5OiJfcHJldmlvdXMiO2E6MTp7czozOiJ1cmwiO3M6Mjg6Imh0dHBzOi8vZWhrYW0uYWJ1a2hhbGlsLnNpdGUiO31zOjY6Il9mbGFzaCI7YToyOntzOjM6Im9sZCI7YTowOnt9czozOiJuZXciO2E6MDp7fX19',1766977091),
('7LSdAludcW76kdDXDaNeKRbLRmvXtsdGyD44NedQ',1,'89.147.136.198','Mozilla/5.0 (Windows NT 10.0; Win64; x64; rv:146.0) Gecko/20100101 Firefox/146.0','YTo0OntzOjY6Il90b2tlbiI7czo0MDoiRkdwc3dRbzRkcmtyVUtlYVg1YU5QQXVPbnBxQWY1VTdxUEJ4S2Z5VCI7czo5OiJfcHJldmlvdXMiO2E6MTp7czozOiJ1cmwiO3M6NDg6Imh0dHBzOi8vZWhrYW0uYWJ1a2hhbGlsLnNpdGUvYWN0aXZpdHkvaW5kZXgvMjAyNiI7fXM6NjoiX2ZsYXNoIjthOjI6e3M6Mzoib2xkIjthOjA6e31zOjM6Im5ldyI7YTowOnt9fXM6NTA6ImxvZ2luX3dlYl81OWJhMzZhZGRjMmIyZjk0MDE1ODBmMDE0YzdmNThlYTRlMzA5ODlkIjtpOjE7fQ==',1768452910),
('7lSeCAbHlZoXphxvzEZVCeCHxILEgP3PJy8YbYvR',NULL,'185.180.140.4','Mozilla/5.0 (Windows NT 10.0; Win64; x64) AppleWebKit/537.36 (KHTML, like Gecko) Chrome/60.0.3112.113 Safari/537.36','YTozOntzOjY6Il90b2tlbiI7czo0MDoiS29LN3dsbU9rZnRkSTNpV3kzaTVCaDR1Q0lvaWkyb05IMUtPajFjcSI7czo5OiJfcHJldmlvdXMiO2E6MTp7czozOiJ1cmwiO3M6MjI6Imh0dHBzOi8vMTY0LjkyLjI0NC4xOTIiO31zOjY6Il9mbGFzaCI7YToyOntzOjM6Im9sZCI7YTowOnt9czozOiJuZXciO2E6MDp7fX19',1768810820),
('7Lxl6o1uSLePOFAWGKv60DkJH4fa8c0XclzahEbw',NULL,'89.248.172.33','Mozilla/5.0 (Windows NT 10.0; Win64; x64) AppleWebKit/537.36 (KHTML, like Gecko) Chrome/104.0.0.0 Safari/537.36','YTozOntzOjY6Il90b2tlbiI7czo0MDoiMVUzWE53aFNHalp6VkNKWU1TYmhkbW50N3hGN1ozWFh3OTJwMEFEeiI7czo5OiJfcHJldmlvdXMiO2E6MTp7czozOiJ1cmwiO3M6MjI6Imh0dHBzOi8vMTY0LjkyLjI0NC4xOTIiO31zOjY6Il9mbGFzaCI7YToyOntzOjM6Im9sZCI7YTowOnt9czozOiJuZXciO2E6MDp7fX19',1768113817),
('7N0aBtuvcSuqflOxhEgm7LHteS1gUkz1SGLG8ect',NULL,'143.110.251.75','Mozilla/5.0 (X11; Linux x86_64; rv:142.0) Gecko/20100101 Firefox/142.0','YTozOntzOjY6Il90b2tlbiI7czo0MDoicGxTOEg2RklPRnRLa1VJQ05vY3RrR1h0SHJpUHhTQnpqNWVCNFBRRCI7czo5OiJfcHJldmlvdXMiO2E6MTp7czozOiJ1cmwiO3M6MjI6Imh0dHBzOi8vMTY0LjkyLjI0NC4xOTIiO31zOjY6Il9mbGFzaCI7YToyOntzOjM6Im9sZCI7YTowOnt9czozOiJuZXciO2E6MDp7fX19',1768315869),
('7OJ4lYkE4FlWEqf6EylwURG7nH3qDLXHC2oAQuQA',NULL,'157.245.224.87','Mozilla/5.0 (Macintosh; Intel Mac OS X 10_15_7) AppleWebKit/537.36 (KHTML, like Gecko) Chrome/92.0.4515.159 Safari/537.36','YTozOntzOjY6Il90b2tlbiI7czo0MDoiaWNYMGJ3dHNlM2J2SGxpVkJaWUM1Tll1QXdOem9MMUttaFk1dGZLVCI7czo5OiJfcHJldmlvdXMiO2E6MTp7czozOiJ1cmwiO3M6MjI6Imh0dHBzOi8vMTY0LjkyLjI0NC4xOTIiO31zOjY6Il9mbGFzaCI7YToyOntzOjM6Im9sZCI7YTowOnt9czozOiJuZXciO2E6MDp7fX19',1768393648),
('7pAe22t4IfX0dD07yRNczygdWwXCaZ9sbPgTceSV',NULL,'185.226.196.27','Mozilla/5.0 (Windows NT 10.0; Win64; x64) AppleWebKit/537.36 (KHTML, like Gecko) Chrome/60.0.3112.113 Safari/537.36','YTozOntzOjY6Il90b2tlbiI7czo0MDoicno0S01YM2JaR0xrVU5Bc1FsYkJXck1hcWJqeUI2R3lmR3VHNFA5RyI7czo5OiJfcHJldmlvdXMiO2E6MTp7czozOiJ1cmwiO3M6MjI6Imh0dHBzOi8vMTY0LjkyLjI0NC4xOTIiO31zOjY6Il9mbGFzaCI7YToyOntzOjM6Im9sZCI7YTowOnt9czozOiJuZXciO2E6MDp7fX19',1766852448),
('7qu3V2Q5vlqj5JTAvs9mQ6EFwROudDs6Ub7gMYSr',NULL,'65.49.1.102','Mozilla/5.0 (iPad; CPU OS 15_7 like Mac OS X) AppleWebKit/605.1.15 (KHTML, like Gecko) Version/15.6,2 Mobile/15E148 Safari/604.1','YTozOntzOjY6Il90b2tlbiI7czo0MDoiMVFYWXJ4R0lkNjJtUFdEVXNwSm9ERHJxSVpOellNUjR2c2F4aTZtMSI7czo5OiJfcHJldmlvdXMiO2E6MTp7czozOiJ1cmwiO3M6MjI6Imh0dHBzOi8vMTY0LjkyLjI0NC4xOTIiO31zOjY6Il9mbGFzaCI7YToyOntzOjM6Im9sZCI7YTowOnt9czozOiJuZXciO2E6MDp7fX19',1767572601),
('7RdRT2MBfoA4hkSXLbQd5uv23jpsYQj0VH3QzcBO',NULL,'149.57.180.105','Mozilla/5.0 (X11; Linux i686; rv:109.0) Gecko/20100101 Firefox/120.0','YTozOntzOjY6Il90b2tlbiI7czo0MDoidFpwTkUySGNpVkJYZW9NdHBLbm5mcFhkNmRFNnFBZFIzQUlJNDVERyI7czo5OiJfcHJldmlvdXMiO2E6MTp7czozOiJ1cmwiO3M6Mjg6Imh0dHBzOi8vZWhrYW0uYWJ1a2hhbGlsLnNpdGUiO31zOjY6Il9mbGFzaCI7YToyOntzOjM6Im9sZCI7YTowOnt9czozOiJuZXciO2E6MDp7fX19',1768015963),
('7vcbVnVZHbWfpu5raPUV3v8L1oR38Tcc2z4wh45i',NULL,'20.163.15.119','Mozilla/5.0 zgrab/0.x','YTozOntzOjY6Il90b2tlbiI7czo0MDoiMVdlOGZRcDkxSElnNUZFaUNoRjBvQ1RucTRwN0NpaDRVQWdyV1huVyI7czo5OiJfcHJldmlvdXMiO2E6MTp7czozOiJ1cmwiO3M6MjI6Imh0dHBzOi8vMTY0LjkyLjI0NC4xOTIiO31zOjY6Il9mbGFzaCI7YToyOntzOjM6Im9sZCI7YTowOnt9czozOiJuZXciO2E6MDp7fX19',1767210853),
('7vTojTaRVl63Yoao9hHwY5Ty64a0SPFRTNWSaEWQ',NULL,'57.131.27.119','Mozilla/5.0','YTozOntzOjY6Il90b2tlbiI7czo0MDoid0ZPblR0UzR2ZVZkbjhEMElWT3RVVkNMbkh6cnpOUTY5Z2VhM2EyRiI7czo5OiJfcHJldmlvdXMiO2E6MTp7czozOiJ1cmwiO3M6Mjg6Imh0dHBzOi8vZWhrYW0uYWJ1a2hhbGlsLnNpdGUiO31zOjY6Il9mbGFzaCI7YToyOntzOjM6Im9sZCI7YTowOnt9czozOiJuZXciO2E6MDp7fX19',1766797317),
('7WAAfW04lwAc0DBGkvcWADyl8NRWulxSVTJqom9G',NULL,'35.229.255.229','Mozilla/5.0 (Windows NT 10.0; Win64; x64) AppleWebKit/537.36 (KHTML, like Gecko) Chrome/143.0.0.0 Safari/537.36','YTozOntzOjY6Il90b2tlbiI7czo0MDoiVVhncmJmMVhNTXNiVmNhbkFtcTNZVFJTVk1lUkJsR3pINmc4bGdHZSI7czo5OiJfcHJldmlvdXMiO2E6MTp7czozOiJ1cmwiO3M6MjI6Imh0dHBzOi8vMTY0LjkyLjI0NC4xOTIiO31zOjY6Il9mbGFzaCI7YToyOntzOjM6Im9sZCI7YTowOnt9czozOiJuZXciO2E6MDp7fX19',1766936051),
('7Y0cl2Suv7MGmkR19qdOIhVYGCpFvcSDQo51uKbW',NULL,'43.248.109.153','Mozilla/5.0 (Windows NT 6.1) AppleWebKit/537.36 (KHTML, like Gecko) Chrome/49.0.2623.112 Safari/537.36','YTozOntzOjY6Il90b2tlbiI7czo0MDoiM3lHZVVrU09CVGg4TjBHT3JmRG1GcWhZUVk5V2Vqc25IMVl2UUE0WCI7czo5OiJfcHJldmlvdXMiO2E6MTp7czozOiJ1cmwiO3M6Mjg6Imh0dHBzOi8vZWhrYW0uYWJ1a2hhbGlsLnNpdGUiO31zOjY6Il9mbGFzaCI7YToyOntzOjM6Im9sZCI7YTowOnt9czozOiJuZXciO2E6MDp7fX19',1767831952),
('7yLdMk1GO7ePFkj31HHXqeTZBsNEzwFDvvEVvRaY',NULL,'185.112.104.133','Mozilla/5.0 (Windows NT 10.0; Win64; x64) AppleWebKit/537.36 (KHTML, like Gecko) Chrome/143.0.0.0 Safari/537.36','YTozOntzOjY6Il90b2tlbiI7czo0MDoic1FPdzVsclJkdTM4eGpla2VwdGpqNXY3S3NERTBCR1JPa3UzWGVKYiI7czo5OiJfcHJldmlvdXMiO2E6MTp7czozOiJ1cmwiO3M6MzQ6Imh0dHBzOi8vZWhrYW0uYWJ1a2hhbGlsLnNpdGUvbG9naW4iO31zOjY6Il9mbGFzaCI7YToyOntzOjM6Im9sZCI7YTowOnt9czozOiJuZXciO2E6MDp7fX19',1766896504),
('83Pua1bXGaKehDBR7IxYOLkxwYjGzP6UACjvKRWY',NULL,'91.230.168.151','Mozilla/5.0 (X11; Ubuntu; Linux x86_64; rv:134.0) Gecko/20100101 Firefox/134.0','YTozOntzOjY6Il90b2tlbiI7czo0MDoiNGo2TEtrWlVBRmpOdkN3cjJkU1NEZlA5ZUc1SkpmMlJJUXo5ZVRTRyI7czo5OiJfcHJldmlvdXMiO2E6MTp7czozOiJ1cmwiO3M6MjI6Imh0dHBzOi8vMTY0LjkyLjI0NC4xOTIiO31zOjY6Il9mbGFzaCI7YToyOntzOjM6Im9sZCI7YTowOnt9czozOiJuZXciO2E6MDp7fX19',1768185399),
('869XQjtTvzNSUR9qFdiQMmxiEqmxpbRr571C1WUo',NULL,'185.242.226.70','Mozilla/5.0 (Windows NT 10.0; Win64; x64) AppleWebKit/537.36 (KHTML, like Gecko) Chrome/88.0.4324.190 Safari/537.36','YTozOntzOjY6Il90b2tlbiI7czo0MDoibEx1bUtaUFFVZ3RQZEJ6YldkWkJ5VHdvdEdZSjZ2QnlSYjY0c015RyI7czo5OiJfcHJldmlvdXMiO2E6MTp7czozOiJ1cmwiO3M6MjI6Imh0dHBzOi8vMTY0LjkyLjI0NC4xOTIiO31zOjY6Il9mbGFzaCI7YToyOntzOjM6Im9sZCI7YTowOnt9czozOiJuZXciO2E6MDp7fX19',1768443426),
('86ESC0AyURbBte6rSjBiAwOUJ8lrHc9dOLlFCwtP',NULL,'3.255.200.202','Mozilla/5.0 (compatible; NetcraftSurveyAgent/1.0; +info@netcraft.com)','YTozOntzOjY6Il90b2tlbiI7czo0MDoidm1SZXNSSm9wbUFaUThkU2d6ZFBIbUJGU2NEZ2J5djREZGFmTVR1biI7czo5OiJfcHJldmlvdXMiO2E6MTp7czozOiJ1cmwiO3M6Mjg6Imh0dHBzOi8vZWhrYW0uYWJ1a2hhbGlsLnNpdGUiO31zOjY6Il9mbGFzaCI7YToyOntzOjM6Im9sZCI7YTowOnt9czozOiJuZXciO2E6MDp7fX19',1767402064),
('88i9QvD4HJunVjYYXMJPGRfXG9yOMiW4suT2Fehf',NULL,'66.249.81.1','Mozilla/5.0 (Linux; Android 10; K) AppleWebKit/537.36 (KHTML, like Gecko) Chrome/138.0.0.0 Mobile Safari/537.36 (compatible; Google-Read-Aloud; +https://support.google.com/webmasters/answer/1061943)','YTozOntzOjY6Il90b2tlbiI7czo0MDoiUmhiUmVxczdMSDV0OE1BdkFucUI3TWRHSGxubG5Pd28xR3ZwUVF4NiI7czo5OiJfcHJldmlvdXMiO2E6MTp7czozOiJ1cmwiO3M6Mjg6Imh0dHBzOi8vZWhrYW0uYWJ1a2hhbGlsLnNpdGUiO31zOjY6Il9mbGFzaCI7YToyOntzOjM6Im9sZCI7YTowOnt9czozOiJuZXciO2E6MDp7fX19',1768801209),
('8c2yW6uWFPmIu4Ob3asN5o4XPAUUBUBIedph4oqr',NULL,'162.243.200.40','Mozilla/5.0 (Windows NT 10.0; Win64; x64) AppleWebKit/537.36 (KHTML, like Gecko) Chrome/125.0.0.0 Safari/537.36','YTozOntzOjY6Il90b2tlbiI7czo0MDoiQkRkUkNqREpSSWd6b28zdThwZkQxZUg5ektwc3JMOXZ6YVNnZ0t6RSI7czo5OiJfcHJldmlvdXMiO2E6MTp7czozOiJ1cmwiO3M6MjI6Imh0dHBzOi8vMTY0LjkyLjI0NC4xOTIiO31zOjY6Il9mbGFzaCI7YToyOntzOjM6Im9sZCI7YTowOnt9czozOiJuZXciO2E6MDp7fX19',1768842719),
('8fx9Rx7oPbbi4qFJwYQ2eJhu7qJ66hf56qBjvZoJ',NULL,'43.157.191.20','Mozilla/5.0 (iPhone; CPU iPhone OS 13_2_3 like Mac OS X) AppleWebKit/605.1.15 (KHTML, like Gecko) Version/13.0.3 Mobile/15E148 Safari/604.1','YTozOntzOjY6Il90b2tlbiI7czo0MDoiTzMzSVV6N204d3pZRkJ4b1h1SXpWOU1zcUNaNTVWVko3T3Bqa2QwMyI7czo5OiJfcHJldmlvdXMiO2E6MTp7czozOiJ1cmwiO3M6NTE6Imh0dHBzOi8vMTY0LjkyLjI0NC4xOTIvd29ya3Nob3dfYXR0ZW5kYW5jZV9yZWdpc3RlciI7fXM6NjoiX2ZsYXNoIjthOjI6e3M6Mzoib2xkIjthOjA6e31zOjM6Im5ldyI7YTowOnt9fX0=',1768156936),
('8h5YtrgeG3GvAYKKfdqF7pZ6xWWokoT9BM1yQhdS',NULL,'172.235.235.248','Mozilla/5.0 (Android 15; Mobile; rv:126.0.0) Gecko/126.0.0 Firefox/126.0.0','YTozOntzOjY6Il90b2tlbiI7czo0MDoiWjJSYVVHZWhUU2E2OFJmV0tmeERmYk1XU3ZuQ251azlFSFg1dVhKeCI7czo5OiJfcHJldmlvdXMiO2E6MTp7czozOiJ1cmwiO3M6Mjg6Imh0dHBzOi8vMTY0LjkyLjI0NC4xOTIvbG9naW4iO31zOjY6Il9mbGFzaCI7YToyOntzOjM6Im9sZCI7YTowOnt9czozOiJuZXciO2E6MDp7fX19',1767500432),
('8ImiCXTW6cgzwVBnezW7hnWiwxBJ50UoFqsi3CFb',NULL,'104.252.110.108','Mozilla/5.0 (iPhone; CPU iPhone OS 18_5 like Mac OS X) AppleWebKit/605.1.15 (KHTML, like Gecko) CriOS/138.0.7204.156 Mobile/15E148 Safari/604.1','YTozOntzOjY6Il90b2tlbiI7czo0MDoiM1JSekhoTHl4YjF1bFFTYnh4RHMzWDhEclFwSnJxakM1NWdoQlZmVyI7czo5OiJfcHJldmlvdXMiO2E6MTp7czozOiJ1cmwiO3M6Mjg6Imh0dHBzOi8vZWhrYW0uYWJ1a2hhbGlsLnNpdGUiO31zOjY6Il9mbGFzaCI7YToyOntzOjM6Im9sZCI7YTowOnt9czozOiJuZXciO2E6MDp7fX19',1766784057),
('8JNZYhHM2NZ93zzqsomkOKbNqv0aa8M4v1cC2Aiu',NULL,'66.132.153.121','Mozilla/5.0 (compatible; CensysInspect/1.1; +https://about.censys.io/)','YTozOntzOjY6Il90b2tlbiI7czo0MDoiTmg1U2k4NE5RRE91M3FqYWl2OHVQbmpIWlFtelR5U3dvU05zZU1EZyI7czo5OiJfcHJldmlvdXMiO2E6MTp7czozOiJ1cmwiO3M6Mjg6Imh0dHBzOi8vMTY0LjkyLjI0NC4xOTIvbG9naW4iO31zOjY6Il9mbGFzaCI7YToyOntzOjM6Im9sZCI7YTowOnt9czozOiJuZXciO2E6MDp7fX19',1768679976),
('8kH8YAvtftG1N9050Vnx56VBynPkWWNDRXYVUEwc',NULL,'161.202.138.194','Mozilla/5.0 (Windows NT 6.1; WOW64; rv:41.0) Gecko/20100101 Firefox/41.0','YTozOntzOjY6Il90b2tlbiI7czo0MDoid1pkaGszYzM3eGNsSmRNSDdoSXJ4QUxaUEI2SzlCMTdVcFVXalFWSiI7czo5OiJfcHJldmlvdXMiO2E6MTp7czozOiJ1cmwiO3M6Mjg6Imh0dHBzOi8vZWhrYW0uYWJ1a2hhbGlsLnNpdGUiO31zOjY6Il9mbGFzaCI7YToyOntzOjM6Im9sZCI7YTowOnt9czozOiJuZXciO2E6MDp7fX19',1768801179),
('8NBeAqjCJsSuKOOB6JEEMH46nJH2jKB3yk8rX70m',NULL,'94.231.206.207','Mozilla/5.0 (X11; Ubuntu; Linux x86_64; rv:134.0) Gecko/20100101 Firefox/134.0','YTozOntzOjY6Il90b2tlbiI7czo0MDoiMkd6R2RRUTIyVmJPdXZvT0NYOWNBS1doWVg4VUtReHFBbHF0WnJIdyI7czo5OiJfcHJldmlvdXMiO2E6MTp7czozOiJ1cmwiO3M6MjI6Imh0dHBzOi8vMTY0LjkyLjI0NC4xOTIiO31zOjY6Il9mbGFzaCI7YToyOntzOjM6Im9sZCI7YTowOnt9czozOiJuZXciO2E6MDp7fX19',1767230231),
('8T8tOuFVesrAdkteCVeRMtluPDtLyjmyyi2bEH7Q',NULL,'167.94.138.48','Mozilla/5.0 (compatible; CensysInspect/1.1; +https://about.censys.io/)','YTozOntzOjY6Il90b2tlbiI7czo0MDoiMkpHTVE3YXlqWU42cXI4Wk9rS0NOOHVlNmlUcW1QWjFCZnQ4TENxcSI7czo5OiJfcHJldmlvdXMiO2E6MTp7czozOiJ1cmwiO3M6Mjg6Imh0dHBzOi8vZWhrYW0uYWJ1a2hhbGlsLnNpdGUiO31zOjY6Il9mbGFzaCI7YToyOntzOjM6Im9sZCI7YTowOnt9czozOiJuZXciO2E6MDp7fX19',1768877015),
('8WYZKcIkH3m9fYbuKq6rA6TnoyODAEHFLLAKVaa3',NULL,'162.216.150.237','Hello from Palo Alto Networks, find out more about our scans in https://docs-cortex.paloaltonetworks.com/r/1/Cortex-Xpanse/Scanning-activity','YTozOntzOjY6Il90b2tlbiI7czo0MDoiWmp6ZzlkcHQ1NFdIdnRmaXhqNkNWY3Z5cU1MWkFPczVSMzRoM2lLMCI7czo5OiJfcHJldmlvdXMiO2E6MTp7czozOiJ1cmwiO3M6MjI6Imh0dHBzOi8vMTY0LjkyLjI0NC4xOTIiO31zOjY6Il9mbGFzaCI7YToyOntzOjM6Im9sZCI7YTowOnt9czozOiJuZXciO2E6MDp7fX19',1767499297),
('8XKVlsVHBfiCfueUTyKmTu1Db2pdz87xJYIfgWAV',NULL,'142.93.99.220','','YTozOntzOjY6Il90b2tlbiI7czo0MDoiY2tiMk5BZXY1R2g1Rk5LTFpoZWJKbEJmNWRNdm5NVHZLRUhuQVJ3bSI7czo5OiJfcHJldmlvdXMiO2E6MTp7czozOiJ1cmwiO3M6MjI6Imh0dHBzOi8vMTY0LjkyLjI0NC4xOTIiO31zOjY6Il9mbGFzaCI7YToyOntzOjM6Im9sZCI7YTowOnt9czozOiJuZXciO2E6MDp7fX19',1768429240),
('9AbP7mOlX5yXAEsgpfElO1lDNi6V69VCfpvOM3Wr',1,'89.147.136.198','Mozilla/5.0 (Windows NT 10.0; Win64; x64) AppleWebKit/537.36 (KHTML, like Gecko) Chrome/143.0.0.0 Safari/537.36','YTo0OntzOjY6Il90b2tlbiI7czo0MDoiSGdRcXRDdnBtd0w2b1hBWFNqbHA2N29RUktPcUpjdEppWk1zdkJUMCI7czo5OiJfcHJldmlvdXMiO2E6MTp7czozOiJ1cmwiO3M6NDU6Imh0dHBzOi8vZWhrYW0uYWJ1a2hhbGlsLnNpdGUvcHJvamVjdC9pbmRleC82NSI7fXM6NjoiX2ZsYXNoIjthOjI6e3M6Mzoib2xkIjthOjA6e31zOjM6Im5ldyI7YTowOnt9fXM6NTA6ImxvZ2luX3dlYl81OWJhMzZhZGRjMmIyZjk0MDE1ODBmMDE0YzdmNThlYTRlMzA5ODlkIjtpOjE7fQ==',1768163113),
('9cwZZJe68IrupGKqIqZFSh5xuYKMeCpabAgcXqjU',NULL,'101.108.51.244','Mozilla/5.0 (Windows NT 10.0; Win64; x64; rv:121.0) Gecko/20100101 Firefox/121.0','YTozOntzOjY6Il90b2tlbiI7czo0MDoiN2I0R0hJekd2YVFOVWJjY2NNSjFyajIyRXBDbGNXWEFzWmg2eko5ViI7czo5OiJfcHJldmlvdXMiO2E6MTp7czozOiJ1cmwiO3M6MjI6Imh0dHBzOi8vMTY0LjkyLjI0NC4xOTIiO31zOjY6Il9mbGFzaCI7YToyOntzOjM6Im9sZCI7YTowOnt9czozOiJuZXciO2E6MDp7fX19',1767927233),
('9CXQwufUirKClihNbsrUgk88O7L5R9LmXvjpxwFy',NULL,'183.191.122.45','Mozilla/5.0 (Windows NT 6.1) AppleWebKit/537.36 (KHTML, like Gecko) Chrome/49.0.2623.112 Safari/537.36','YTozOntzOjY6Il90b2tlbiI7czo0MDoiVjAwTWp2TEU1RUJDSFRtNnhKZlFsdVJrYXRiTkhPSG83ckUzSnhSaSI7czo5OiJfcHJldmlvdXMiO2E6MTp7czozOiJ1cmwiO3M6MjI6Imh0dHBzOi8vMTY0LjkyLjI0NC4xOTIiO31zOjY6Il9mbGFzaCI7YToyOntzOjM6Im9sZCI7YTowOnt9czozOiJuZXciO2E6MDp7fX19',1767832289),
('9Dq1xI4JTioCe5uZe3xIPYZPrgEKBOu0GiX6Oz8p',NULL,'191.101.225.217','Mozilla/5.0 (Windows NT 10.0; Win64; x64) AppleWebKit/537.36 (KHTML, like Gecko) Chrome/141.0.0.0 Safari/537.36','YTozOntzOjY6Il90b2tlbiI7czo0MDoiV2RndktlcHJ1UThENzVRRTVWM0dBZHJNdU9oRWhMSGpnWTAzdXlldiI7czo5OiJfcHJldmlvdXMiO2E6MTp7czozOiJ1cmwiO3M6MjI6Imh0dHBzOi8vYWJ1a2hhbGlsLnNpdGUiO31zOjY6Il9mbGFzaCI7YToyOntzOjM6Im9sZCI7YTowOnt9czozOiJuZXciO2E6MDp7fX19',1766913404),
('9efwVQSfYbZZZN3uC5YKry8g7aC9EISmCJbapn7r',NULL,'37.40.26.88','Mozilla/5.0 (Linux; Android 10; K) AppleWebKit/537.36 (KHTML, like Gecko) Chrome/143.0.0.0 Mobile Safari/537.36','YTo3OntzOjY6Il90b2tlbiI7czo0MDoiTDN2UThlRmhJUDN1ZlRmRmRRbEFudzdPNFhYbTFIQ0dHZE1XMEIyVCI7czo5OiJfcHJldmlvdXMiO2E6MTp7czozOiJ1cmwiO3M6MzQ6Imh0dHBzOi8vZWhrYW0uYWJ1a2hhbGlsLnNpdGUvbG9naW4iO31zOjY6Il9mbGFzaCI7YToyOntzOjM6Im9sZCI7YTowOnt9czozOiJuZXciO2E6MDp7fX1zOjE4OiJzd290X3BhcnRpY2lwYW50XzEiO2E6Mzp7czo0OiJuYW1lIjtzOjg6Itij2K3ZhdivIjtzOjI6ImlwIjtzOjE0OiIxODguNjYuMjI1LjIxMSI7czoxMDoic2Vzc2lvbl9pZCI7czo0MDoiOWVmd1ZRU2ZZYlpaWk4zdUM1WUtyeThnN2FDOUVJU21DSmJhcG43ciI7fXM6MTQ6InBhcnRpY2lwYW50X2lkIjtpOjI7czoxODoic3dvdF9wYXJ0aWNpcGFudF8yIjthOjM6e3M6NDoibmFtZSI7czoyMToi2KfYrdmF2K8g2KfZhNi52YjZgdmKIjtzOjI6ImlwIjtzOjEyOiIzNy40MC4xMy4yMDAiO3M6MTA6InNlc3Npb25faWQiO3M6NDA6IjllZndWUVNmWWJaWlpOM3VDNVlLcnk4ZzdhQzlFSVNtQ0piYXBuN3IiO31zOjE4OiJzd290X3BhcnRpY2lwYW50XzUiO2E6Mzp7czo0OiJuYW1lIjtzOjg6Itin2K3ZhdivIjtzOjI6ImlwIjtzOjEyOiIzNy40MC4xNTEuMzQiO3M6MTA6InNlc3Npb25faWQiO3M6NDA6IjllZndWUVNmWWJaWlpOM3VDNVlLcnk4ZzdhQzlFSVNtQ0piYXBuN3IiO319',1768801209),
('9gXj77bq9isYJEh31iKEgRQYsuPOAC8HvCJTI2XE',NULL,'3.67.137.156','Mozilla/5.0 (Windows NT 10.0; Win64; x64) AppleWebKit/537.36 (KHTML, like Gecko) Chrome/60.0.3112.113 Safari/537.36 Assetnote/1.0.0','YTozOntzOjY6Il90b2tlbiI7czo0MDoiT09nUmtDWk55anczTTFXV25wQmZ1VFJvUWRvaURDN1JoczNETVpPNSI7czo5OiJfcHJldmlvdXMiO2E6MTp7czozOiJ1cmwiO3M6MjI6Imh0dHBzOi8vMTY0LjkyLjI0NC4xOTIiO31zOjY6Il9mbGFzaCI7YToyOntzOjM6Im9sZCI7YTowOnt9czozOiJuZXciO2E6MDp7fX19',1767452653),
('9Ji7nYpgLBVVJ9Jjo4nzTBPzZkEG5KQd71I1HTvg',NULL,'5.189.130.33','Mozilla/5.0 (Macintosh; Intel Mac OS X 10_15_7) AppleWebKit/605.1.15 (KHTML, like Gecko) Version/17.4.1 Safari/605.6.24','YTozOntzOjY6Il90b2tlbiI7czo0MDoiOERUNGVhZE84bXBjSjlGQ3p2VzRhYURvSllrZ1Ria3JNM09oMzlSMyI7czo5OiJfcHJldmlvdXMiO2E6MTp7czozOiJ1cmwiO3M6MjI6Imh0dHBzOi8vMTY0LjkyLjI0NC4xOTIiO31zOjY6Il9mbGFzaCI7YToyOntzOjM6Im9sZCI7YTowOnt9czozOiJuZXciO2E6MDp7fX19',1768115520),
('9JwIIQPZoaWHT1PQjuOET6b4Is2OuueZ6hNfM2BL',NULL,'96.126.106.7','','YTozOntzOjY6Il90b2tlbiI7czo0MDoiY3U1OU54dmp3MFhSeUIzU1ROMGFIN0Y2VzQwYm8zTjJqcXFkYzZUZyI7czo5OiJfcHJldmlvdXMiO2E6MTp7czozOiJ1cmwiO3M6Mjg6Imh0dHBzOi8vZWhrYW0uYWJ1a2hhbGlsLnNpdGUiO31zOjY6Il9mbGFzaCI7YToyOntzOjM6Im9sZCI7YTowOnt9czozOiJuZXciO2E6MDp7fX19',1768732294),
('9k7lLe8WGVGwXpyGZeMzP6V8KZoah8BIbD2x0ytB',NULL,'167.94.138.38','Mozilla/5.0 (compatible; CensysInspect/1.1; +https://about.censys.io/)','YTozOntzOjY6Il90b2tlbiI7czo0MDoiVU9nNDNzbTFtNXZRakVCZlRRNVpRVHBnR1RuaVJ1eE8yQVdITmtWdCI7czo5OiJfcHJldmlvdXMiO2E6MTp7czozOiJ1cmwiO3M6MjI6Imh0dHBzOi8vMTY0LjkyLjI0NC4xOTIiO31zOjY6Il9mbGFzaCI7YToyOntzOjM6Im9sZCI7YTowOnt9czozOiJuZXciO2E6MDp7fX19',1768556812),
('9lINL4oSO2VBJitJauqkX0zRZeXDwE9dYQQ8BJ4v',NULL,'130.12.180.19','Mozilla/5.0 (X11; Linux x86_64; rv:140.0) Gecko/20100101 Firefox/140.0','YTozOntzOjY6Il90b2tlbiI7czo0MDoiYzRYdllDMWcyeWthZjNCRG1YaE80UmFFakFJMXdvOGc3M25lWjg5aSI7czo5OiJfcHJldmlvdXMiO2E6MTp7czozOiJ1cmwiO3M6MjI6Imh0dHBzOi8vMTY0LjkyLjI0NC4xOTIiO31zOjY6Il9mbGFzaCI7YToyOntzOjM6Im9sZCI7YTowOnt9czozOiJuZXciO2E6MDp7fX19',1768228925),
('9MJ6ymZQl8HTpBtwBWpn0JW3XWlsNoi52D4Arpgx',NULL,'62.210.91.123','Mozilla/5.0 (Windows NT 6.1; Win64; x64) AppleWebKit/537.36 (KHTML, like Gecko) Chrome/99.0.4025.136 Safari/537.36','YTozOntzOjY6Il90b2tlbiI7czo0MDoibjZKY3VyRGdzRVljMURJMHh0d3RiMGNzY2RwS0Q3Q1NZeFJ5Z2NZRSI7czo5OiJfcHJldmlvdXMiO2E6MTp7czozOiJ1cmwiO3M6MjI6Imh0dHBzOi8vMTY0LjkyLjI0NC4xOTIiO31zOjY6Il9mbGFzaCI7YToyOntzOjM6Im9sZCI7YTowOnt9czozOiJuZXciO2E6MDp7fX19',1768308727),
('9u97B3LSKQsxg36AuBgHWDVp3arFqwmpxzZZ7w7I',NULL,'43.248.109.236','Mozilla/5.0 (Windows NT 6.1) AppleWebKit/537.36 (KHTML, like Gecko) Chrome/49.0.2623.112 Safari/537.36','YTozOntzOjY6Il90b2tlbiI7czo0MDoiMnc5alY2b2ZjN3BqZmRQQmVURmZ2VHJIMFBvdm90RjR0NDRUbUhWeiI7czo5OiJfcHJldmlvdXMiO2E6MTp7czozOiJ1cmwiO3M6Mjg6Imh0dHBzOi8vZWhrYW0uYWJ1a2hhbGlsLnNpdGUiO31zOjY6Il9mbGFzaCI7YToyOntzOjM6Im9sZCI7YTowOnt9czozOiJuZXciO2E6MDp7fX19',1767831886),
('9WMbSzqCQ6TCvB15DSJZpfw6e5K7JB0lxk3poquL',NULL,'198.235.24.72','Hello from Palo Alto Networks, find out more about our scans in https://docs-cortex.paloaltonetworks.com/r/1/Cortex-Xpanse/Scanning-activity','YTozOntzOjY6Il90b2tlbiI7czo0MDoianJXTmlYekpvdVM3dVBZeExMZXhKckNUYWM2d1NiOXJ6RXZwOUtMbCI7czo5OiJfcHJldmlvdXMiO2E6MTp7czozOiJ1cmwiO3M6Mjc6Imh0dHBzOi8vZWhrYW0uYWJ1a2hhbGlsLmFwcCI7fXM6NjoiX2ZsYXNoIjthOjI6e3M6Mzoib2xkIjthOjA6e31zOjM6Im5ldyI7YTowOnt9fX0=',1766736937),
('9yYuL4S6QYgmiwRMCal0d3B5nRyACdDhDoa3uPg9',NULL,'172.111.15.224','Mozilla/5.0 (iPhone; CPU iPhone OS 16_6_1 like Mac OS X) AppleWebKit/605.1.15 (KHTML, like Gecko) Version/16.5 Mobile/15E148 Safari/604.1','YTozOntzOjY6Il90b2tlbiI7czo0MDoieGlBYzFlNFR5WXE5YlF2SWpUWlM0UGhZak9YWndrZ1Z2ZnkzUllWRyI7czo5OiJfcHJldmlvdXMiO2E6MTp7czozOiJ1cmwiO3M6Mjg6Imh0dHBzOi8vZWhrYW0uYWJ1a2hhbGlsLnNpdGUiO31zOjY6Il9mbGFzaCI7YToyOntzOjM6Im9sZCI7YTowOnt9czozOiJuZXciO2E6MDp7fX19',1766784373),
('a0aa3vfK5ov1phaQAc1vsvkD8z0BkwYDc2N9bcS8',NULL,'85.11.183.6','Mozilla/5.0 (Windows NT 10.0; Win64; x64) AppleWebKit/537.36 (KHTML, like Gecko) Chrome/140.0.0.0 Safari/537.36','YTozOntzOjY6Il90b2tlbiI7czo0MDoiSjZYUVYxNlJmQWdGUndjS24xZHVOMXhKeEM4ZDllVEF3UUZGRjd1USI7czo5OiJfcHJldmlvdXMiO2E6MTp7czozOiJ1cmwiO3M6MjI6Imh0dHBzOi8vMTY0LjkyLjI0NC4xOTIiO31zOjY6Il9mbGFzaCI7YToyOntzOjM6Im9sZCI7YTowOnt9czozOiJuZXciO2E6MDp7fX19',1767941495),
('A12WF8KH3j7rRtUmEBL6T8mRvHCXJgQAHWFjQ7Bq',NULL,'23.27.145.93','Mozilla/5.0 (X11; Linux i686; rv:109.0) Gecko/20100101 Firefox/120.0','YTozOntzOjY6Il90b2tlbiI7czo0MDoiQUIwUzZ2SzdFeUFuQVJ6aEZTQkcyZkFuT1lOWHpQeVpSa29NSjU3ciI7czo5OiJfcHJldmlvdXMiO2E6MTp7czozOiJ1cmwiO3M6Mjg6Imh0dHBzOi8vZWhrYW0uYWJ1a2hhbGlsLnNpdGUiO31zOjY6Il9mbGFzaCI7YToyOntzOjM6Im9sZCI7YTowOnt9czozOiJuZXciO2E6MDp7fX19',1766890246),
('a1xD1WPkLbUNB2DNuO6zKBsG5UomRLpLLNb3yeAJ',NULL,'165.227.174.88','Mozilla/5.0 (Windows NT 10.0; Win64; x64) AppleWebKit/537.36 (KHTML, like Gecko) Chrome/140.0.0.0 Safari/537.36','YTozOntzOjY6Il90b2tlbiI7czo0MDoiM3loNHhWREhMYjBFVzQydW5xdHNzQTB1bHRTY0dweWE1M1A5REo3TSI7czo5OiJfcHJldmlvdXMiO2E6MTp7czozOiJ1cmwiO3M6MjI6Imh0dHBzOi8vMTY0LjkyLjI0NC4xOTIiO31zOjY6Il9mbGFzaCI7YToyOntzOjM6Im9sZCI7YTowOnt9czozOiJuZXciO2E6MDp7fX19',1766794555),
('A2Zs7dFSp6AkKRX3YkbLwhXyPEkFiSllfTde5aqI',NULL,'162.142.125.218','Mozilla/5.0 (compatible; CensysInspect/1.1; +https://about.censys.io/)','YTozOntzOjY6Il90b2tlbiI7czo0MDoiME5nWTVqZ0dTeUFXY0J6cm5DZklrd2dNaXpYVDNRS01QcFN2eUtORyI7czo5OiJfcHJldmlvdXMiO2E6MTp7czozOiJ1cmwiO3M6Mjg6Imh0dHBzOi8vZWhrYW0uYWJ1a2hhbGlsLnNpdGUiO31zOjY6Il9mbGFzaCI7YToyOntzOjM6Im9sZCI7YTowOnt9czozOiJuZXciO2E6MDp7fX19',1766789865),
('A6N5b3RDT0eq8bfv9w51whLclbho5qw69hJYf5rx',NULL,'35.195.168.139','python-requests/2.32.5','YTozOntzOjY6Il90b2tlbiI7czo0MDoialpaOTg2Rkx5dnZzUFY2VmJ0RDQ5cmJKN3pIZUlSQzhtMzVyUHRmZSI7czo5OiJfcHJldmlvdXMiO2E6MTp7czozOiJ1cmwiO3M6MjI6Imh0dHBzOi8vMTY0LjkyLjI0NC4xOTIiO31zOjY6Il9mbGFzaCI7YToyOntzOjM6Im9sZCI7YTowOnt9czozOiJuZXciO2E6MDp7fX19',1767851180),
('a7dixCqKll5mXQfoZRjYDSzLQTBL09W4uqWxIPVS',NULL,'79.124.40.174','Mozilla/5.0 (Windows NT 10.0; Win64; x64) AppleWebKit/537.36 (KHTML, like Gecko) Chrome/78.0.3904.108 Safari/537.36','YTozOntzOjY6Il90b2tlbiI7czo0MDoiRG9VNkhDbFVNaWliYVFpTmZaQUxPSWZCWjFmdVYzN3V2M1Y0dGcyaCI7czo5OiJfcHJldmlvdXMiO2E6MTp7czozOiJ1cmwiO3M6NTM6Imh0dHBzOi8vMTY0LjkyLjI0NC4xOTIvP1hERUJVR19TRVNTSU9OX1NUQVJUPXBocHN0b3JtIjt9czo2OiJfZmxhc2giO2E6Mjp7czozOiJvbGQiO2E6MDp7fXM6MzoibmV3IjthOjA6e319fQ==',1768157034),
('a7GmdPGVJ07WHeMK6n7Irtp7rZvqyNarGCb5TQ8T',NULL,'79.124.40.174','Mozilla/5.0 (Windows NT 10.0; Win64; x64) AppleWebKit/537.36 (KHTML, like Gecko) Chrome/78.0.3904.108 Safari/537.36','YTozOntzOjY6Il90b2tlbiI7czo0MDoiMWtnQ3REd2FPNHdwYXM2QlJsMXNYZGNoTVpWSzU2RnNxZzFwbTcxciI7czo5OiJfcHJldmlvdXMiO2E6MTp7czozOiJ1cmwiO3M6NTM6Imh0dHBzOi8vMTY0LjkyLjI0NC4xOTIvP1hERUJVR19TRVNTSU9OX1NUQVJUPXBocHN0b3JtIjt9czo2OiJfZmxhc2giO2E6Mjp7czozOiJvbGQiO2E6MDp7fXM6MzoibmV3IjthOjA6e319fQ==',1766871959),
('a7K3ZGfvThpW3dAZLuSqe2T2ef3MC9JPTnb7Z6kg',NULL,'130.12.180.19','Mozilla/5.0 (X11; Linux x86_64; rv:140.0) Gecko/20100101 Firefox/140.0','YTozOntzOjY6Il90b2tlbiI7czo0MDoiR1NaczdSRmZHM2xKT3pFaUludXlrRHRHMGFJTkJnT3NkT0JYWW5MSiI7czo5OiJfcHJldmlvdXMiO2E6MTp7czozOiJ1cmwiO3M6MjI6Imh0dHBzOi8vMTY0LjkyLjI0NC4xOTIiO31zOjY6Il9mbGFzaCI7YToyOntzOjM6Im9sZCI7YTowOnt9czozOiJuZXciO2E6MDp7fX19',1768228961),
('A9zY7ZgMx6nYp27j8fxu2ggxLtkCKiyTJneZGW0F',NULL,'3.143.33.63','cypex.ai/scanning Mozilla/5.0 (Macintosh; Intel Mac OS X 10_15_7) Chrome/126.0.0.0 Safari/537.36','YTozOntzOjY6Il90b2tlbiI7czo0MDoiRDduTkVyVzltbmMwSXUwSmlWWXhBVjJYdFh3QndiZFU2dlFSMDNLOCI7czo5OiJfcHJldmlvdXMiO2E6MTp7czozOiJ1cmwiO3M6MjI6Imh0dHBzOi8vMTY0LjkyLjI0NC4xOTIiO31zOjY6Il9mbGFzaCI7YToyOntzOjM6Im9sZCI7YTowOnt9czozOiJuZXciO2E6MDp7fX19',1767064910),
('aaw7SYKpvReT5lslCGfDuk6UCbCGTtDhiaUsDtDg',NULL,'45.156.129.135','Mozilla/5.0 (Windows NT 10.0; Win64; x64) AppleWebKit/537.36 (KHTML, like Gecko) Chrome/60.0.3112.113 Safari/537.36','YTozOntzOjY6Il90b2tlbiI7czo0MDoicEplTG1sWXU4UlNBWHNwRzlyaVFNRlVuWFhoeE9CQWtIemc3SGZrRyI7czo5OiJfcHJldmlvdXMiO2E6MTp7czozOiJ1cmwiO3M6MjI6Imh0dHBzOi8vMTY0LjkyLjI0NC4xOTIiO31zOjY6Il9mbGFzaCI7YToyOntzOjM6Im9sZCI7YTowOnt9czozOiJuZXciO2E6MDp7fX19',1768879147),
('aDz4dDMBHCXgiAz28W8PTVWHTqDIRtFLCpLzPQYg',NULL,'91.84.64.84','Mozilla/5.0 (Linux; Android 6.0; Nexus 5 Build/MRA58N) AppleWebKit/537.36 (KHTML, like Gecko) Chrome/130.0.0.0 Mobile Safari/537.36','YTozOntzOjY6Il90b2tlbiI7czo0MDoiV0x6bjhmR3N1SmxyMEVUM2dOMVhyTEQ4QWpCRUd3d3hhdDlRZVlmWiI7czo5OiJfcHJldmlvdXMiO2E6MTp7czozOiJ1cmwiO3M6Mjg6Imh0dHBzOi8vZWhrYW0uYWJ1a2hhbGlsLnNpdGUiO31zOjY6Il9mbGFzaCI7YToyOntzOjM6Im9sZCI7YTowOnt9czozOiJuZXciO2E6MDp7fX19',1766828162),
('aEcwEgZwbI7MmMV9If1d7oCf9w5sUQgkszPSxOB9',1,'37.40.26.88','Mozilla/5.0 (Windows NT 10.0; Win64; x64) AppleWebKit/537.36 (KHTML, like Gecko) Chrome/142.0.0.0 Safari/537.36','YTo0OntzOjY6Il90b2tlbiI7czo0MDoiRU5Fdm1tSndMQ3pDZHJjOG5qcHlXUzRXVGRZMUkydEh3TDFVdE1kVSI7czo5OiJfcHJldmlvdXMiO2E6MTp7czozOiJ1cmwiO3M6Mjg6Imh0dHBzOi8vZWhrYW0uYWJ1a2hhbGlsLnNpdGUiO31zOjY6Il9mbGFzaCI7YToyOntzOjM6Im9sZCI7YTowOnt9czozOiJuZXciO2E6MDp7fX1zOjUwOiJsb2dpbl93ZWJfNTliYTM2YWRkYzJiMmY5NDAxNTgwZjAxNGM3ZjU4ZWE0ZTMwOTg5ZCI7aToxO30=',1768809849),
('AEiNg41xX1abV3qJQTRhNzBa8Pw3hGRK7OZjRYif',NULL,'162.216.149.60','Hello from Palo Alto Networks, find out more about our scans in https://docs-cortex.paloaltonetworks.com/r/1/Cortex-Xpanse/Scanning-activity','YTozOntzOjY6Il90b2tlbiI7czo0MDoiRkhRdWxFUEdybko5TncyS1VOTHh4dkxZb2pzc1JZODVzTnJ3dEV1bCI7czo5OiJfcHJldmlvdXMiO2E6MTp7czozOiJ1cmwiO3M6MjI6Imh0dHBzOi8vMTY0LjkyLjI0NC4xOTIiO31zOjY6Il9mbGFzaCI7YToyOntzOjM6Im9sZCI7YTowOnt9czozOiJuZXciO2E6MDp7fX19',1766993377),
('AfFsirvneITpwe0AyBEOgnzFEzbPHSuW64vk3Q10',NULL,'78.58.166.254','','YTozOntzOjY6Il90b2tlbiI7czo0MDoid1RFWVVVUEZFWVY0cW1sNEJVclZ3MWV4WkM3Z0NPeWdzOXoweTF0RyI7czo5OiJfcHJldmlvdXMiO2E6MTp7czozOiJ1cmwiO3M6MjI6Imh0dHBzOi8vMTY0LjkyLjI0NC4xOTIiO31zOjY6Il9mbGFzaCI7YToyOntzOjM6Im9sZCI7YTowOnt9czozOiJuZXciO2E6MDp7fX19',1767815202),
('aG4uAa7djutsd6QAZz855KyUcgQmX564AbycKPyo',NULL,'96.126.106.7','','YTozOntzOjY6Il90b2tlbiI7czo0MDoiNGpMMUk0SVVwaVlpaEJvSTBNQXU3NWlIaDlGSFpVb2RxTWg5S2RCcyI7czo5OiJfcHJldmlvdXMiO2E6MTp7czozOiJ1cmwiO3M6MjI6Imh0dHBzOi8vMTY0LjkyLjI0NC4xOTIiO31zOjY6Il9mbGFzaCI7YToyOntzOjM6Im9sZCI7YTowOnt9czozOiJuZXciO2E6MDp7fX19',1768732295),
('AghCvMmQRrTfloY1VL59ilutqziB02EvboUY1xuD',NULL,'34.14.103.46','python-requests/2.32.5','YTozOntzOjY6Il90b2tlbiI7czo0MDoiSmxmb090RjZGaXQyQnVOaG5ScnFzOGMxSmliTGIySlNZU3RzeW1mNiI7czo5OiJfcHJldmlvdXMiO2E6MTp7czozOiJ1cmwiO3M6MjI6Imh0dHBzOi8vMTY0LjkyLjI0NC4xOTIiO31zOjY6Il9mbGFzaCI7YToyOntzOjM6Im9sZCI7YTowOnt9czozOiJuZXciO2E6MDp7fX19',1767810199),
('ah3z9sK96gEXF22gUqT3rdEvBbGGqKeUYytcXf1n',NULL,'20.113.29.76','Mozilla/5.0 (Macintosh; Intel Mac OS X 10_12_1) AppleWebKit/537.36 (KHTML, like Gecko) Chrome/54.0.2840.98 Safari/537.36','YTozOntzOjY6Il90b2tlbiI7czo0MDoiSVZwWjNYcEZDQjNXWXhYbm81WEM3TDRVdDlUUkpVazlPRGZOTjRwRyI7czo5OiJfcHJldmlvdXMiO2E6MTp7czozOiJ1cmwiO3M6MjI6Imh0dHBzOi8vMTY0LjkyLjI0NC4xOTIiO31zOjY6Il9mbGFzaCI7YToyOntzOjM6Im9sZCI7YTowOnt9czozOiJuZXciO2E6MDp7fX19',1768635659),
('AHhFInrAh5jMvJQNjEjvekcKLuRLiQnRVqBegeRO',NULL,'121.29.149.222','Mozilla/5.0 (Windows NT 6.1) AppleWebKit/537.36 (KHTML, like Gecko) Chrome/49.0.2623.112 Safari/537.36','YTozOntzOjY6Il90b2tlbiI7czo0MDoidUlra2EzQVBqQ0hkMGxnRTladVFGWTV3WkpNRlIwMkxXRnpJdWRjMSI7czo5OiJfcHJldmlvdXMiO2E6MTp7czozOiJ1cmwiO3M6MjI6Imh0dHBzOi8vMTY0LjkyLjI0NC4xOTIiO31zOjY6Il9mbGFzaCI7YToyOntzOjM6Im9sZCI7YTowOnt9czozOiJuZXciO2E6MDp7fX19',1767831876),
('aj5i8sBdbT6mt2Lm5PIeC46j4HByTGDTFJoF5Mbd',NULL,'64.62.197.182','Mozilla/5.0 (Windows NT 10.0; Win64; x64) AppleWebKit/537.36 (KHTML, like Gecko) Chrome/140.0.0.0 Safari/537.36 Edg/140.0.0.0','YTozOntzOjY6Il90b2tlbiI7czo0MDoibk5EWG8wQUJNTFNHSkloMkJJU1YxVHMyc3k2enc0d0ZBME4wNlFQSCI7czo5OiJfcHJldmlvdXMiO2E6MTp7czozOiJ1cmwiO3M6MjI6Imh0dHBzOi8vMTY0LjkyLjI0NC4xOTIiO31zOjY6Il9mbGFzaCI7YToyOntzOjM6Im9sZCI7YTowOnt9czozOiJuZXciO2E6MDp7fX19',1768299205),
('aJixAS5FIcPB24DWJU6stSSG9jFwmcpihZ11Abh7',NULL,'165.22.199.200','Mozilla/4.0 (compatible; MSIE 9.0; Windows NT 10.0; .NET4.0C; .NET4.0E; .NET CLR 2.0.50727; .NET CLR 3.0.30729; .NET CLR 3.5.30729)','YTozOntzOjY6Il90b2tlbiI7czo0MDoiUTk4U3pCNW82S2I3SkplTlhZWTVDejhrb2xQRzF3YklVMXNKdW1wMiI7czo5OiJfcHJldmlvdXMiO2E6MTp7czozOiJ1cmwiO3M6MjI6Imh0dHBzOi8vMTY0LjkyLjI0NC4xOTIiO31zOjY6Il9mbGFzaCI7YToyOntzOjM6Im9sZCI7YTowOnt9czozOiJuZXciO2E6MDp7fX19',1768359595),
('aLT0WjNju03fL4mWahqyp1rJaqt3fkzNjeR8795m',NULL,'139.59.187.125','Mozilla/5.0 (X11; Linux x86_64; rv:142.0) Gecko/20100101 Firefox/142.0','YTozOntzOjY6Il90b2tlbiI7czo0MDoiWGd3TTZIS0dlZjJ2VjJuVDBSTnpSWEk5SU91VlBoUGZGMzkwMW1KciI7czo5OiJfcHJldmlvdXMiO2E6MTp7czozOiJ1cmwiO3M6Mjg6Imh0dHBzOi8vZWhrYW0uYWJ1a2hhbGlsLnNpdGUiO31zOjY6Il9mbGFzaCI7YToyOntzOjM6Im9sZCI7YTowOnt9czozOiJuZXciO2E6MDp7fX19',1768703410),
('alX2eHk07Qy3zXLkGbq0Zr9wJTlf1yxSCd7xjHbp',NULL,'185.226.196.27','Mozilla/5.0 (Windows NT 10.0; Win64; x64) AppleWebKit/537.36 (KHTML, like Gecko) Chrome/60.0.3112.113 Safari/537.36','YTozOntzOjY6Il90b2tlbiI7czo0MDoiZUdtbm1LQnd3ME1kTFZlNlVpaTVUaDBJbUNVOUxCaXFpd3N4azlJbiI7czo5OiJfcHJldmlvdXMiO2E6MTp7czozOiJ1cmwiO3M6MjI6Imh0dHBzOi8vMTY0LjkyLjI0NC4xOTIiO31zOjY6Il9mbGFzaCI7YToyOntzOjM6Im9sZCI7YTowOnt9czozOiJuZXciO2E6MDp7fX19',1766852588),
('am3BCmE0IjrK0NxSl6n7jAxWyoRPfNXEY9fojO3m',NULL,'64.62.197.2','Mozilla/5.0 (Windows NT 10.0; Win64; x64) AppleWebKit/537.36 (KHTML, like Gecko) Chrome/140.0.0.0 Safari/537.36 Edg/140.0.0.0','YTozOntzOjY6Il90b2tlbiI7czo0MDoiMVFEcG12a0NCY09iREhNSUlkV2pHNG1rbU01UXNVRHVKbERjOGpteSI7czo5OiJfcHJldmlvdXMiO2E6MTp7czozOiJ1cmwiO3M6MjI6Imh0dHBzOi8vMTY0LjkyLjI0NC4xOTIiO31zOjY6Il9mbGFzaCI7YToyOntzOjM6Im9sZCI7YTowOnt9czozOiJuZXciO2E6MDp7fX19',1767485004),
('AMgbXBfypZ6NRj6SoUBJW4GiwQi0ovUSVrSwqe8W',NULL,'209.38.244.170','Mozilla/5.0 (compatible; Odin; https://docs.getodin.com/)','YTozOntzOjY6Il90b2tlbiI7czo0MDoiMFVQRU1lcFBvM3cxVkVybXh2V0VNUmo3d2dWbWlFcU9KTUhhZGxNeCI7czo5OiJfcHJldmlvdXMiO2E6MTp7czozOiJ1cmwiO3M6MjI6Imh0dHBzOi8vMTY0LjkyLjI0NC4xOTIiO31zOjY6Il9mbGFzaCI7YToyOntzOjM6Im9sZCI7YTowOnt9czozOiJuZXciO2E6MDp7fX19',1767226105),
('aq8TMU2VVZGD0MU7JRpxD8HdWAgaeiC98bHF9dpw',NULL,'147.185.132.84','Hello from Palo Alto Networks, find out more about our scans in https://docs-cortex.paloaltonetworks.com/r/1/Cortex-Xpanse/Scanning-activity','YTozOntzOjY6Il90b2tlbiI7czo0MDoiemx5VjFSMDFwMk00ZWZZYnVZeWR0dzk5bEtPcERieXNFZDNEMUV4ZSI7czo5OiJfcHJldmlvdXMiO2E6MTp7czozOiJ1cmwiO3M6MzM6Imh0dHBzOi8vMTY0LTkyLTI0NC0xOTIucGxlc2sucGFnZSI7fXM6NjoiX2ZsYXNoIjthOjI6e3M6Mzoib2xkIjthOjA6e31zOjM6Im5ldyI7YTowOnt9fX0=',1768320789),
('aR7fK3ZADkFN1P62A2SD0ik46PVXFOMArQboIN9F',NULL,'172.235.168.35','','YTozOntzOjY6Il90b2tlbiI7czo0MDoiNG5GSHZZM2RTRDJweEJ3MmVJZE44bHdXSlZCWk91RldGcFd2dzJkcCI7czo5OiJfcHJldmlvdXMiO2E6MTp7czozOiJ1cmwiO3M6Mjg6Imh0dHBzOi8vZWhrYW0uYWJ1a2hhbGlsLnNpdGUiO31zOjY6Il9mbGFzaCI7YToyOntzOjM6Im9sZCI7YTowOnt9czozOiJuZXciO2E6MDp7fX19',1767355984),
('aRrHCngjZSRA7qdftvqT4hBwsjeBxUe3D7gFVPcc',NULL,'104.252.191.110','Mozilla/5.0 (X11; Linux x86_64) AppleWebKit/537.36 (KHTML, like Gecko) Chrome/117.0.0.0 Safari/537.36','YTozOntzOjY6Il90b2tlbiI7czo0MDoiT2pkc3hLTHVnbFdaWVRjUjZyWkJhZjc4QkJ5SHpHVnljM21QOEZGMSI7czo5OiJfcHJldmlvdXMiO2E6MTp7czozOiJ1cmwiO3M6Mjg6Imh0dHBzOi8vZWhrYW0uYWJ1a2hhbGlsLnNpdGUiO31zOjY6Il9mbGFzaCI7YToyOntzOjM6Im9sZCI7YTowOnt9czozOiJuZXciO2E6MDp7fX19',1766819529),
('AS1oCK0a5PwvtkBKO7gHZ1Jxu6W2IqxwyYyQnxjv',NULL,'185.12.59.118','Mozilla/5.0 (Windows NT 10.0; Win64; x64; rv:132.0) Gecko/20100101 Firefox/132.0','YTozOntzOjY6Il90b2tlbiI7czo0MDoiS1E4MFo0dXdyd2JjRWprSWxQTWNBbXBWZUQwYW0zdEczWkFtbWdQRCI7czo5OiJfcHJldmlvdXMiO2E6MTp7czozOiJ1cmwiO3M6MjI6Imh0dHBzOi8vMTY0LjkyLjI0NC4xOTIiO31zOjY6Il9mbGFzaCI7YToyOntzOjM6Im9sZCI7YTowOnt9czozOiJuZXciO2E6MDp7fX19',1767468047),
('as87ZEfvTjOK4Zlm28tq7KMeg2IAYc8VfYgGweqG',NULL,'23.27.145.121','Mozilla/5.0 (X11; Linux i686; rv:109.0) Gecko/20100101 Firefox/120.0','YTozOntzOjY6Il90b2tlbiI7czo0MDoiaGpPZlU1SUpoRkN5a1U5YlJNNGQ1MXRibTB6VkJlSXpOeTNldFJWUCI7czo5OiJfcHJldmlvdXMiO2E6MTp7czozOiJ1cmwiO3M6Mjg6Imh0dHBzOi8vZWhrYW0uYWJ1a2hhbGlsLnNpdGUiO31zOjY6Il9mbGFzaCI7YToyOntzOjM6Im9sZCI7YTowOnt9czozOiJuZXciO2E6MDp7fX19',1767655718),
('AtGPLxcaZT6jiVZ0G4D4HZwZWy89MOFPJDdxou49',NULL,'35.204.44.196','Scrapy/2.13.4 (+https://scrapy.org)','YTozOntzOjY6Il90b2tlbiI7czo0MDoibTlWRlV0MXNZWjZlMmZBdXNrM0Z0OG9Hb1lYZGc1TTdXYkRPRnRYZCI7czo5OiJfcHJldmlvdXMiO2E6MTp7czozOiJ1cmwiO3M6MjI6Imh0dHBzOi8vYWJ1a2hhbGlsLnNpdGUiO31zOjY6Il9mbGFzaCI7YToyOntzOjM6Im9sZCI7YTowOnt9czozOiJuZXciO2E6MDp7fX19',1766972805),
('ATmJ3l1fqtbZKDvKIyqapcj6QIQR3EXAH6WjPtgs',NULL,'161.97.154.8','Mozilla/5.0 (compatible; GoRedirectChecker/1.0; +https://example.com/bot)','YTozOntzOjY6Il90b2tlbiI7czo0MDoiN1FZUXlDUWl2cEMxN0k5WldXUExqWlFLejVuMTVaNm9vUjVxTzFMQSI7czo5OiJfcHJldmlvdXMiO2E6MTp7czozOiJ1cmwiO3M6MjI6Imh0dHBzOi8vMTY0LjkyLjI0NC4xOTIiO31zOjY6Il9mbGFzaCI7YToyOntzOjM6Im9sZCI7YTowOnt9czozOiJuZXciO2E6MDp7fX19',1768516434),
('aw0VmE1lNRMScHs47wlROnIff07sf5pRoRvbKO45',NULL,'216.73.216.173','Mozilla/5.0 AppleWebKit/537.36 (KHTML, like Gecko; compatible; ClaudeBot/1.0; +claudebot@anthropic.com)','YTozOntzOjY6Il90b2tlbiI7czo0MDoiRDZyZEt4UzlMbFlZM1E4bDhKS042UWxJR0l0RmdYcDV1REpDcmdCQyI7czo5OiJfcHJldmlvdXMiO2E6MTp7czozOiJ1cmwiO3M6Mjg6Imh0dHBzOi8vZWhrYW0uYWJ1a2hhbGlsLnNpdGUiO31zOjY6Il9mbGFzaCI7YToyOntzOjM6Im9sZCI7YTowOnt9czozOiJuZXciO2E6MDp7fX19',1766791818),
('Ayg2tFPuAwj9LTS66Fxfn5tvlvgF965vzyVGWd2U',NULL,'34.248.137.227','Mozilla/5.0 (Macintosh; Intel Mac OS X 10_9_2) AppleWebKit/537.36 (KHTML, like Gecko) Chrome/33.0.1750.152 Safari/537.36','YTozOntzOjY6Il90b2tlbiI7czo0MDoiM1JtTFg3Z0dNTjRlTGdCMkFkODdvSm91YVFKN3NiVU54ZHUxV2k5MiI7czo5OiJfcHJldmlvdXMiO2E6MTp7czozOiJ1cmwiO3M6Mjg6Imh0dHBzOi8vZWhrYW0uYWJ1a2hhbGlsLnNpdGUiO31zOjY6Il9mbGFzaCI7YToyOntzOjM6Im9sZCI7YTowOnt9czozOiJuZXciO2E6MDp7fX19',1766794762),
('B1aE7IFnXc0zKFpyWfQzVb6OjxgZ3epoxlIDf9UN',NULL,'152.32.133.102','Mozilla/5.0 (Windows NT 6.1) AppleWebKit/537.36 (KHTML, like Gecko) Chrome/49.0.2623.112 Safari/537.36','YTozOntzOjY6Il90b2tlbiI7czo0MDoiVlJCNWtWTFUyU1MwTTl0bW9PWGozSkFDY1VGR3VKd0FIaHZBTXZsTiI7czo5OiJfcHJldmlvdXMiO2E6MTp7czozOiJ1cmwiO3M6MjI6Imh0dHBzOi8vMTY0LjkyLjI0NC4xOTIiO31zOjY6Il9mbGFzaCI7YToyOntzOjM6Im9sZCI7YTowOnt9czozOiJuZXciO2E6MDp7fX19',1768103343),
('B2L3YAS9f3FEfJ8UqQmxHnD535z9c7A1tMWWSK7t',NULL,'162.142.125.222','Mozilla/5.0 (compatible; CensysInspect/1.1; +https://about.censys.io/)','YTozOntzOjY6Il90b2tlbiI7czo0MDoieDRzVnlaM1A5N1BGZXIxUmN5MEVwR0s0U3dVb1FVVzFTYWdyNTVhMiI7czo5OiJfcHJldmlvdXMiO2E6MTp7czozOiJ1cmwiO3M6Mjg6Imh0dHBzOi8vMTY0LjkyLjI0NC4xOTIvbG9naW4iO31zOjY6Il9mbGFzaCI7YToyOntzOjM6Im9sZCI7YTowOnt9czozOiJuZXciO2E6MDp7fX19',1767608154),
('B2wh0MRU4sNclF79ztXTgGfOPygdH9XSiuUAwQK2',NULL,'80.94.92.14','Mozilla/5.0 (Windows NT 10.0; Win64; x64) AppleWebKit/537.36 (KHTML, like Gecko) Chrome/142.0.0.0 Safari/537.36','YTozOntzOjY6Il90b2tlbiI7czo0MDoiN0VPVW9sRVdEVHVZbGhyMU5GUVVXNDVacTJFczQ5TVRjcjRPRVlMVCI7czo5OiJfcHJldmlvdXMiO2E6MTp7czozOiJ1cmwiO3M6MjI6Imh0dHBzOi8vMTY0LjkyLjI0NC4xOTIiO31zOjY6Il9mbGFzaCI7YToyOntzOjM6Im9sZCI7YTowOnt9czozOiJuZXciO2E6MDp7fX19',1768611628),
('B3kMyh5qsw8xvqixf3y1xDGxH5jMXQdey0ZyjpeV',NULL,'174.138.63.13','Mozilla/5.0 (Windows NT 10.0; Win64; x64) AppleWebKit/537.36 (KHTML, like Gecko) Chrome/120.0.0.0 Edge/120.0.0.0','YTozOntzOjY6Il90b2tlbiI7czo0MDoiS21DZTg1NzRMRjBaU3ZXVjBzU0Z6SzQzaXFGUnAzbzFDYzBjeU5HUSI7czo5OiJfcHJldmlvdXMiO2E6MTp7czozOiJ1cmwiO3M6Mjg6Imh0dHBzOi8vZWhrYW0uYWJ1a2hhbGlsLnNpdGUiO31zOjY6Il9mbGFzaCI7YToyOntzOjM6Im9sZCI7YTowOnt9czozOiJuZXciO2E6MDp7fX19',1767375486),
('b3WWJjIzw3JTnAnnclOzKPd1ye2kjg6EC7K7KYqy',NULL,'223.166.22.144','Mozilla/5.0 (Windows NT 6.1) AppleWebKit/537.36 (KHTML, like Gecko) Chrome/49.0.2623.112 Safari/537.36','YTozOntzOjY6Il90b2tlbiI7czo0MDoiVk9yZzVCYzU0cXBOcHVqbFdaZnMydW13SEFjZGRRc1lyTGt4UUdrTSI7czo5OiJfcHJldmlvdXMiO2E6MTp7czozOiJ1cmwiO3M6Mjg6Imh0dHBzOi8vZWhrYW0uYWJ1a2hhbGlsLnNpdGUiO31zOjY6Il9mbGFzaCI7YToyOntzOjM6Im9sZCI7YTowOnt9czozOiJuZXciO2E6MDp7fX19',1767831835),
('b7H0jAvKWI5ExrCL83UGfdF5z67pc5LxrVfrmt0S',NULL,'174.138.34.231','Mozilla/4.0 (compatible; MSIE 9.0; Windows NT 10.0; .NET4.0C; .NET4.0E; .NET CLR 2.0.50727; .NET CLR 3.0.30729; .NET CLR 3.5.30729)','YTozOntzOjY6Il90b2tlbiI7czo0MDoiNmZiaFdodFUwUlNoVWxLcXlLUEhOVW9hdDhvU0p5QXlJdnFlR20yaCI7czo5OiJfcHJldmlvdXMiO2E6MTp7czozOiJ1cmwiO3M6MjI6Imh0dHBzOi8vMTY0LjkyLjI0NC4xOTIiO31zOjY6Il9mbGFzaCI7YToyOntzOjM6Im9sZCI7YTowOnt9czozOiJuZXciO2E6MDp7fX19',1766985102),
('bAanSE98drNpdcgpIQauo7JzadhxWeJ9FMTs75PS',NULL,'80.82.77.202','fasthttp','YTozOntzOjY6Il90b2tlbiI7czo0MDoiaEczSTFNN1A0cmJtSVgxOHYzWnVETnBBWFpYcVdhYzZFdlVzUFZxdCI7czo5OiJfcHJldmlvdXMiO2E6MTp7czozOiJ1cmwiO3M6MjI6Imh0dHBzOi8vMTY0LjkyLjI0NC4xOTIiO31zOjY6Il9mbGFzaCI7YToyOntzOjM6Im9sZCI7YTowOnt9czozOiJuZXciO2E6MDp7fX19',1766978797),
('baHiEBVCwNdfhmRwryjPEdPmteo6rn3N8pDXOW6Y',NULL,'87.236.176.188','Mozilla/5.0 (compatible; InternetMeasurement/1.0; +https://internet-measurement.com/)','YTozOntzOjY6Il90b2tlbiI7czo0MDoiQ1RQYmRHV3FKWVhNZGx3SGp0bGtwUFYyZ01YeVI2dWF1aHRDWUg5USI7czo5OiJfcHJldmlvdXMiO2E6MTp7czozOiJ1cmwiO3M6MjI6Imh0dHBzOi8vMTY0LjkyLjI0NC4xOTIiO31zOjY6Il9mbGFzaCI7YToyOntzOjM6Im9sZCI7YTowOnt9czozOiJuZXciO2E6MDp7fX19',1768785801),
('bAR6rbiuXzjFQMHicyHYMHPXmaakEeK8ea5okHdn',NULL,'79.124.40.174','Mozilla/5.0 (Windows NT 10.0; Win64; x64) AppleWebKit/537.36 (KHTML, like Gecko) Chrome/78.0.3904.108 Safari/537.36','YTozOntzOjY6Il90b2tlbiI7czo0MDoiYnQ4UWJ5TzNTMjIzcVRLOTlIeFkxamJmUW9nN0Q0dExKZThZNHBLSyI7czo5OiJfcHJldmlvdXMiO2E6MTp7czozOiJ1cmwiO3M6NTM6Imh0dHBzOi8vMTY0LjkyLjI0NC4xOTIvP1hERUJVR19TRVNTSU9OX1NUQVJUPXBocHN0b3JtIjt9czo2OiJfZmxhc2giO2E6Mjp7czozOiJvbGQiO2E6MDp7fXM6MzoibmV3IjthOjA6e319fQ==',1768064408),
('BAxpOxzxZfymG73rjrCcxIYAYdFl0N6lYmmvYTQk',NULL,'185.10.68.229','Mozilla/5.0 (compatible; CensysInspect/1.1; +https://about.censys.io/)','YTozOntzOjY6Il90b2tlbiI7czo0MDoiRzhWT2x5VjBMeHNtdGcxaHBMd2d6OE5Od3ZRUEtYRzNZeTRZOVNzYSI7czo5OiJfcHJldmlvdXMiO2E6MTp7czozOiJ1cmwiO3M6MjI6Imh0dHBzOi8vMTY0LjkyLjI0NC4xOTIiO31zOjY6Il9mbGFzaCI7YToyOntzOjM6Im9sZCI7YTowOnt9czozOiJuZXciO2E6MDp7fX19',1766912966),
('bbCm1lmGaxqcgePGwlQnlOGBGzp7wLEiXgf2jgH7',NULL,'170.64.203.39','Mozilla/5.0 (Windows NT 10.0; Win64; x64) AppleWebKit/537.36 (KHTML, like Gecko) Chrome/108.0.0.0 Safari/537.36','YTozOntzOjY6Il90b2tlbiI7czo0MDoicU1ZTlB3VHNlTVlHM05nWVRDRUpWTjNZYW1ncGNBaGgyT3psM0xyciI7czo5OiJfcHJldmlvdXMiO2E6MTp7czozOiJ1cmwiO3M6MjI6Imh0dHBzOi8vMTY0LjkyLjI0NC4xOTIiO31zOjY6Il9mbGFzaCI7YToyOntzOjM6Im9sZCI7YTowOnt9czozOiJuZXciO2E6MDp7fX19',1767441177),
('BbjFPHdX2l2yaBilFStB2JUF0MWtnb797Ja9oEuW',NULL,'66.249.73.102','Mozilla/5.0 (Linux; Android 6.0.1; Nexus 5X Build/MMB29P) AppleWebKit/537.36 (KHTML, like Gecko) Chrome/141.0.7390.122 Mobile Safari/537.36 (compatible; Googlebot/2.1; +http://www.google.com/bot.html)','YTozOntzOjY6Il90b2tlbiI7czo0MDoiTFZGR1dIMG9SSE9NNmx3alNON1dQTXRncVZIcWdKa2xvcDZpMUFDVCI7czo5OiJfcHJldmlvdXMiO2E6MTp7czozOiJ1cmwiO3M6MjI6Imh0dHBzOi8vYWJ1a2hhbGlsLnNpdGUiO31zOjY6Il9mbGFzaCI7YToyOntzOjM6Im9sZCI7YTowOnt9czozOiJuZXciO2E6MDp7fX19',1766796287),
('Bd8hLDFnNgc5h1B8lcDzqh5TGv6xYsuZgTMSZWeR',NULL,'52.180.137.14','Mozilla/5.0 zgrab/0.x','YTozOntzOjY6Il90b2tlbiI7czo0MDoiMmpvMXk5YzgxdVU2b2pFMmt0MzBMUEJCNnVyakFXZnYzd2pwTXJKSSI7czo5OiJfcHJldmlvdXMiO2E6MTp7czozOiJ1cmwiO3M6MjI6Imh0dHBzOi8vMTY0LjkyLjI0NC4xOTIiO31zOjY6Il9mbGFzaCI7YToyOntzOjM6Im9sZCI7YTowOnt9czozOiJuZXciO2E6MDp7fX19',1766907511),
('BDEfAfNENf5VpW10pv5nPyHg05ihDronUKcCsSSO',NULL,'35.203.210.31','Hello from Palo Alto Networks, find out more about our scans in https://docs-cortex.paloaltonetworks.com/r/1/Cortex-Xpanse/Scanning-activity','YTozOntzOjY6Il90b2tlbiI7czo0MDoiV3B3c1lNdEp1TzNOYzFnOGxsM29xeGk1TFpmT0xzZGR3T1hKSUhpRyI7czo5OiJfcHJldmlvdXMiO2E6MTp7czozOiJ1cmwiO3M6MjI6Imh0dHBzOi8vMTY0LjkyLjI0NC4xOTIiO31zOjY6Il9mbGFzaCI7YToyOntzOjM6Im9sZCI7YTowOnt9czozOiJuZXciO2E6MDp7fX19',1767349932),
('BdiRmSNbp3nyX254jvnNKF519okGNuJkjZQLGm7j',NULL,'198.235.24.225','Hello from Palo Alto Networks, find out more about our scans in https://docs-cortex.paloaltonetworks.com/r/1/Cortex-Xpanse/Scanning-activity','YTozOntzOjY6Il90b2tlbiI7czo0MDoiU2ZCYlh1bElaakdEVGQ2c2UyTFJNemtKSWJMaHJoVWJtWmR6TWFCRyI7czo5OiJfcHJldmlvdXMiO2E6MTp7czozOiJ1cmwiO3M6MzM6Imh0dHBzOi8vMTY0LTkyLTI0NC0xOTIucGxlc2sucGFnZSI7fXM6NjoiX2ZsYXNoIjthOjI6e3M6Mzoib2xkIjthOjA6e31zOjM6Im5ldyI7YTowOnt9fX0=',1767996194),
('bDKdqQGWAThpYmr6D8mNErKREfWG1PuUvv5jQ1Wb',NULL,'65.49.1.144','Mozilla/5.0 (X11; CrOS x86_64 14541.0.0) AppleWebKit/537.36 (KHTML, like Gecko) Chrome/123.0.0.0 Safari/537.36','YTozOntzOjY6Il90b2tlbiI7czo0MDoiVFpETzVNOWRtc2ZzVkxuMTNYY1Vlb1djdzRQVnhKbDNuZURQNnRORSI7czo5OiJfcHJldmlvdXMiO2E6MTp7czozOiJ1cmwiO3M6MjI6Imh0dHBzOi8vMTY0LjkyLjI0NC4xOTIiO31zOjY6Il9mbGFzaCI7YToyOntzOjM6Im9sZCI7YTowOnt9czozOiJuZXciO2E6MDp7fX19',1768102337),
('BduGdfxb0SZh6syuPlNYl6OUSn6lSvRdbIKcFuMz',NULL,'34.204.206.128','Mozilla/5.0','YTozOntzOjY6Il90b2tlbiI7czo0MDoiV0g1bWRlVlkwcmhUWnMwWkthRnp0ZXFMMG1lZVlZOGUxRURpcUNHbiI7czo5OiJfcHJldmlvdXMiO2E6MTp7czozOiJ1cmwiO3M6MjI6Imh0dHBzOi8vMTY0LjkyLjI0NC4xOTIiO31zOjY6Il9mbGFzaCI7YToyOntzOjM6Im9sZCI7YTowOnt9czozOiJuZXciO2E6MDp7fX19',1767029092),
('bEMPHBC6dZEPeAY2X2X028qGfAS07CzpU66bqSLW',NULL,'98.173.42.60','Mozilla/5.0 (compatible; Nmap Scripting Engine; https://nmap.org/book/nse.html)','YTozOntzOjY6Il90b2tlbiI7czo0MDoiOXZtVUI3T1BSSjFYZk16dXBOS054T3M2R3BYOGh6S1BLY2gxQk5CaCI7czo5OiJfcHJldmlvdXMiO2E6MTp7czozOiJ1cmwiO3M6MjI6Imh0dHBzOi8vMTY0LjkyLjI0NC4xOTIiO31zOjY6Il9mbGFzaCI7YToyOntzOjM6Im9sZCI7YTowOnt9czozOiJuZXciO2E6MDp7fX19',1767035392),
('BEQ2xYv54yg1ACHGb6x2x2x9XUQuDYgpHCkDuuTo',NULL,'165.154.182.179','Mozilla/5.0 (Macintosh; Intel Mac OS X 10_15_7) AppleWebKit/537.36 (KHTML, like Gecko) Chrome/120.0.0.0 Safari/537.36 Edg/120.0.0.0','YTozOntzOjY6Il90b2tlbiI7czo0MDoiZ05rSm16WkU4NUV4VDJ0b3R1S3haak1Cb3BGaFc2dWJYRkxld3ByQiI7czo5OiJfcHJldmlvdXMiO2E6MTp7czozOiJ1cmwiO3M6MjI6Imh0dHBzOi8vMTY0LjkyLjI0NC4xOTIiO31zOjY6Il9mbGFzaCI7YToyOntzOjM6Im9sZCI7YTowOnt9czozOiJuZXciO2E6MDp7fX19',1767714507),
('BfDz0kevPyx2HO5mBPichWY4ANzBimA3dWfcB8Wf',NULL,'143.110.243.240','Mozilla/4.0 (compatible; MSIE 9.0; Windows NT 10.0; .NET4.0C; .NET4.0E; .NET CLR 2.0.50727; .NET CLR 3.0.30729; .NET CLR 3.5.30729)','YTozOntzOjY6Il90b2tlbiI7czo0MDoiUURLdFduNEJkbDdOZE5kY0cyVUhmV2VGbmJObGtwSENJVWNhVXI0diI7czo5OiJfcHJldmlvdXMiO2E6MTp7czozOiJ1cmwiO3M6MjI6Imh0dHBzOi8vMTY0LjkyLjI0NC4xOTIiO31zOjY6Il9mbGFzaCI7YToyOntzOjM6Im9sZCI7YTowOnt9czozOiJuZXciO2E6MDp7fX19',1768780047),
('bfMoEDLrQpnTtG3GZTHAMWCHKVqWrZZ0ZB0h9nXA',NULL,'103.218.242.167','Mozilla/5.0 (Windows NT 6.1) AppleWebKit/537.36 (KHTML, like Gecko) Chrome/49.0.2623.112 Safari/537.36','YTozOntzOjY6Il90b2tlbiI7czo0MDoiUFFTR1Q0QjBrdGIwN3VOZlRpN3FncHVoOUFJelRDVmZ6SVFGVHY5NiI7czo5OiJfcHJldmlvdXMiO2E6MTp7czozOiJ1cmwiO3M6Mjg6Imh0dHBzOi8vZWhrYW0uYWJ1a2hhbGlsLnNpdGUiO31zOjY6Il9mbGFzaCI7YToyOntzOjM6Im9sZCI7YTowOnt9czozOiJuZXciO2E6MDp7fX19',1766852122),
('BGWnoIuOBZ6asfTSv3op2U5Yekpidx3Thm04TIeQ',NULL,'20.221.72.95','Mozilla/5.0 zgrab/0.x','YTozOntzOjY6Il90b2tlbiI7czo0MDoiTWhxSXBjakJrbjY0czRSZlJ0TVRTWW9Oak9FazJJVnNZa21idFo4TSI7czo5OiJfcHJldmlvdXMiO2E6MTp7czozOiJ1cmwiO3M6MjI6Imh0dHBzOi8vMTY0LjkyLjI0NC4xOTIiO31zOjY6Il9mbGFzaCI7YToyOntzOjM6Im9sZCI7YTowOnt9czozOiJuZXciO2E6MDp7fX19',1768842068),
('bGxwqMcasXjCndkUAmlXjxHz3xGpFvFHFnOR5m7S',NULL,'167.94.138.112','Mozilla/5.0 (compatible; CensysInspect/1.1; +https://about.censys.io/)','YTozOntzOjY6Il90b2tlbiI7czo0MDoieXdRN05jUXdDblVEVDFIQ3NMZUtlalZjN3c4cXliTlN5MGw2ZzdKciI7czo5OiJfcHJldmlvdXMiO2E6MTp7czozOiJ1cmwiO3M6MjI6Imh0dHBzOi8vMTY0LjkyLjI0NC4xOTIiO31zOjY6Il9mbGFzaCI7YToyOntzOjM6Im9sZCI7YTowOnt9czozOiJuZXciO2E6MDp7fX19',1767280498),
('bHbF3A71npuCN9ewSBON2jrVXDyn0UDVAyy7nuwI',NULL,'172.235.235.248','','YTozOntzOjY6Il90b2tlbiI7czo0MDoiSm1LeDRCYUQyb3JTOVJBYkZUYmRyMTJweVE2NzJ2SmtqdGhVanhyOSI7czo5OiJfcHJldmlvdXMiO2E6MTp7czozOiJ1cmwiO3M6Mjg6Imh0dHBzOi8vZWhrYW0uYWJ1a2hhbGlsLnNpdGUiO31zOjY6Il9mbGFzaCI7YToyOntzOjM6Im9sZCI7YTowOnt9czozOiJuZXciO2E6MDp7fX19',1767500438),
('bi8kTcYj4styZjqrbWWCgqYNygpJRFKjWY3oUzbZ',NULL,'94.23.188.216','Mozilla/5.0 (compatible; AhrefsBot/7.0; +http://ahrefs.com/robot/)','YTozOntzOjY6Il90b2tlbiI7czo0MDoidFp2OGpJNU5pczVSVnZMdGRUT2d3YTk3OE5PQ2dWRktoU0NDWWl2bSI7czo5OiJfcHJldmlvdXMiO2E6MTp7czozOiJ1cmwiO3M6MjI6Imh0dHBzOi8vYWJ1a2hhbGlsLnNpdGUiO31zOjY6Il9mbGFzaCI7YToyOntzOjM6Im9sZCI7YTowOnt9czozOiJuZXciO2E6MDp7fX19',1766894114),
('BILDuSQsIw3Y6ZksaasrAf2ZUKrp7wSADvPD2anO',NULL,'185.180.140.102','Mozilla/5.0 (Windows NT 10.0; Win64; x64) AppleWebKit/537.36 (KHTML, like Gecko) Chrome/60.0.3112.113 Safari/537.36','YTozOntzOjY6Il90b2tlbiI7czo0MDoiSHhEV3RiUlo1MFd1bHR1d2xza3Y1d1k5UFlJTHI5RVE2UGxTTEZYciI7czo5OiJfcHJldmlvdXMiO2E6MTp7czozOiJ1cmwiO3M6MjI6Imh0dHBzOi8vMTY0LjkyLjI0NC4xOTIiO31zOjY6Il9mbGFzaCI7YToyOntzOjM6Im9sZCI7YTowOnt9czozOiJuZXciO2E6MDp7fX19',1768809967),
('bKC0jZT90d8HuwpmY5zSEtTmJTaWiWFDrMPP8QV1',NULL,'100.25.180.108','Mozilla/5.0 (Windows NT 10.0; Win64; x64) AppleWebKit/537.36 (KHTML, like Gecko) Chrome/135.0.0.0 Safari/537.36','YTozOntzOjY6Il90b2tlbiI7czo0MDoiY3Fpc1lwYjVWZFJmWm5sZk1nRUtKa0NPVG9FZ3Q1ejcxMTlSSVB2NCI7czo5OiJfcHJldmlvdXMiO2E6MTp7czozOiJ1cmwiO3M6MjI6Imh0dHBzOi8vYWJ1a2hhbGlsLnNpdGUiO31zOjY6Il9mbGFzaCI7YToyOntzOjM6Im9sZCI7YTowOnt9czozOiJuZXciO2E6MDp7fX19',1766825912),
('BKpq50zjRd7AGXjlmI3GL93qCEYLqArCqqjbEqiV',NULL,'104.152.52.137','curl/7.61.1','YTozOntzOjY6Il90b2tlbiI7czo0MDoiNU9MVHBMelNXUDNEUFpXVmU3SUp3YlFzemh6ajFpSUxHaENrbEtudCI7czo5OiJfcHJldmlvdXMiO2E6MTp7czozOiJ1cmwiO3M6MjI6Imh0dHBzOi8vMTY0LjkyLjI0NC4xOTIiO31zOjY6Il9mbGFzaCI7YToyOntzOjM6Im9sZCI7YTowOnt9czozOiJuZXciO2E6MDp7fX19',1768206211),
('bKrvyjCkBtJGHmlRE9ucLUL5RMDOEemmpO9erTdH',NULL,'206.168.34.38','Mozilla/5.0 (compatible; CensysInspect/1.1; +https://about.censys.io/)','YTozOntzOjY6Il90b2tlbiI7czo0MDoiYkZEZDNKejIwdDFTOHp5Z2ZqZzBPaHJaNmV1VmZlNEVFZWRuRUhZMiI7czo5OiJfcHJldmlvdXMiO2E6MTp7czozOiJ1cmwiO3M6MjI6Imh0dHBzOi8vMTY0LjkyLjI0NC4xOTIiO31zOjY6Il9mbGFzaCI7YToyOntzOjM6Im9sZCI7YTowOnt9czozOiJuZXciO2E6MDp7fX19',1768509821),
('BldSoRACVdw6jrW4dfX3LXRZLpDtXZJnlFwZpbDH',NULL,'172.235.235.248','Mozilla/5.0 (Android 15; Mobile; rv:126.0.0) Gecko/126.0.0 Firefox/126.0.0','YTozOntzOjY6Il90b2tlbiI7czo0MDoiV05DbUdXSVo4N3dLR1RrU3ZNTUhLWWtnU1VXRVIxelpTZTY0Z2JkdSI7czo5OiJfcHJldmlvdXMiO2E6MTp7czozOiJ1cmwiO3M6Mzc6Imh0dHBzOi8vMTY0LjkyLjI0NC4xOTIvbG9naW4/bmV4dD0lMkYiO31zOjY6Il9mbGFzaCI7YToyOntzOjM6Im9sZCI7YTowOnt9czozOiJuZXciO2E6MDp7fX19',1767500431),
('BP68WIEaVBMEDxyJ6a8Zrlp6JqI3dVNbqEp9AICE',NULL,'34.91.100.199','Mozilla/5.0 (compatible; CMS-Checker/1.0; +https://example.com)','YTozOntzOjY6Il90b2tlbiI7czo0MDoiOEFVeDdxOWxFTDZXbjQ2aGthYXVMM2U0bGIxQmxFektPME5hRWtuTCI7czo5OiJfcHJldmlvdXMiO2E6MTp7czozOiJ1cmwiO3M6Mjg6Imh0dHBzOi8vZWhrYW0uYWJ1a2hhbGlsLnNpdGUiO31zOjY6Il9mbGFzaCI7YToyOntzOjM6Im9sZCI7YTowOnt9czozOiJuZXciO2E6MDp7fX19',1766910563),
('BplpWFQmRHHUkAOk2V1oe2pEIPu6KfkavlQIu4hz',NULL,'142.93.99.220','','YTozOntzOjY6Il90b2tlbiI7czo0MDoibXd4QzhNVG45dGR1dEd1bnJQMFJ6Z2JsYVg5R21DYXlDdGt0bk91ZyI7czo5OiJfcHJldmlvdXMiO2E6MTp7czozOiJ1cmwiO3M6Mjg6Imh0dHBzOi8vZWhrYW0uYWJ1a2hhbGlsLnNpdGUiO31zOjY6Il9mbGFzaCI7YToyOntzOjM6Im9sZCI7YTowOnt9czozOiJuZXciO2E6MDp7fX19',1768429240),
('BRKb6U0COo6aHIpuiky37jjlIAZpqu2ko1qh76or',NULL,'152.32.237.244','Mozilla/5.0 (Windows NT 10.0; Win64; x64) AppleWebKit/537.36 (KHTML, like Gecko) Chrome/125.0.0.0 Safari/537.36','YTozOntzOjY6Il90b2tlbiI7czo0MDoiZ3MxdUhhdzJSeWZadGJuTjFDeFlROElkU2NucmhPbml5SnZIWEVydSI7czo5OiJfcHJldmlvdXMiO2E6MTp7czozOiJ1cmwiO3M6MjI6Imh0dHBzOi8vMTY0LjkyLjI0NC4xOTIiO31zOjY6Il9mbGFzaCI7YToyOntzOjM6Im9sZCI7YTowOnt9czozOiJuZXciO2E6MDp7fX19',1768862792),
('BS4aPcPJpijvcYkBJLB6s1xOakARmz0Ja3NW7aso',NULL,'85.217.140.16','Mozilla/5.0 (compatible; ModatScanner/1.2; +https://modat.io/)','YTozOntzOjY6Il90b2tlbiI7czo0MDoiNlp1SFVJVGdBWDNVUWd5a2NsbnpzMUtPZ2FiWjJBdktISVFOWll6SCI7czo5OiJfcHJldmlvdXMiO2E6MTp7czozOiJ1cmwiO3M6MjI6Imh0dHBzOi8vMTY0LjkyLjI0NC4xOTIiO31zOjY6Il9mbGFzaCI7YToyOntzOjM6Im9sZCI7YTowOnt9czozOiJuZXciO2E6MDp7fX19',1768071452),
('bSXBseRQqXyGcRdup5uOFpuhSJ5TVtm8aFVsdf3H',NULL,'205.169.39.114','Mozilla/5.0 (Windows NT 6.1; Win64; x64) AppleWebKit/537.36 (KHTML, like Gecko) Chrome/83.0.4103.61 Safari/537.36','YTozOntzOjY6Il90b2tlbiI7czo0MDoiTUFqMlhjeWExa1VFMDFoejlCcnh3QUFZRnJyd1NFZFNVa1cxYWhBaiI7czo5OiJfcHJldmlvdXMiO2E6MTp7czozOiJ1cmwiO3M6Mjg6Imh0dHBzOi8vZWhrYW0uYWJ1a2hhbGlsLnNpdGUiO31zOjY6Il9mbGFzaCI7YToyOntzOjM6Im9sZCI7YTowOnt9czozOiJuZXciO2E6MDp7fX19',1766783947),
('bT10ewFMMtK6Tlnp3rsJagBYLjYIV0vSti2Z8iev',NULL,'85.11.183.6','Mozilla/5.0 (Windows NT 10.0; Win64; x64) AppleWebKit/537.36 (KHTML, like Gecko) Chrome/140.0.0.0 Safari/537.36','YTozOntzOjY6Il90b2tlbiI7czo0MDoicHRMalpVMVhPeXo2bUxtU1JvMWJYVG9LNk8zcVpSSWlsb1lKWXBYTCI7czo5OiJfcHJldmlvdXMiO2E6MTp7czozOiJ1cmwiO3M6MjI6Imh0dHBzOi8vMTY0LjkyLjI0NC4xOTIiO31zOjY6Il9mbGFzaCI7YToyOntzOjM6Im9sZCI7YTowOnt9czozOiJuZXciO2E6MDp7fX19',1767901106),
('BVa2J3zjyLX7gnHWMHrDkBE7hK8v3qaqzTPTPe9C',NULL,'185.12.59.118','Mozilla/5.0 (Windows NT 10.0; Win64; x64; rv:132.0) Gecko/20100101 Firefox/132.0','YTozOntzOjY6Il90b2tlbiI7czo0MDoiT01XNmRsSkdHc2NQS0llN2FPR0pzeXR5WVRYbnN1dUg0TnhmWGkwaCI7czo5OiJfcHJldmlvdXMiO2E6MTp7czozOiJ1cmwiO3M6MjI6Imh0dHBzOi8vMTY0LjkyLjI0NC4xOTIiO31zOjY6Il9mbGFzaCI7YToyOntzOjM6Im9sZCI7YTowOnt9czozOiJuZXciO2E6MDp7fX19',1767640846),
('BW8dvRRsVyIwKNYdirMzr0fU8vEl5JOIi5CPNzFF',NULL,'45.148.10.87','Mozilla/5.0 (Windows NT 10.0; Win64; x64) AppleWebKit/537.36 (KHTML, like Gecko) Chrome/91.0.4472.124 Safari/537.36','YTozOntzOjY6Il90b2tlbiI7czo0MDoic1N0T3lha29yTWNmNTNZeklDN1pGcmh1UUNYbEYxeFR5NHhJMzc2UyI7czo5OiJfcHJldmlvdXMiO2E6MTp7czozOiJ1cmwiO3M6Mjg6Imh0dHBzOi8vZWhrYW0uYWJ1a2hhbGlsLnNpdGUiO31zOjY6Il9mbGFzaCI7YToyOntzOjM6Im9sZCI7YTowOnt9czozOiJuZXciO2E6MDp7fX19',1767218187),
('bXgT2p1xIsIb5r6mfQAl3H69D2bctjKam6nGtGqi',NULL,'78.153.140.203','Mozilla/5.0 (Windows NT 6.1; rv:19.0) Gecko/20100101 Firefox/19.0','YTozOntzOjY6Il90b2tlbiI7czo0MDoidkNpN0NCN3Y0bGsyOU9nQUVXR1BobmdlQ2NOaHd3R2NiSXNlaDdnSyI7czo5OiJfcHJldmlvdXMiO2E6MTp7czozOiJ1cmwiO3M6MzQ6Imh0dHBzOi8vMTY0LjkyLjI0NC4xOTIvP3BocGluZm89LTEiO31zOjY6Il9mbGFzaCI7YToyOntzOjM6Im9sZCI7YTowOnt9czozOiJuZXciO2E6MDp7fX19',1767237145),
('byDY10dDDPSvIKXq5YR1m1bDoaxkRLdD6ZonkdnZ',NULL,'23.27.145.143','Mozilla/5.0 (X11; Linux i686; rv:109.0) Gecko/20100101 Firefox/120.0','YTozOntzOjY6Il90b2tlbiI7czo0MDoicHpjOXY5eFZXSEFUMnNJOEtLeWFsQUJYOVZWSVZZODlOV3BLRHRZRCI7czo5OiJfcHJldmlvdXMiO2E6MTp7czozOiJ1cmwiO3M6Mjg6Imh0dHBzOi8vZWhrYW0uYWJ1a2hhbGlsLnNpdGUiO31zOjY6Il9mbGFzaCI7YToyOntzOjM6Im9sZCI7YTowOnt9czozOiJuZXciO2E6MDp7fX19',1766790785),
('BYFMtBEyjnkiN92SmYAAGpL0bFsw56VfeuPhHf3q',NULL,'35.240.79.17','Mozilla/5.0 (Windows NT 10.0; Win64; x64) AppleWebKit/537.36 (KHTML, like Gecko) Chrome/78.0.3904.108 Safari/537.36','YTozOntzOjY6Il90b2tlbiI7czo0MDoiU0szUjJSY0RtWGd3VG95dEhGb2dTWlc1amJYN1JTSEh6ZmxKRGw1SiI7czo5OiJfcHJldmlvdXMiO2E6MTp7czozOiJ1cmwiO3M6Mjg6Imh0dHBzOi8vZWhrYW0uYWJ1a2hhbGlsLnNpdGUiO31zOjY6Il9mbGFzaCI7YToyOntzOjM6Im9sZCI7YTowOnt9czozOiJuZXciO2E6MDp7fX19',1767019986),
('bYH5cQLMLKKt8dXSKmUvyu16j1pyBVoWxXlV2yw5',NULL,'161.35.33.77','Mozilla/5.0 (X11; Linux x86_64; rv:142.0) Gecko/20100101 Firefox/142.0','YTozOntzOjY6Il90b2tlbiI7czo0MDoiUXhpb051eEVocTVSTWVoVnFMc1U1Z2lMWmdQQlh4bjRUQldjMndIUSI7czo5OiJfcHJldmlvdXMiO2E6MTp7czozOiJ1cmwiO3M6MjI6Imh0dHBzOi8vMTY0LjkyLjI0NC4xOTIiO31zOjY6Il9mbGFzaCI7YToyOntzOjM6Im9sZCI7YTowOnt9czozOiJuZXciO2E6MDp7fX19',1767839576),
('C1VivKzSCliAjMHNHMNZlUJtbbLuGzBoSfljawkM',NULL,'162.142.125.43','Mozilla/5.0 (compatible; CensysInspect/1.1; +https://about.censys.io/)','YTozOntzOjY6Il90b2tlbiI7czo0MDoibjloUWFxNkd3NTVhZm1jdkZRT1JTTWJuMGxabllhWmN2ZnR4enQwOCI7czo5OiJfcHJldmlvdXMiO2E6MTp7czozOiJ1cmwiO3M6Mjg6Imh0dHBzOi8vZWhrYW0uYWJ1a2hhbGlsLnNpdGUiO31zOjY6Il9mbGFzaCI7YToyOntzOjM6Im9sZCI7YTowOnt9czozOiJuZXciO2E6MDp7fX19',1768029530),
('c2EZtHD63qopxKpdI9sEIn6d6eUPlnq07th1ChY5',NULL,'134.122.70.87','Mozilla/5.0 (compatible; Odin; https://docs.getodin.com/)','YTozOntzOjY6Il90b2tlbiI7czo0MDoiQld0cG9MRXljd1h4NzJjbnZtMDFwR3BDUEtpb2pMSUV6S1k2NlV6cCI7czo5OiJfcHJldmlvdXMiO2E6MTp7czozOiJ1cmwiO3M6MjI6Imh0dHBzOi8vMTY0LjkyLjI0NC4xOTIiO31zOjY6Il9mbGFzaCI7YToyOntzOjM6Im9sZCI7YTowOnt9czozOiJuZXciO2E6MDp7fX19',1767884530),
('c5OofCmUQil0bt8PssPxCritrj1JfFArl7gWrDmM',NULL,'185.12.59.118','Mozilla/5.0 (Windows NT 10.0; Win64; x64; rv:132.0) Gecko/20100101 Firefox/132.0','YTozOntzOjY6Il90b2tlbiI7czo0MDoiOWgyUFBZaGxwSjNCeGRhUHA4aFM4bFdoMllFYkRFWDJxZDJWamJaeCI7czo5OiJfcHJldmlvdXMiO2E6MTp7czozOiJ1cmwiO3M6MjI6Imh0dHBzOi8vMTY0LjkyLjI0NC4xOTIiO31zOjY6Il9mbGFzaCI7YToyOntzOjM6Im9sZCI7YTowOnt9czozOiJuZXciO2E6MDp7fX19',1768331125),
('C6CwKMWBPXRJ14XYq0IT2pcQ9hB29ya8KUknDiaF',NULL,'85.11.183.6','Mozilla/5.0 (Windows NT 10.0; Win64; x64) AppleWebKit/537.36 (KHTML, like Gecko) Chrome/140.0.0.0 Safari/537.36','YTozOntzOjY6Il90b2tlbiI7czo0MDoiRHlBWWdWcWxSeG1JQTA0WUw4QlRkNU10bEpTbTVyVVg4S0ZzTDJpZSI7czo5OiJfcHJldmlvdXMiO2E6MTp7czozOiJ1cmwiO3M6MjI6Imh0dHBzOi8vMTY0LjkyLjI0NC4xOTIiO31zOjY6Il9mbGFzaCI7YToyOntzOjM6Im9sZCI7YTowOnt9czozOiJuZXciO2E6MDp7fX19',1767861234),
('C7si77gXkv6Lat6VKHJWpX3YvpMzI2yvARj2JvSz',NULL,'35.216.156.249','Mozilla/5.0','YTozOntzOjY6Il90b2tlbiI7czo0MDoiVlh6MFR0QVRkUjVuMFpFazBKaDhBUmF5T2lJczB2WFd6UkdReTNBSCI7czo5OiJfcHJldmlvdXMiO2E6MTp7czozOiJ1cmwiO3M6MjI6Imh0dHBzOi8vMTY0LjkyLjI0NC4xOTIiO31zOjY6Il9mbGFzaCI7YToyOntzOjM6Im9sZCI7YTowOnt9czozOiJuZXciO2E6MDp7fX19',1768465814),
('c8gNKuTwKRd7HsviPOMizyAbTjNcdsdmKLTzcRsE',NULL,'46.101.122.80','Mozilla/5.0 (compatible; Odin; https://docs.getodin.com/)','YTozOntzOjY6Il90b2tlbiI7czo0MDoiNW1waTRvWUNyQUpQdzdlQmIxeFhUeExtNFFOaGtuOU5yVVdTcVFJVyI7czo5OiJfcHJldmlvdXMiO2E6MTp7czozOiJ1cmwiO3M6MjI6Imh0dHBzOi8vMTY0LjkyLjI0NC4xOTIiO31zOjY6Il9mbGFzaCI7YToyOntzOjM6Im9sZCI7YTowOnt9czozOiJuZXciO2E6MDp7fX19',1767375452),
('CaHGjy8CZfeXlg9KTtwweTgiCheMl3UsqZ3j5nmP',NULL,'162.142.125.119','Mozilla/5.0 (compatible; CensysInspect/1.1; +https://about.censys.io/)','YTozOntzOjY6Il90b2tlbiI7czo0MDoiZWtLTnVBUWliQmZFRzFGRVZQRVhucjdwRElhN3FRcFBNc3o1UDRvSyI7czo5OiJfcHJldmlvdXMiO2E6MTp7czozOiJ1cmwiO3M6Mjg6Imh0dHBzOi8vMTY0LjkyLjI0NC4xOTIvbG9naW4iO31zOjY6Il9mbGFzaCI7YToyOntzOjM6Im9sZCI7YTowOnt9czozOiJuZXciO2E6MDp7fX19',1767967027),
('cAQ5sgD29NKgPmd56Q59WZWBnwW4ZixqDZXGIHJ6',NULL,'79.124.40.174','Mozilla/5.0 (Windows NT 10.0; Win64; x64) AppleWebKit/537.36 (KHTML, like Gecko) Chrome/78.0.3904.108 Safari/537.36','YTozOntzOjY6Il90b2tlbiI7czo0MDoiMXdsRmZ3Szk3WlBtdFhvSFhuTW5HSnduNTlQUkZZVTVnTTZMdzBBdSI7czo5OiJfcHJldmlvdXMiO2E6MTp7czozOiJ1cmwiO3M6NTM6Imh0dHBzOi8vMTY0LjkyLjI0NC4xOTIvP1hERUJVR19TRVNTSU9OX1NUQVJUPXBocHN0b3JtIjt9czo2OiJfZmxhc2giO2E6Mjp7czozOiJvbGQiO2E6MDp7fXM6MzoibmV3IjthOjA6e319fQ==',1767144955),
('CAXv6FAzP8xYwRFYg3NrZGEHCsaKMtJQRoRCjCAA',NULL,'54.145.234.228','okhttp/5.3.0','YTozOntzOjY6Il90b2tlbiI7czo0MDoiSEZoZ0tVbVc1cXJRRGo2NDBId3lOMnhXSEtkSlN3allIVk5WQllvMCI7czo5OiJfcHJldmlvdXMiO2E6MTp7czozOiJ1cmwiO3M6MjI6Imh0dHBzOi8vYWJ1a2hhbGlsLnNpdGUiO31zOjY6Il9mbGFzaCI7YToyOntzOjM6Im9sZCI7YTowOnt9czozOiJuZXciO2E6MDp7fX19',1766983782),
('cbogNssFeAIiH1LacfVVD564DZixQDqCb2KjLinB',NULL,'216.180.246.159','\'Mozilla/5.0 (compatible; GenomeCrawlerd/1.0; +https://www.nokia.com/genomecrawler)\'','YTozOntzOjY6Il90b2tlbiI7czo0MDoia044MGZIOHliS0xTZmlqc1hyMDRMb2k4R2xoZXk4dG8yYWw1N3h3WCI7czo5OiJfcHJldmlvdXMiO2E6MTp7czozOiJ1cmwiO3M6MjI6Imh0dHBzOi8vMTY0LjkyLjI0NC4xOTIiO31zOjY6Il9mbGFzaCI7YToyOntzOjM6Im9sZCI7YTowOnt9czozOiJuZXciO2E6MDp7fX19',1767128115),
('CcodZQP6JAcpRgk89yrqWkoJ6Q0x9rsMYSTpAHvC',NULL,'23.27.145.185','Mozilla/5.0 (X11; Linux i686; rv:109.0) Gecko/20100101 Firefox/120.0','YTozOntzOjY6Il90b2tlbiI7czo0MDoia2JscXpndG5SNE5haUVCZ1Y4bHVSSWZyTGhJQUI4M3ZKU1padjJRMiI7czo5OiJfcHJldmlvdXMiO2E6MTp7czozOiJ1cmwiO3M6Mjg6Imh0dHBzOi8vZWhrYW0uYWJ1a2hhbGlsLnNpdGUiO31zOjY6Il9mbGFzaCI7YToyOntzOjM6Im9sZCI7YTowOnt9czozOiJuZXciO2E6MDp7fX19',1766876151),
('Ce1F0qSiMuG72rPvGTKkQivfrOF7FVnjlj3cQds2',NULL,'45.131.155.101','Mozilla/5.0 (Windows NT 10.0; Win64; x64) AppleWebKit/537.36 (KHTML, like Gecko) Chrome/138.0.0.0 Safari/537.36 Edg/138.0.0.0','YTozOntzOjY6Il90b2tlbiI7czo0MDoiRnNMeEhpQTRvZUF3enN2VngwWjdDaUlpa1R5U3Rvd1hSR0Npa3F4aSI7czo5OiJfcHJldmlvdXMiO2E6MTp7czozOiJ1cmwiO3M6Mjc6Imh0dHBzOi8vZWhrYW0uYWJ1a2hhbGlsLmFwcCI7fXM6NjoiX2ZsYXNoIjthOjI6e3M6Mzoib2xkIjthOjA6e31zOjM6Im5ldyI7YTowOnt9fX0=',1766565030),
('cfAuyHBYLTuC4mxaMZtrygBGiRQrxul1FpT4laKi',NULL,'185.12.59.118','Mozilla/5.0 (Windows NT 10.0; Win64; x64; rv:132.0) Gecko/20100101 Firefox/132.0','YTozOntzOjY6Il90b2tlbiI7czo0MDoieGJqOWxsd0s3NzBLOGgybzdaOER4R245Q0dYV2VGRlVhcHhxd1A4RCI7czo5OiJfcHJldmlvdXMiO2E6MTp7czozOiJ1cmwiO3M6MjI6Imh0dHBzOi8vMTY0LjkyLjI0NC4xOTIiO31zOjY6Il9mbGFzaCI7YToyOntzOjM6Im9sZCI7YTowOnt9czozOiJuZXciO2E6MDp7fX19',1768674082),
('CJ53X6OiC1iFSTJSSixUPQuYlkojORIx4ZR1LGXa',NULL,'36.250.220.242','Mozilla/5.0 (Windows NT 6.1) AppleWebKit/537.36 (KHTML, like Gecko) Chrome/49.0.2623.112 Safari/537.36','YTozOntzOjY6Il90b2tlbiI7czo0MDoiVE9oamV6Z2dCOExrWEVZYVVqVGdVTzI1MW5oT2pvRUd4RlJsOHpHMCI7czo5OiJfcHJldmlvdXMiO2E6MTp7czozOiJ1cmwiO3M6MjI6Imh0dHBzOi8vMTY0LjkyLjI0NC4xOTIiO31zOjY6Il9mbGFzaCI7YToyOntzOjM6Im9sZCI7YTowOnt9czozOiJuZXciO2E6MDp7fX19',1767831648),
('cjfFWxnbF7s9W0KSlyN0CoXeOXagk7JPiqI34E5W',NULL,'185.242.177.57','Mozilla/5.0 (Macintosh; Intel Mac OS X 10.15; rv:133.0) Gecko/20100101 Firefox/133.0','YTozOntzOjY6Il90b2tlbiI7czo0MDoiOEZiM1hVdEFuWHVuM1JrcWRwVzNGTFV1Tmw1Q2hCRVlmQWMwQUxzayI7czo5OiJfcHJldmlvdXMiO2E6MTp7czozOiJ1cmwiO3M6MjI6Imh0dHBzOi8vYWJ1a2hhbGlsLnNpdGUiO31zOjY6Il9mbGFzaCI7YToyOntzOjM6Im9sZCI7YTowOnt9czozOiJuZXciO2E6MDp7fX19',1766851732),
('Ck0eEgpMU0YgopI2lSQDehwyzAYDBasVluJfj9V3',NULL,'80.82.77.202','fasthttp','YTozOntzOjY6Il90b2tlbiI7czo0MDoiMmZNVHFXUm5nMUtlcWh4MlZYdEd0UlhISGlmNjhPT1VLVTlScVViMiI7czo5OiJfcHJldmlvdXMiO2E6MTp7czozOiJ1cmwiO3M6MjI6Imh0dHBzOi8vMTY0LjkyLjI0NC4xOTIiO31zOjY6Il9mbGFzaCI7YToyOntzOjM6Im9sZCI7YTowOnt9czozOiJuZXciO2E6MDp7fX19',1767375159),
('ckUJFZKKZL94HBSCjKnfYqDfoLZVmkjXx4WSzZK1',NULL,'45.194.70.248','curl/7.29.0','YTozOntzOjY6Il90b2tlbiI7czo0MDoiYlZwSm1acUlWNTVoc3ZFeEU2RHVjQmlNVE11M2hVVExNeVpERHRKRSI7czo5OiJfcHJldmlvdXMiO2E6MTp7czozOiJ1cmwiO3M6Mjg6Imh0dHBzOi8vZWhrYW0uYWJ1a2hhbGlsLnNpdGUiO31zOjY6Il9mbGFzaCI7YToyOntzOjM6Im9sZCI7YTowOnt9czozOiJuZXciO2E6MDp7fX19',1767730079),
('cKzH8vr4qJPgNicfvuFMtNp72EfJoKAllE0tZWRY',NULL,'161.202.138.199','Mozilla/5.0 (Windows NT 6.1; WOW64; rv:41.0) Gecko/20100101 Firefox/41.0','YTozOntzOjY6Il90b2tlbiI7czo0MDoid05YZ2R0QUFDbFllRHFPclJJRXUwWTNQZWdvanJFVmlFUXlxSUFtNCI7czo5OiJfcHJldmlvdXMiO2E6MTp7czozOiJ1cmwiO3M6Mjg6Imh0dHBzOi8vZWhrYW0uYWJ1a2hhbGlsLnNpdGUiO31zOjY6Il9mbGFzaCI7YToyOntzOjM6Im9sZCI7YTowOnt9czozOiJuZXciO2E6MDp7fX19',1768801180),
('cM2eAHUfq57HrXkaku9vRYbudfNPLNxY1VwapMhS',NULL,'172.235.235.248','Mozilla/5.0 (Macintosh; Intel Mac OS X 13.7; rv:141.0) Gecko/20100101 Firefox/141.0','YTozOntzOjY6Il90b2tlbiI7czo0MDoiN1prRDNGNnRiRW9jRTU0TWVjSU1ZYTRMemg5MWtiSERWeVlTYzVlRiI7czo5OiJfcHJldmlvdXMiO2E6MTp7czozOiJ1cmwiO3M6Mzc6Imh0dHBzOi8vMTY0LjkyLjI0NC4xOTIvbG9naW4/bmV4dD0lMkYiO31zOjY6Il9mbGFzaCI7YToyOntzOjM6Im9sZCI7YTowOnt9czozOiJuZXciO2E6MDp7fX19',1767161095),
('Cml3uICWGJKFObWqDZG5NBULXhkTTc5uJBg7Lj0E',NULL,'100.31.150.36','Mozilla/5.0 (X11; Linux x86_64) AppleWebKit/537.36 (KHTML, like Gecko) HeadlessChrome/138.0.7204.23 Safari/537.36','YTozOntzOjY6Il90b2tlbiI7czo0MDoidjg5OHdaMHJZN0dPa2tZZG5YQXVuT1lWbHdCdFZKNHlma1pheFV1biI7czo5OiJfcHJldmlvdXMiO2E6MTp7czozOiJ1cmwiO3M6Mjg6Imh0dHBzOi8vZWhrYW0uYWJ1a2hhbGlsLnNpdGUiO31zOjY6Il9mbGFzaCI7YToyOntzOjM6Im9sZCI7YTowOnt9czozOiJuZXciO2E6MDp7fX19',1766891505),
('cmn2jck22V7t3BtJMQ4PYNVfTlgzqpVuUyircqYj',NULL,'221.236.22.67','Mozilla/5.0 (Windows NT 10.0; Win64; x64) AppleWebKit/537.36 (KHTML, like Gecko) Chrome/91.0.4472.124 Safari/537.36','YTozOntzOjY6Il90b2tlbiI7czo0MDoia2V0UlZFZEp6enZSY0h1c0dyRUwycGdOM2VuYlZEZ1BmZmR2RW9KNyI7czo5OiJfcHJldmlvdXMiO2E6MTp7czozOiJ1cmwiO3M6Mjg6Imh0dHBzOi8vZWhrYW0uYWJ1a2hhbGlsLnNpdGUiO31zOjY6Il9mbGFzaCI7YToyOntzOjM6Im9sZCI7YTowOnt9czozOiJuZXciO2E6MDp7fX19',1767861851),
('CN5DcHCwLOHhyRTmlUeH7nngz8XgsBqzMbKAUFCB',NULL,'164.92.184.224','Mozilla/4.0 (compatible; MSIE 9.0; Windows NT 10.0; .NET4.0C; .NET4.0E; .NET CLR 2.0.50727; .NET CLR 3.0.30729; .NET CLR 3.5.30729)','YTozOntzOjY6Il90b2tlbiI7czo0MDoiOWRPUzVidXVKYnhxcEhrQW9vcVVzM3VNYXRUWDZuVWRPQUVGZ2x0dSI7czo5OiJfcHJldmlvdXMiO2E6MTp7czozOiJ1cmwiO3M6MjI6Imh0dHBzOi8vMTY0LjkyLjI0NC4xOTIiO31zOjY6Il9mbGFzaCI7YToyOntzOjM6Im9sZCI7YTowOnt9czozOiJuZXciO2E6MDp7fX19',1768583452),
('coglT5zEQq8cuBuxphczz462B7j9wW1fUv5GAfJ5',NULL,'103.209.110.10','Mozilla/5.0 (Windows NT 10.0; Win64; x64) AppleWebKit/537.36 (KHTML, like Gecko) Chrome/120.0.0.0 Safari/537.36 Edg/120.0.0.0','YTozOntzOjY6Il90b2tlbiI7czo0MDoibHlpTnJRY1BEYlkzcWRWemxJYUkyd1RPZFdPQlFxWDRyRzJrOTZmUiI7czo5OiJfcHJldmlvdXMiO2E6MTp7czozOiJ1cmwiO3M6MjI6Imh0dHBzOi8vMTY0LjkyLjI0NC4xOTIiO31zOjY6Il9mbGFzaCI7YToyOntzOjM6Im9sZCI7YTowOnt9czozOiJuZXciO2E6MDp7fX19',1767179823),
('cOHAAX618KZfMIS0A1PqRurDV0TVX5W2xiy4jj07',NULL,'34.14.118.150','python-requests/2.32.5','YTozOntzOjY6Il90b2tlbiI7czo0MDoic1Y1YlhQUG1xa1BPUE15UnlYOUg5clpKc2p5NlU4a2hvTWNWOXVHaiI7czo5OiJfcHJldmlvdXMiO2E6MTp7czozOiJ1cmwiO3M6MjI6Imh0dHBzOi8vMTY0LjkyLjI0NC4xOTIiO31zOjY6Il9mbGFzaCI7YToyOntzOjM6Im9sZCI7YTowOnt9czozOiJuZXciO2E6MDp7fX19',1768866676),
('CokWvAAX71j18yre05qoPdZ9V8FlVsqAzXTWWbeD',NULL,'136.115.124.121','Mozilla/5.0 (compatible; CMS-Checker/1.0; +https://example.com)','YTozOntzOjY6Il90b2tlbiI7czo0MDoieVFJWGR1a3RhM2lYV0R3d1NIZXYxZ1F5RGU1UTlScnl1RXR1enZNUCI7czo5OiJfcHJldmlvdXMiO2E6MTp7czozOiJ1cmwiO3M6Mjg6Imh0dHBzOi8vZWhrYW0uYWJ1a2hhbGlsLnNpdGUiO31zOjY6Il9mbGFzaCI7YToyOntzOjM6Im9sZCI7YTowOnt9czozOiJuZXciO2E6MDp7fX19',1767115866),
('cPf9TzQ1OXmFJCIGakXLNjfBBWkzBz9kX6M3muGQ',NULL,'165.227.139.38','','YTozOntzOjY6Il90b2tlbiI7czo0MDoiS0puSnByVWlCSVVHU2N4amdMbkxMUFZsSEhzQWdpUG9JSmVoWE9aZCI7czo5OiJfcHJldmlvdXMiO2E6MTp7czozOiJ1cmwiO3M6Mjg6Imh0dHBzOi8vZWhrYW0uYWJ1a2hhbGlsLnNpdGUiO31zOjY6Il9mbGFzaCI7YToyOntzOjM6Im9sZCI7YTowOnt9czozOiJuZXciO2E6MDp7fX19',1767226104),
('CpH2SDVHH5vrHfhNd8sAVcW2RAHuRm1ex1Ln4ymY',NULL,'65.49.1.24','Mozilla/5.0 (Macintosh; Intel Mac OS X 10.15; rv:109.0) Gecko/20100101 Firefox/109.0','YTozOntzOjY6Il90b2tlbiI7czo0MDoiYlI3dms4VEVxZWN0UTJkQXd1eXBhRDJaclVaVGZTUXVXN3d4dVFwdSI7czo5OiJfcHJldmlvdXMiO2E6MTp7czozOiJ1cmwiO3M6MjI6Imh0dHBzOi8vMTY0LjkyLjI0NC4xOTIiO31zOjY6Il9mbGFzaCI7YToyOntzOjM6Im9sZCI7YTowOnt9czozOiJuZXciO2E6MDp7fX19',1768348961),
('cPPr7bTks2eYBSihD7muc0wO0WVs5ItDh9M9Demx',NULL,'178.16.55.167','Mozilla/5.0 (Windows NT 10.0; Win64; x64; rv:88.0) Gecko/20100101 Firefox/88.0','YTozOntzOjY6Il90b2tlbiI7czo0MDoieDBQaVF4NFA2alpYNXM2MTlyeGx1RkxBSHhUSENmMlV5ZzhKNlQ3QSI7czo5OiJfcHJldmlvdXMiO2E6MTp7czozOiJ1cmwiO3M6MjI6Imh0dHBzOi8vMTY0LjkyLjI0NC4xOTIiO31zOjY6Il9mbGFzaCI7YToyOntzOjM6Im9sZCI7YTowOnt9czozOiJuZXciO2E6MDp7fX19',1767304287),
('CrLVuri9vR2pShXCw1yYMgFk2bpgd4ruZREkkRTF',NULL,'104.152.52.115','curl/7.61.1','YTozOntzOjY6Il90b2tlbiI7czo0MDoiVHY5akh2UlpiR3E4eEw5ZG5nQ0F5N2hjUlBmTEpFeWJDakZzd281MCI7czo5OiJfcHJldmlvdXMiO2E6MTp7czozOiJ1cmwiO3M6MjI6Imh0dHBzOi8vMTY0LjkyLjI0NC4xOTIiO31zOjY6Il9mbGFzaCI7YToyOntzOjM6Im9sZCI7YTowOnt9czozOiJuZXciO2E6MDp7fX19',1768712657),
('CsTnPdLfz160OFtCICZ6AgpQjkshSorCaEw2jeDV',NULL,'103.4.251.55','Mozilla/5.0 (Macintosh; Intel Mac OS X 10_15_7) AppleWebKit/537.36 (KHTML, like Gecko) Chrome/117.0.0.0 Safari/537.36','YTozOntzOjY6Il90b2tlbiI7czo0MDoiNk5XRFE1WmJRWjFQUmdKZ3FLaFl6QlBBZmZNMDRnVzRrWUZVV2xGNiI7czo5OiJfcHJldmlvdXMiO2E6MTp7czozOiJ1cmwiO3M6Mjg6Imh0dHBzOi8vZWhrYW0uYWJ1a2hhbGlsLnNpdGUiO31zOjY6Il9mbGFzaCI7YToyOntzOjM6Im9sZCI7YTowOnt9czozOiJuZXciO2E6MDp7fX19',1766822576),
('cT4UpX1gBYRO4j16WOVYjIDie9S6J4euO7CJMp9X',NULL,'162.142.125.112','Mozilla/5.0 (compatible; CensysInspect/1.1; +https://about.censys.io/)','YTozOntzOjY6Il90b2tlbiI7czo0MDoiQlFmSTk5T01XRHVxSzJDdGRpb0hRWFlnWGMxNTZkc1VjNUJlU2FQNSI7czo5OiJfcHJldmlvdXMiO2E6MTp7czozOiJ1cmwiO3M6Mjg6Imh0dHBzOi8vMTY0LjkyLjI0NC4xOTIvbG9naW4iO31zOjY6Il9mbGFzaCI7YToyOntzOjM6Im9sZCI7YTowOnt9czozOiJuZXciO2E6MDp7fX19',1768859863),
('Cz7IrSAnZQTKFabtosrflAjenMxFC8KvjRiwMZLe',NULL,'85.217.140.16','Mozilla/5.0 (compatible; ModatScanner/1.2; +https://modat.io/)','YTozOntzOjY6Il90b2tlbiI7czo0MDoiWk9nN2JsSGhwdVR1dVNSOW5XMlp6aWQwa0ZGb1FMWTlMTHdmc2VvayI7czo5OiJfcHJldmlvdXMiO2E6MTp7czozOiJ1cmwiO3M6MjI6Imh0dHBzOi8vMTY0LjkyLjI0NC4xOTIiO31zOjY6Il9mbGFzaCI7YToyOntzOjM6Im9sZCI7YTowOnt9czozOiJuZXciO2E6MDp7fX19',1768104855),
('czTyKUttzM5FSaKHstJO1BaBdtoQy7ksi3cPhLko',NULL,'23.29.156.136','Mozilla/5.0 (Windows NT 10.0; Win64; x64) AppleWebKit/537.36 (KHTML, like Gecko) Chrome/120.0.0.0 Safari/537.36 Edg/120.0.0.0','YTozOntzOjY6Il90b2tlbiI7czo0MDoibXY1TURlaXpzVUlpS3l2dlRrVWE3T1ZSSGtNY2N0eEJYcDlXRzNxSyI7czo5OiJfcHJldmlvdXMiO2E6MTp7czozOiJ1cmwiO3M6MjI6Imh0dHBzOi8vMTY0LjkyLjI0NC4xOTIiO31zOjY6Il9mbGFzaCI7YToyOntzOjM6Im9sZCI7YTowOnt9czozOiJuZXciO2E6MDp7fX19',1767058417),
('CZzfof7kHGmSwPGtxxDJMQeLAnCJX7vXa14J2EMR',NULL,'104.28.192.94','Mozilla/5.0 (Windows NT 10.0; Win64; x64) AppleWebKit/537.36 (KHTML, like Gecko) Chrome/134.0.0.0 Safari/537.36','YTozOntzOjY6Il90b2tlbiI7czo0MDoiY1l3amdWdkxYZFpVdG9CaHVCWGwxZDFBcHFNQTh6ZDdFelpYazBwRiI7czo5OiJfcHJldmlvdXMiO2E6MTp7czozOiJ1cmwiO3M6MjI6Imh0dHBzOi8vYWJ1a2hhbGlsLnNpdGUiO31zOjY6Il9mbGFzaCI7YToyOntzOjM6Im9sZCI7YTowOnt9czozOiJuZXciO2E6MDp7fX19',1766783974),
('d1YqwVO8Lx2qhF18OShNGUrxfjPQ4CRrVFFCiPaS',NULL,'172.235.235.248','','YTozOntzOjY6Il90b2tlbiI7czo0MDoiQ2VremFSWk42THI4a0ZwbkMxZmtYRDdtV1VuWDN2eXIxRGx4clVXTCI7czo5OiJfcHJldmlvdXMiO2E6MTp7czozOiJ1cmwiO3M6Mjg6Imh0dHBzOi8vZWhrYW0uYWJ1a2hhbGlsLnNpdGUiO31zOjY6Il9mbGFzaCI7YToyOntzOjM6Im9sZCI7YTowOnt9czozOiJuZXciO2E6MDp7fX19',1767161110),
('d5nzmtw2gJsCxun3kDy8UCZMGvtycptoGGjL5yt3',NULL,'78.153.140.179','Mozilla/5.0 (Linux; Android 6.0.1; LGL58VL Build/MXB48T) AppleWebKit/537.36 (KHTML, like Gecko) Chrome/52.0.2743.98 Mobile Safari/537.36','YTozOntzOjY6Il90b2tlbiI7czo0MDoiaHFmT0JOeVRtekhmYmVMVE9WTmJvdGpmclVGM1I0V25ZY1pvVW9XTiI7czo5OiJfcHJldmlvdXMiO2E6MTp7czozOiJ1cmwiO3M6MzQ6Imh0dHBzOi8vMTY0LjkyLjI0NC4xOTIvP3BocGluZm89LTEiO31zOjY6Il9mbGFzaCI7YToyOntzOjM6Im9sZCI7YTowOnt9czozOiJuZXciO2E6MDp7fX19',1768265448),
('d5W4nwXTt5szUk0FeeSkSyAgeJhvBKjQTq2IElz1',NULL,'92.63.197.50','Mozilla/5.0 (Windows NT 10.0; Win64; x64) AppleWebKit/537.36 (KHTML, like Gecko) Chrome/140.0.0.0 Safari/537.36','YTozOntzOjY6Il90b2tlbiI7czo0MDoiOXJSb2VyMjBza1ZocUtnTUNKb0s5OXZnY1E4d3BLWUN5OFc3ZFloSyI7czo5OiJfcHJldmlvdXMiO2E6MTp7czozOiJ1cmwiO3M6MjI6Imh0dHBzOi8vMTY0LjkyLjI0NC4xOTIiO31zOjY6Il9mbGFzaCI7YToyOntzOjM6Im9sZCI7YTowOnt9czozOiJuZXciO2E6MDp7fX19',1767748470),
('DA18z2rW2yQOq5xI93b6v9oBUs2PRe85Uu022gLc',NULL,'45.156.128.127','Mozilla/5.0 (Windows NT 10.0; Win64; x64) AppleWebKit/537.36 (KHTML, like Gecko) Chrome/60.0.3112.113 Safari/537.36','YTozOntzOjY6Il90b2tlbiI7czo0MDoid1E4eVpSUDY4ck85akJCZDE4cnl6MG94SGZpWkNQclFxMWMxYTZ4dyI7czo5OiJfcHJldmlvdXMiO2E6MTp7czozOiJ1cmwiO3M6MjI6Imh0dHBzOi8vMTY0LjkyLjI0NC4xOTIiO31zOjY6Il9mbGFzaCI7YToyOntzOjM6Im9sZCI7YTowOnt9czozOiJuZXciO2E6MDp7fX19',1768009701),
('dbOfBMa2Rm0lFKXm3QdSFrg8c7PeaOPqo4NDDsjE',NULL,'47.250.133.132','curl/7.64.1','YTozOntzOjY6Il90b2tlbiI7czo0MDoieGlONXo1Q1RVcHpONWY1aVU5RUhHSWhFWTFrRGxGZTlPVFJQQlc2RSI7czo5OiJfcHJldmlvdXMiO2E6MTp7czozOiJ1cmwiO3M6MjI6Imh0dHBzOi8vMTY0LjkyLjI0NC4xOTIiO31zOjY6Il9mbGFzaCI7YToyOntzOjM6Im9sZCI7YTowOnt9czozOiJuZXciO2E6MDp7fX19',1767257793),
('dCO9WHEUrRtzxwhkBDAdylvScQ62TFS697Lq84WW',NULL,'101.249.63.201','Mozilla/5.0 (Windows NT 6.1) AppleWebKit/537.36 (KHTML, like Gecko) Chrome/49.0.2623.112 Safari/537.36','YTozOntzOjY6Il90b2tlbiI7czo0MDoiM2kxZktFc0syWEpteDg5VzNIc2dkeDR6OExEMFpjdUdEaUtPZHFCaSI7czo5OiJfcHJldmlvdXMiO2E6MTp7czozOiJ1cmwiO3M6MjI6Imh0dHBzOi8vMTY0LjkyLjI0NC4xOTIiO31zOjY6Il9mbGFzaCI7YToyOntzOjM6Im9sZCI7YTowOnt9czozOiJuZXciO2E6MDp7fX19',1767831573),
('dcyVQm9HSwzkWGjcNBTFVW1oUURO6joJg88Uwr3A',NULL,'5.189.130.33','Mozilla/5.0 (Macintosh; Intel Mac OS X 15_5_7; es) AppleWebKit/605.1.15 (KHTML, like Gecko) Version/17.0.7 Safari/605.1.15','YTozOntzOjY6Il90b2tlbiI7czo0MDoiWktrU2NXOE5oQlRIeHM4QkpXWlplNmwzaDZTWDRkZUFGUEdPaXpmQyI7czo5OiJfcHJldmlvdXMiO2E6MTp7czozOiJ1cmwiO3M6MjI6Imh0dHBzOi8vMTY0LjkyLjI0NC4xOTIiO31zOjY6Il9mbGFzaCI7YToyOntzOjM6Im9sZCI7YTowOnt9czozOiJuZXciO2E6MDp7fX19',1768590410),
('dd7CW9pO58rU8Zc2PoQyToNmNqQi8nxfrAlICjyS',NULL,'216.73.216.173','Mozilla/5.0 AppleWebKit/537.36 (KHTML, like Gecko; compatible; ClaudeBot/1.0; +claudebot@anthropic.com)','YTozOntzOjY6Il90b2tlbiI7czo0MDoiWGd0QWV1WFZpMGQ5MWVWQmhSODZkWElpbmpVd3IyTnpCUTBlc0ZMTiI7czo5OiJfcHJldmlvdXMiO2E6MTp7czozOiJ1cmwiO3M6MzQ6Imh0dHBzOi8vZWhrYW0uYWJ1a2hhbGlsLnNpdGUvbG9naW4iO31zOjY6Il9mbGFzaCI7YToyOntzOjM6Im9sZCI7YTowOnt9czozOiJuZXciO2E6MDp7fX19',1766799300),
('DDaKZ6K8jn85Ri9xYcnRbPrtnsXpVdP7jPuckLNO',NULL,'199.45.155.99','Mozilla/5.0 (compatible; CensysInspect/1.1; +https://about.censys.io/)','YTozOntzOjY6Il90b2tlbiI7czo0MDoiWDZqaXVUZ3FOWmpXS2hGQlUzdXhXUURkZ3F4cERrb2Y3NlJpVnFNWSI7czo5OiJfcHJldmlvdXMiO2E6MTp7czozOiJ1cmwiO3M6MjI6Imh0dHBzOi8vMTY0LjkyLjI0NC4xOTIiO31zOjY6Il9mbGFzaCI7YToyOntzOjM6Im9sZCI7YTowOnt9czozOiJuZXciO2E6MDp7fX19',1766954855),
('DdwYZRVhg3HInd4SCO1lH4ekmmZPc34RzV8coxNt',NULL,'5.189.130.33','Mozilla/5.0 (Macintosh; Intel Mac OS X 10.15; rv:125.0) Gecko/20100101 Firefox/125.0','YTozOntzOjY6Il90b2tlbiI7czo0MDoiRW11T0VvNmdNb3ZDY2FpSFpreHlSV3NNcFFld0pYRTVHNHU2M2p6aSI7czo5OiJfcHJldmlvdXMiO2E6MTp7czozOiJ1cmwiO3M6MjI6Imh0dHBzOi8vMTY0LjkyLjI0NC4xOTIiO31zOjY6Il9mbGFzaCI7YToyOntzOjM6Im9sZCI7YTowOnt9czozOiJuZXciO2E6MDp7fX19',1768648864),
('deZ1r8cVPNoxMoh0xUXh91h9TLopwGGjkcGiRpbA',NULL,'135.237.126.12','Mozilla/5.0 zgrab/0.x','YTozOntzOjY6Il90b2tlbiI7czo0MDoiODI2ZENaUXlwWGV5aHN3bDBqa0FrYXNUM29naWpLU1VVeXo5bGRkdSI7czo5OiJfcHJldmlvdXMiO2E6MTp7czozOiJ1cmwiO3M6MjI6Imh0dHBzOi8vMTY0LjkyLjI0NC4xOTIiO31zOjY6Il9mbGFzaCI7YToyOntzOjM6Im9sZCI7YTowOnt9czozOiJuZXciO2E6MDp7fX19',1768032204),
('dFEH5qs9uCOKgVTbuIF0aS5ng2t3Cip4WXGwKpNU',NULL,'79.124.40.174','Mozilla/5.0 (Windows NT 10.0; Win64; x64) AppleWebKit/537.36 (KHTML, like Gecko) Chrome/78.0.3904.108 Safari/537.36','YTozOntzOjY6Il90b2tlbiI7czo0MDoicTJrWjBzTE5KOVlNSFJxelJtVWNBTjNVc3M5aXJEMEdFdzlhczRkRSI7czo5OiJfcHJldmlvdXMiO2E6MTp7czozOiJ1cmwiO3M6NTM6Imh0dHBzOi8vMTY0LjkyLjI0NC4xOTIvP1hERUJVR19TRVNTSU9OX1NUQVJUPXBocHN0b3JtIjt9czo2OiJfZmxhc2giO2E6Mjp7czozOiJvbGQiO2E6MDp7fXM6MzoibmV3IjthOjA6e319fQ==',1768431932),
('dFtJdUuzMFLQPIO58LDouU38VdHDJvd44inCcX0W',NULL,'34.14.51.112','Mozilla/5.0 (compatible; CMS-Checker/1.0; +https://example.com)','YTozOntzOjY6Il90b2tlbiI7czo0MDoic0pXQXRaOUUzT1JoeWlvZGp4ZlFnUzNURXB4MmlmSkkwTVhDSGd1VCI7czo5OiJfcHJldmlvdXMiO2E6MTp7czozOiJ1cmwiO3M6Mjg6Imh0dHBzOi8vZWhrYW0uYWJ1a2hhbGlsLnNpdGUiO31zOjY6Il9mbGFzaCI7YToyOntzOjM6Im9sZCI7YTowOnt9czozOiJuZXciO2E6MDp7fX19',1767375823),
('dhpuCWyP4p5mLIZ2pyCh0QhX3jCpeEGV89fBvQZA',NULL,'107.172.195.178','Mozilla/5.0 (X11; Linux x86_64) AppleWebKit/537.36 (KHTML, like Gecko) Chrome/117.0.0.0 Safari/537.36','YTozOntzOjY6Il90b2tlbiI7czo0MDoiUjBqT2pMVkFEc2JOemtWZGZST29WRDc4dHR6M013S25CVXpRRGNqSCI7czo5OiJfcHJldmlvdXMiO2E6MTp7czozOiJ1cmwiO3M6Mjg6Imh0dHBzOi8vZWhrYW0uYWJ1a2hhbGlsLnNpdGUiO31zOjY6Il9mbGFzaCI7YToyOntzOjM6Im9sZCI7YTowOnt9czozOiJuZXciO2E6MDp7fX19',1766849561),
('diCYprw9fNr5aHGqUliixEOsQpwsELHXyappbsqn',NULL,'23.27.145.160','Mozilla/5.0 (Macintosh; Intel Mac OS X 10_15_7) AppleWebKit/537.36 (KHTML, like Gecko) Chrome/119.0.0.0 Safari/537.36','YTozOntzOjY6Il90b2tlbiI7czo0MDoiRkxNRnVrNFdNTWZXbkFmcHB2WHBINXlXSGQ0SGkwa0c1QlpJOHoyVSI7czo5OiJfcHJldmlvdXMiO2E6MTp7czozOiJ1cmwiO3M6Mjg6Imh0dHBzOi8vZWhrYW0uYWJ1a2hhbGlsLnNpdGUiO31zOjY6Il9mbGFzaCI7YToyOntzOjM6Im9sZCI7YTowOnt9czozOiJuZXciO2E6MDp7fX19',1766794050),
('DixCsEO915SsruA7mM6w8FIpwouS8hwFPEMvkuH0',NULL,'34.147.0.108','Mozilla/5.0 (compatible; CMS-Checker/1.0; +https://example.com)','YTozOntzOjY6Il90b2tlbiI7czo0MDoiMW9WbVVZZXM2UnBBNHNheVpveTRzQXNuMkpURndWdHZsalVzeGpZNiI7czo5OiJfcHJldmlvdXMiO2E6MTp7czozOiJ1cmwiO3M6Mjc6Imh0dHBzOi8vZWhrYW0uYWJ1a2hhbGlsLmFwcCI7fXM6NjoiX2ZsYXNoIjthOjI6e3M6Mzoib2xkIjthOjA6e31zOjM6Im5ldyI7YTowOnt9fX0=',1766764612),
('dJ2DNN06sZejnnxUMczFMf6zIqmZHd7K59332jdp',NULL,'162.216.150.177','Hello from Palo Alto Networks, find out more about our scans in https://docs-cortex.paloaltonetworks.com/r/1/Cortex-Xpanse/Scanning-activity','YTozOntzOjY6Il90b2tlbiI7czo0MDoiRFJoUmtrZ3RZd0M5Um9JRXJaNDI1V0dCUmVWZjFrRTFFU1JnTnJ4VSI7czo5OiJfcHJldmlvdXMiO2E6MTp7czozOiJ1cmwiO3M6MjI6Imh0dHBzOi8vMTY0LjkyLjI0NC4xOTIiO31zOjY6Il9mbGFzaCI7YToyOntzOjM6Im9sZCI7YTowOnt9czozOiJuZXciO2E6MDp7fX19',1767056329),
('DjYy5x1COdwyTb11RDcb6aY4iv93DRHArF2H0S34',NULL,'43.159.144.16','Mozilla/5.0 (iPhone; CPU iPhone OS 13_2_3 like Mac OS X) AppleWebKit/605.1.15 (KHTML, like Gecko) Version/13.0.3 Mobile/15E148 Safari/604.1','YTozOntzOjY6Il90b2tlbiI7czo0MDoiVXlXTEk2UUs1eFAxWVppQUk4a0g1c2F4SjlFVnRIbHozcmZoNnJKQSI7czo5OiJfcHJldmlvdXMiO2E6MTp7czozOiJ1cmwiO3M6NTE6Imh0dHBzOi8vMTY0LjkyLjI0NC4xOTIvd29ya3Nob3dfYXR0ZW5kYW5jZV9yZWdpc3RlciI7fXM6NjoiX2ZsYXNoIjthOjI6e3M6Mzoib2xkIjthOjA6e31zOjM6Im5ldyI7YTowOnt9fX0=',1767005141),
('DKkZmBJM3htBmTM0ESrND3Q1akWZlrbeze72SDkO',NULL,'3.143.33.63','cypex.ai/scanning Mozilla/5.0 (Macintosh; Intel Mac OS X 10_15_7) Chrome/126.0.0.0 Safari/537.36','YTozOntzOjY6Il90b2tlbiI7czo0MDoiTFEyVEtzbnZMQVQ3MkZhWWJZZ2RLVk04M0tRQmpOOE02bFo1RjB5bSI7czo5OiJfcHJldmlvdXMiO2E6MTp7czozOiJ1cmwiO3M6MjI6Imh0dHBzOi8vMTY0LjkyLjI0NC4xOTIiO31zOjY6Il9mbGFzaCI7YToyOntzOjM6Im9sZCI7YTowOnt9czozOiJuZXciO2E6MDp7fX19',1768358775),
('dmfeDHpjsHNKp9dFL2nM4kCxM3lRhGMomUnsS9Po',NULL,'147.185.132.105','Hello from Palo Alto Networks, find out more about our scans in https://docs-cortex.paloaltonetworks.com/r/1/Cortex-Xpanse/Scanning-activity','YTozOntzOjY6Il90b2tlbiI7czo0MDoibXlucWU5UmQ1TEI2OG14Y2d5TjVRVVd3QnAxWXplSWFpUmR5dk13SiI7czo5OiJfcHJldmlvdXMiO2E6MTp7czozOiJ1cmwiO3M6MjI6Imh0dHBzOi8vMTY0LjkyLjI0NC4xOTIiO31zOjY6Il9mbGFzaCI7YToyOntzOjM6Im9sZCI7YTowOnt9czozOiJuZXciO2E6MDp7fX19',1767660939),
('dNOH4YhvExd0ca8Um8MdVy38VNyxU4HfbSAsc0Ej',NULL,'167.71.188.164','Mozilla/4.0 (compatible; MSIE 9.0; Windows NT 10.0; .NET4.0C; .NET4.0E; .NET CLR 2.0.50727; .NET CLR 3.0.30729; .NET CLR 3.5.30729)','YTozOntzOjY6Il90b2tlbiI7czo0MDoia1RvZUxPZEhBNDdNNVN5Rkk0V3dzaU5BZVowMTduWGdUeVY2bk9hMyI7czo5OiJfcHJldmlvdXMiO2E6MTp7czozOiJ1cmwiO3M6MjI6Imh0dHBzOi8vMTY0LjkyLjI0NC4xOTIiO31zOjY6Il9mbGFzaCI7YToyOntzOjM6Im9sZCI7YTowOnt9czozOiJuZXciO2E6MDp7fX19',1767231009),
('Do4ujiEXvroCVRTw9qcfMWATMeafnDdvNj67w5Xa',NULL,'59.173.110.0','Mozilla/5.0 (Windows NT 6.1) AppleWebKit/537.36 (KHTML, like Gecko) Chrome/49.0.2623.112 Safari/537.36','YTozOntzOjY6Il90b2tlbiI7czo0MDoiTUZXQjZoc3NDOWZUMzBsYk9JQWhSdGpoVXpLbHRvSThQM1NGSUx6ciI7czo5OiJfcHJldmlvdXMiO2E6MTp7czozOiJ1cmwiO3M6Mjg6Imh0dHBzOi8vZWhrYW0uYWJ1a2hhbGlsLnNpdGUiO31zOjY6Il9mbGFzaCI7YToyOntzOjM6Im9sZCI7YTowOnt9czozOiJuZXciO2E6MDp7fX19',1767831774),
('dOeCe7icBlPZIUUXtKiQqhY8x496AJL0aKfgRoxT',NULL,'37.40.151.34','WhatsApp/2.23.20.0','YTozOntzOjY6Il90b2tlbiI7czo0MDoiWkh2QXVDV3ZKd0k4c2haSVJsTTVkMGtrSnBMd1NaMFZCSjhoREhqNyI7czo5OiJfcHJldmlvdXMiO2E6MTp7czozOiJ1cmwiO3M6NzI6Imh0dHBzOi8vZWhrYW0uYWJ1a2hhbGlsLnNpdGUvc3dvdC9ib2FyZC8wbXhGaVlrM25ETUszZEVSblN2TEQ2SzZ0UG9wMFdRUSI7fXM6NjoiX2ZsYXNoIjthOjI6e3M6Mzoib2xkIjthOjA6e31zOjM6Im5ldyI7YTowOnt9fX0=',1767594868),
('DomHOJtzWHiNAB6tAjBAJZLsjgRqSfe2Nt0B0f5F',NULL,'65.49.1.213','Mozilla/5.0 (Macintosh; Intel Mac OS X 10_15_7) AppleWebKit/537.36 (KHTML, like Gecko) Chrome/109.0.0.0 Safari/537.36','YTozOntzOjY6Il90b2tlbiI7czo0MDoidHg2YnhINEQ0MjNDVVFMTVkzOEFKU2RBRThzVU9lQ2tkVDc5eE9UbSI7czo5OiJfcHJldmlvdXMiO2E6MTp7czozOiJ1cmwiO3M6MjI6Imh0dHBzOi8vMTY0LjkyLjI0NC4xOTIiO31zOjY6Il9mbGFzaCI7YToyOntzOjM6Im9sZCI7YTowOnt9czozOiJuZXciO2E6MDp7fX19',1768636092),
('DorxjpQCDcSssRaxoxF6WxCUMhQx28ZosOuEWPUg',NULL,'34.89.177.85','Mozilla/5.0 (iPhone; CPU iPhone OS 18_1_1 like Mac OS X) AppleWebKit/605.1.15 (KHTML, like Gecko) Version/18.1.1 Mobile/15E148 Safari/604.1','YToyOntzOjY6Il90b2tlbiI7czo0MDoidWY5a1FzRnFyTTQxY3g0MzE3T09mb3g2WWQ3MGh4QkVwV0VMaDVqMSI7czo2OiJfZmxhc2giO2E6Mjp7czozOiJvbGQiO2E6MDp7fXM6MzoibmV3IjthOjA6e319fQ==',1766913403),
('DpYgrwq6x3I0EN1xVEJhIE9EQredIL8ObcLEixNu',NULL,'206.168.34.37','Mozilla/5.0 (compatible; CensysInspect/1.1; +https://about.censys.io/)','YTozOntzOjY6Il90b2tlbiI7czo0MDoiSGF4ZWc4ZmN1U1JMTjZxeHBpejFxaW5wOEFVemw4ZFozRWs5Zm1xSSI7czo5OiJfcHJldmlvdXMiO2E6MTp7czozOiJ1cmwiO3M6MjI6Imh0dHBzOi8vMTY0LjkyLjI0NC4xOTIiO31zOjY6Il9mbGFzaCI7YToyOntzOjM6Im9sZCI7YTowOnt9czozOiJuZXciO2E6MDp7fX19',1766791410),
('Dq49cKeN7fTsclvjzIErmNXMIs7fuKwtYv3xVK8G',NULL,'165.227.139.38','','YTozOntzOjY6Il90b2tlbiI7czo0MDoid2diQzNUS0NPQVlidGpuaGxVRXM5RDZZNFBzVG5lUTN3QnNOUEg4NiI7czo5OiJfcHJldmlvdXMiO2E6MTp7czozOiJ1cmwiO3M6Mjg6Imh0dHBzOi8vZWhrYW0uYWJ1a2hhbGlsLnNpdGUiO31zOjY6Il9mbGFzaCI7YToyOntzOjM6Im9sZCI7YTowOnt9czozOiJuZXciO2E6MDp7fX19',1767226104),
('DQ6TUkYM9CVutVjdXJJlub2tQCV6yC93UMvtIpHK',NULL,'84.254.106.197','Mozilla/5.0 (Linux; Android 6.0; Nexus 5 Build/MRA58N) AppleWebKit/537.36 (KHTML, like Gecko) Chrome/130.0.0.0 Mobile Safari/537.36','YTozOntzOjY6Il90b2tlbiI7czo0MDoiUHhzcGNiUDRrbzVVamFPZEVMNDJKUENKeUxvRkRucUI2dkRIWk5zRSI7czo5OiJfcHJldmlvdXMiO2E6MTp7czozOiJ1cmwiO3M6Mjg6Imh0dHBzOi8vZWhrYW0uYWJ1a2hhbGlsLnNpdGUiO31zOjY6Il9mbGFzaCI7YToyOntzOjM6Im9sZCI7YTowOnt9czozOiJuZXciO2E6MDp7fX19',1767389390),
('DqFCNuvsY4G77ZF2j7yJu4FolAIPvF7ZrMdxowoI',NULL,'219.65.47.218','Mozilla/5.0 (Windows NT 10.0; Win64; x64; rv:121.0) Gecko/20100101 Firefox/121.0','YTozOntzOjY6Il90b2tlbiI7czo0MDoicUxld21xdm13NzNGUElDOGt2YTRPUUd0bDd0UzVRSWFzZ2I1YVR2byI7czo5OiJfcHJldmlvdXMiO2E6MTp7czozOiJ1cmwiO3M6MjI6Imh0dHBzOi8vMTY0LjkyLjI0NC4xOTIiO31zOjY6Il9mbGFzaCI7YToyOntzOjM6Im9sZCI7YTowOnt9czozOiJuZXciO2E6MDp7fX19',1767760685),
('dTnJYeXTQIWBCykNFgi84mdGsPZWwAw3BcGSnFQW',NULL,'34.91.65.13','Scrapy/2.13.4 (+https://scrapy.org)','YTozOntzOjY6Il90b2tlbiI7czo0MDoiUkpvU0oyOVdhTlI1MjYwTXBObnJ0bERGWXlQYlpmZ0RmeFFkSVRSdCI7czo5OiJfcHJldmlvdXMiO2E6MTp7czozOiJ1cmwiO3M6Mjg6Imh0dHBzOi8vZWhrYW0uYWJ1a2hhbGlsLnNpdGUiO31zOjY6Il9mbGFzaCI7YToyOntzOjM6Im9sZCI7YTowOnt9czozOiJuZXciO2E6MDp7fX19',1766977995),
('DvJ4Bt8vOKi8CtZvPNheE7sB7Ag7waPQaQUjkUsD',NULL,'169.44.144.133','Mozilla/5.0 (Windows NT 6.1; WOW64; rv:41.0) Gecko/20100101 Firefox/41.0','YTozOntzOjY6Il90b2tlbiI7czo0MDoiUDNPWWpJTlMyUzkyMDFVN1VSWHo4ZkdKd25uMVRIVldwYWczRG16bSI7czo5OiJfcHJldmlvdXMiO2E6MTp7czozOiJ1cmwiO3M6Mjg6Imh0dHBzOi8vZWhrYW0uYWJ1a2hhbGlsLnNpdGUiO31zOjY6Il9mbGFzaCI7YToyOntzOjM6Im9sZCI7YTowOnt9czozOiJuZXciO2E6MDp7fX19',1768801183),
('Dz3bcCEc1SvtvIXMm72HJQOyGzMMyo09brOvJvNg',NULL,'89.248.171.23','Mozilla/5.0 (Windows NT 10.0; Win64; x64) AppleWebKit/537.36 (KHTML, like Gecko) Chrome/104.0.0.0 Safari/537.36','YTozOntzOjY6Il90b2tlbiI7czo0MDoibXNqV1pSTEZiN212YjZ6VHU5cktqczQ0RjZDMHRjdW1CS1c1dWZPTCI7czo5OiJfcHJldmlvdXMiO2E6MTp7czozOiJ1cmwiO3M6MjI6Imh0dHBzOi8vMTY0LjkyLjI0NC4xOTIiO31zOjY6Il9mbGFzaCI7YToyOntzOjM6Im9sZCI7YTowOnt9czozOiJuZXciO2E6MDp7fX19',1768411363),
('e1D1Uj1Q6QvXAyE6B3D4ujKY3injUrp7gCS3aVq0',NULL,'130.12.180.19','Mozilla/5.0 (X11; Linux x86_64; rv:140.0) Gecko/20100101 Firefox/140.0','YTozOntzOjY6Il90b2tlbiI7czo0MDoiQkJFWENwb1E5R3ZQREhGRE42TmhUMDg5QmgxeTVzTEZVSHZ2cFN3cCI7czo5OiJfcHJldmlvdXMiO2E6MTp7czozOiJ1cmwiO3M6MjI6Imh0dHBzOi8vMTY0LjkyLjI0NC4xOTIiO31zOjY6Il9mbGFzaCI7YToyOntzOjM6Im9sZCI7YTowOnt9czozOiJuZXciO2E6MDp7fX19',1768328806),
('e31txSDuS1dKzZwfoFlq6dB1BtySKA4BwF0rMKMS',NULL,'172.235.168.35','Mozilla/5.0 (iPhone; CPU iPhone OS 18_3 like Mac OS X) AppleWebKit/605.1.15 (KHTML','YTozOntzOjY6Il90b2tlbiI7czo0MDoiWkhmUjBLaFJoNzZQR2VLb3FIc21HbEVFdlZqUkozNk1PV1NubTdoSSI7czo5OiJfcHJldmlvdXMiO2E6MTp7czozOiJ1cmwiO3M6Mzc6Imh0dHBzOi8vMTY0LjkyLjI0NC4xOTIvbG9naW4/bmV4dD0lMkYiO31zOjY6Il9mbGFzaCI7YToyOntzOjM6Im9sZCI7YTowOnt9czozOiJuZXciO2E6MDp7fX19',1767355976),
('E5U9fYYtEfSxzmtfdzsngqs20CvOfwiieJorkKph',NULL,'185.226.196.28','Mozilla/5.0 (Windows NT 10.0; Win64; x64) AppleWebKit/537.36 (KHTML, like Gecko) Chrome/60.0.3112.113 Safari/537.36','YTozOntzOjY6Il90b2tlbiI7czo0MDoicUdxN1VjZnBnWlRWTHViU05yN2taMmhyQXlmaFMxRDN5M1ZzTVlRbiI7czo5OiJfcHJldmlvdXMiO2E6MTp7czozOiJ1cmwiO3M6MjI6Imh0dHBzOi8vMTY0LjkyLjI0NC4xOTIiO31zOjY6Il9mbGFzaCI7YToyOntzOjM6Im9sZCI7YTowOnt9czozOiJuZXciO2E6MDp7fX19',1766852622),
('E5YhyKuVBoU39JCSOr6ePQ91xrOHkBWIH7RFmtwE',NULL,'64.62.197.89','Mozilla/5.0 (Windows NT 10.0; Win64; x64; rv:108.0) Gecko/20100101 Firefox/108.0','YTozOntzOjY6Il90b2tlbiI7czo0MDoiOVB5d283cVZOOTluZGZnSTFWY21IVDE4V2pxWEtmam9iYVo0eU50ZiI7czo5OiJfcHJldmlvdXMiO2E6MTp7czozOiJ1cmwiO3M6MjI6Imh0dHBzOi8vMTY0LjkyLjI0NC4xOTIiO31zOjY6Il9mbGFzaCI7YToyOntzOjM6Im9sZCI7YTowOnt9czozOiJuZXciO2E6MDp7fX19',1767941358),
('E6VNHxCgPguzspSsJgGlKUR02D7srCEHOfLEwiIM',NULL,'171.37.93.206','Mozilla/5.0 (Windows NT 6.1) AppleWebKit/537.36 (KHTML, like Gecko) Chrome/49.0.2623.112 Safari/537.36','YTozOntzOjY6Il90b2tlbiI7czo0MDoiOFhhejY3eWxwRlBxZ2I4V0M0b1JZelZNQ1dyVExBS29lNGlEMmlLUiI7czo5OiJfcHJldmlvdXMiO2E6MTp7czozOiJ1cmwiO3M6Mjg6Imh0dHBzOi8vZWhrYW0uYWJ1a2hhbGlsLnNpdGUiO31zOjY6Il9mbGFzaCI7YToyOntzOjM6Im9sZCI7YTowOnt9czozOiJuZXciO2E6MDp7fX19',1767831753),
('e73TZouqYkXR73Nba2GqmyxMYpzb0Kewke9Xd5YI',NULL,'102.69.167.14','Mozilla/5.0 (Macintosh; Intel Mac OS X 10_15_7) AppleWebKit/605.1.15 (KHTML, like Gecko) Version/17.2 Safari/605.1.15','YTozOntzOjY6Il90b2tlbiI7czo0MDoib29iNUVDSElHZDc4dzRObDdBUWZDSHU3bXVTN0NGRnlhWVEwR0JidiI7czo5OiJfcHJldmlvdXMiO2E6MTp7czozOiJ1cmwiO3M6MjI6Imh0dHBzOi8vMTY0LjkyLjI0NC4xOTIiO31zOjY6Il9mbGFzaCI7YToyOntzOjM6Im9sZCI7YTowOnt9czozOiJuZXciO2E6MDp7fX19',1767263642),
('E7DB0YfJ15lCv2UmTLUs5csBQhWU1f71M30puVX0',NULL,'18.133.181.62','Mozilla/5.0 (Windows NT 10.0; Win64; x64) Chrome/91.0.4472.124','YTozOntzOjY6Il90b2tlbiI7czo0MDoiSG1GdDRuOHdOUDg3eE9mcUdtYzFOTmZDNzVQZ3UzTGh0MHhoeEI3TSI7czo5OiJfcHJldmlvdXMiO2E6MTp7czozOiJ1cmwiO3M6Mjg6Imh0dHBzOi8vZWhrYW0uYWJ1a2hhbGlsLnNpdGUiO31zOjY6Il9mbGFzaCI7YToyOntzOjM6Im9sZCI7YTowOnt9czozOiJuZXciO2E6MDp7fX19',1767973835),
('e8PgfPiptaiCHyhZkMX32godRhCZTWlTjAefNAJu',NULL,'45.148.10.87','Mozilla/5.0','YTozOntzOjY6Il90b2tlbiI7czo0MDoiVFZCTWdIOGdwdXJLeEE2M2VUNUxIaU1kYTRReTBBbHE3bXNETWpPQSI7czo5OiJfcHJldmlvdXMiO2E6MTp7czozOiJ1cmwiO3M6Mjg6Imh0dHBzOi8vZWhrYW0uYWJ1a2hhbGlsLnNpdGUiO31zOjY6Il9mbGFzaCI7YToyOntzOjM6Im9sZCI7YTowOnt9czozOiJuZXciO2E6MDp7fX19',1767218188),
('eA0Ziyvx3ytRKFjEtVN2f63W57RbpvM1icAS7wLK',NULL,'92.63.197.50','Mozilla/5.0 (Windows NT 10.0; Win64; x64) AppleWebKit/537.36 (KHTML, like Gecko) Chrome/140.0.0.0 Safari/537.36','YTozOntzOjY6Il90b2tlbiI7czo0MDoiTGdTalZQS2tuT3VadUdvV2pCUzFXc3U5U0tkYXNIVEtkZUt1UDdiOSI7czo5OiJfcHJldmlvdXMiO2E6MTp7czozOiJ1cmwiO3M6MjI6Imh0dHBzOi8vMTY0LjkyLjI0NC4xOTIiO31zOjY6Il9mbGFzaCI7YToyOntzOjM6Im9sZCI7YTowOnt9czozOiJuZXciO2E6MDp7fX19',1768362633),
('EdAYYc0f99AGnE4nvk1A7ncU2BUtBeXkLTHHXdUm',NULL,'35.216.156.249','Mozilla/5.0','YTozOntzOjY6Il90b2tlbiI7czo0MDoiQ1NkdXBhMDBLaEV0M3BQSENyVFF6Z0paclJnUmFWN0NTT1VOaVl3QyI7czo5OiJfcHJldmlvdXMiO2E6MTp7czozOiJ1cmwiO3M6MjI6Imh0dHBzOi8vMTY0LjkyLjI0NC4xOTIiO31zOjY6Il9mbGFzaCI7YToyOntzOjM6Im9sZCI7YTowOnt9czozOiJuZXciO2E6MDp7fX19',1766952860),
('EhKUyaNfs7sK0SioiUTR8jCzgTLDq7q9dTPWznlY',NULL,'209.38.211.94','Mozilla/5.0 (X11; Linux x86_64) AppleWebKit/537.36 (KHTML, like Gecko) Chrome/142.0.0.0 Safari/537.36','YTozOntzOjY6Il90b2tlbiI7czo0MDoiQmEzR0NZTzBCNXg5WkRINHVkMjhYeXFRUjFzdGdKWnhwVTFRSGx2QiI7czo5OiJfcHJldmlvdXMiO2E6MTp7czozOiJ1cmwiO3M6MjI6Imh0dHBzOi8vMTY0LjkyLjI0NC4xOTIiO31zOjY6Il9mbGFzaCI7YToyOntzOjM6Im9sZCI7YTowOnt9czozOiJuZXciO2E6MDp7fX19',1768725317),
('EIC76b3IIzYBiGuAeA46jsgyhAwxzUJXsZz3BTua',NULL,'3.238.50.97','Mozilla/5.0 (X11; Linux x86_64) AppleWebKit/537.36 (KHTML, like Gecko) HeadlessChrome/138.0.7204.23 Safari/537.36','YTozOntzOjY6Il90b2tlbiI7czo0MDoib1F3NTZlWmJrT1k3Z29KbW1ianJLWTFYVnBjWjVRRTAzUW1VdnA5VyI7czo5OiJfcHJldmlvdXMiO2E6MTp7czozOiJ1cmwiO3M6MjI6Imh0dHBzOi8vYWJ1a2hhbGlsLnNpdGUiO31zOjY6Il9mbGFzaCI7YToyOntzOjM6Im9sZCI7YTowOnt9czozOiJuZXciO2E6MDp7fX19',1766834949),
('EIibgVaprKiXCxTTIppb3W2QBWShnm4WVA9wPPbL',NULL,'154.81.15.232','','YTozOntzOjY6Il90b2tlbiI7czo0MDoiZnduNmxGV1VWUXJBcVVIdmJPUVZQd24xR0lWUTBIQXlSSzlkdXFGZiI7czo5OiJfcHJldmlvdXMiO2E6MTp7czozOiJ1cmwiO3M6MjI6Imh0dHBzOi8vMTY0LjkyLjI0NC4xOTIiO31zOjY6Il9mbGFzaCI7YToyOntzOjM6Im9sZCI7YTowOnt9czozOiJuZXciO2E6MDp7fX19',1766852080),
('EjzqWvXWjGjtY8oPxGm7dy78yA3guwSKpFoRJNcX',NULL,'124.227.31.37','Mozilla/5.0 (Windows NT 6.1) AppleWebKit/537.36 (KHTML, like Gecko) Chrome/49.0.2623.112 Safari/537.36','YTozOntzOjY6Il90b2tlbiI7czo0MDoibzJmNUtQcmNacjVjT2t0YnhMbmY3ZzBTVVRVaDNsaloxbmlRU0hRNiI7czo5OiJfcHJldmlvdXMiO2E6MTp7czozOiJ1cmwiO3M6MjI6Imh0dHBzOi8vMTY0LjkyLjI0NC4xOTIiO31zOjY6Il9mbGFzaCI7YToyOntzOjM6Im9sZCI7YTowOnt9czozOiJuZXciO2E6MDp7fX19',1767832114),
('Eko0Q5bFKmQCT2qsJBfk8GIGQ7INTZVQPEDzAFKh',NULL,'216.180.246.136','\'Mozilla/5.0 (compatible; GenomeCrawlerd/1.0; +https://www.nokia.com/genomecrawler)\'','YTozOntzOjY6Il90b2tlbiI7czo0MDoiaFBFUFhma1VSREJsRzNTT2ZXOHVqd3lLUHlYRnpFeTRmNjNZU1gwcyI7czo5OiJfcHJldmlvdXMiO2E6MTp7czozOiJ1cmwiO3M6MjI6Imh0dHBzOi8vMTY0LjkyLjI0NC4xOTIiO31zOjY6Il9mbGFzaCI7YToyOntzOjM6Im9sZCI7YTowOnt9czozOiJuZXciO2E6MDp7fX19',1767828337),
('El6kI6ZejLxDZBAtKFRQZXPSK47Ymhsyuok3vGN0',NULL,'66.240.192.82','Mozilla/5.0 zgrab/0.x','YTozOntzOjY6Il90b2tlbiI7czo0MDoiQXhJN1d5ekVPNFhPR1pqTjU0TmMweWJNZGpETmhqWlNjaGNEbklNeiI7czo5OiJfcHJldmlvdXMiO2E6MTp7czozOiJ1cmwiO3M6MjI6Imh0dHBzOi8vMTY0LjkyLjI0NC4xOTIiO31zOjY6Il9mbGFzaCI7YToyOntzOjM6Im9sZCI7YTowOnt9czozOiJuZXciO2E6MDp7fX19',1768414028),
('eLdtPu9z4h4ZVls0Fc99I9uLnibRBpR1xMnC4DGl',NULL,'130.12.180.19','Mozilla/5.0 (X11; Linux x86_64; rv:140.0) Gecko/20100101 Firefox/140.0','YTozOntzOjY6Il90b2tlbiI7czo0MDoiVXdZdUJnN3FpblpPa094ODNIbk96TnRXbVhnVkk2Zm1FMUNSQW0wWCI7czo5OiJfcHJldmlvdXMiO2E6MTp7czozOiJ1cmwiO3M6MjI6Imh0dHBzOi8vMTY0LjkyLjI0NC4xOTIiO31zOjY6Il9mbGFzaCI7YToyOntzOjM6Im9sZCI7YTowOnt9czozOiJuZXciO2E6MDp7fX19',1768378901),
('elmJGL01LYpX0K1milEITtNNi8q3oNbLndsVebBV',NULL,'205.169.39.5','Mozilla/5.0 (Windows NT 10.0; Win64; x64) AppleWebKit/537.36 (KHTML, like Gecko) Chrome/117.0.5938.132 Safari/537.36','YTozOntzOjY6Il90b2tlbiI7czo0MDoiakxDYWllbGZtdk02SEF4Vlc1cGVBdlc5eE5iaWtaUXJBTW9xWWFxTyI7czo5OiJfcHJldmlvdXMiO2E6MTp7czozOiJ1cmwiO3M6Mjg6Imh0dHBzOi8vZWhrYW0uYWJ1a2hhbGlsLnNpdGUiO31zOjY6Il9mbGFzaCI7YToyOntzOjM6Im9sZCI7YTowOnt9czozOiJuZXciO2E6MDp7fX19',1766783949),
('eQ4gOTj5CTNhp5g8jKFeohv6wbWkKtnS5DQv5HaH',NULL,'87.236.176.59','Mozilla/5.0 (compatible; InternetMeasurement/1.0; +https://internet-measurement.com/)','YTozOntzOjY6Il90b2tlbiI7czo0MDoiMlc3V1Z6YkRBZkJpMkFyY09KQzhFZ2hRQkI4eU5ZckRnN3VMN2ZvSCI7czo5OiJfcHJldmlvdXMiO2E6MTp7czozOiJ1cmwiO3M6Mjg6Imh0dHBzOi8vZWhrYW0uYWJ1a2hhbGlsLnNpdGUiO31zOjY6Il9mbGFzaCI7YToyOntzOjM6Im9sZCI7YTowOnt9czozOiJuZXciO2E6MDp7fX19',1766883496),
('EQLHJiWolLvXcDEZUib9XY4pGP1v2dQ4db57qX3j',NULL,'38.156.75.17','Mozilla/5.0 (X11; Ubuntu; Linux x86_64; rv:145.0) Gecko/20100101 Firefox/145.0','YTozOntzOjY6Il90b2tlbiI7czo0MDoiRVo5RlhhbVlpZU5mRHdRY0ZSdXJMZWZTa0ZGWHNHUDRvSWs5Nm45aSI7czo5OiJfcHJldmlvdXMiO2E6MTp7czozOiJ1cmwiO3M6MTk6Imh0dHBzOi8vcGktbmV3cy5uZXQiO31zOjY6Il9mbGFzaCI7YToyOntzOjM6Im9sZCI7YTowOnt9czozOiJuZXciO2E6MDp7fX19',1767589970),
('ERDE36xCM8sczyNhpMZLhRUpQm712rTQcSQ9wGWi',NULL,'148.113.128.13','Mozilla/5.0 (compatible; AhrefsBot/7.0; +http://ahrefs.com/robot/)','YTozOntzOjY6Il90b2tlbiI7czo0MDoiODZVeDRLYk9Qbm4xVGNhM3EyZTNYeWdlbkd1RE1kV041SDR5bUY1ZiI7czo5OiJfcHJldmlvdXMiO2E6MTp7czozOiJ1cmwiO3M6MjI6Imh0dHBzOi8vYWJ1a2hhbGlsLnNpdGUiO31zOjY6Il9mbGFzaCI7YToyOntzOjM6Im9sZCI7YTowOnt9czozOiJuZXciO2E6MDp7fX19',1766814741),
('Es3kPNe8nTRcRwLfnnPKeEImBJJACXMWjvR6EWt2',NULL,'104.253.247.119','Mozilla/5.0 (iPhone; CPU iPhone OS 18_5 like Mac OS X) AppleWebKit/605.1.15 (KHTML, like Gecko) CriOS/138.0.7204.156 Mobile/15E148 Safari/604.1','YTozOntzOjY6Il90b2tlbiI7czo0MDoiaWdtTFhTd0JrbVdCTDNnNU5FMTlaYWRJY21QSURONXBIZ3d0OEJXcCI7czo5OiJfcHJldmlvdXMiO2E6MTp7czozOiJ1cmwiO3M6MjI6Imh0dHBzOi8vYWJ1a2hhbGlsLnNpdGUiO31zOjY6Il9mbGFzaCI7YToyOntzOjM6Im9sZCI7YTowOnt9czozOiJuZXciO2E6MDp7fX19',1766867581),
('ES3RSbWqhGHvTLTr390L48M3ROFKdrVNNzUbtI48',NULL,'46.101.193.56','Go-http-client/1.1','YTozOntzOjY6Il90b2tlbiI7czo0MDoiaWdHdFNWMWtPS2c4Z09Sb3RvdXVWUEVJUzNBS2k2bmxlTkpaVnJ5byI7czo5OiJfcHJldmlvdXMiO2E6MTp7czozOiJ1cmwiO3M6MjI6Imh0dHBzOi8vMTY0LjkyLjI0NC4xOTIiO31zOjY6Il9mbGFzaCI7YToyOntzOjM6Im9sZCI7YTowOnt9czozOiJuZXciO2E6MDp7fX19',1767226105),
('eSTQpn92Ep2UpwBpQmQI80gce9oouPaNHqBixrFc',NULL,'98.92.91.172','okhttp/5.3.0','YTozOntzOjY6Il90b2tlbiI7czo0MDoid2V5RlozVkN5d01tckloem1jZXN1cUlJT2o3V2tBY3hvc281dVBjeSI7czo5OiJfcHJldmlvdXMiO2E6MTp7czozOiJ1cmwiO3M6Mjg6Imh0dHBzOi8vZWhrYW0uYWJ1a2hhbGlsLnNpdGUiO31zOjY6Il9mbGFzaCI7YToyOntzOjM6Im9sZCI7YTowOnt9czozOiJuZXciO2E6MDp7fX19',1766891482),
('EswiH6tvCZIh97S6fMZIhNPNVLFBekIQIyzl72pp',NULL,'185.107.57.5','Mozilla/5.0 (Windows NT 10.0; Win64; x64) AppleWebKit/537.36 (KHTML, like Gecko) Chrome/98.0.4758.102 Safari/537.36','YTozOntzOjY6Il90b2tlbiI7czo0MDoiZzlyZnNXcjViRGVZUDFSMDZoQ2MxU2FGckVvbXdZa1F2Vlk0aTB2YiI7czo5OiJfcHJldmlvdXMiO2E6MTp7czozOiJ1cmwiO3M6MjI6Imh0dHBzOi8vMTY0LjkyLjI0NC4xOTIiO31zOjY6Il9mbGFzaCI7YToyOntzOjM6Im9sZCI7YTowOnt9czozOiJuZXciO2E6MDp7fX19',1767552987),
('eWCwlqfmZivLvEcsmeQT7cFEWAOUIdAYY1QnAX8O',NULL,'104.164.126.216','Mozilla/5.0 (Macintosh; Intel Mac OS X 10_15_7) AppleWebKit/537.36 (KHTML, like Gecko) Chrome/116.0.0.0 Safari/537.36','YTozOntzOjY6Il90b2tlbiI7czo0MDoiZGRmY1ZIY2hsMDBDemxSWjg4cVFZWFdaVWtZRHUwVXcyVHpsMHhnNCI7czo5OiJfcHJldmlvdXMiO2E6MTp7czozOiJ1cmwiO3M6Mjg6Imh0dHBzOi8vZWhrYW0uYWJ1a2hhbGlsLnNpdGUiO31zOjY6Il9mbGFzaCI7YToyOntzOjM6Im9sZCI7YTowOnt9czozOiJuZXciO2E6MDp7fX19',1766849572),
('ewQkkukxgM9Z3Pxbx42IbeFMNUmACwEO0NWQ83vJ',NULL,'89.147.136.198','WhatsApp/2.23.20.0','YTozOntzOjY6Il90b2tlbiI7czo0MDoiNnZsR25NT0J0WnlxM2Naekx2S1ZJZ0RHSHlDNEJEa2FxRnV6VTl0UCI7czo5OiJfcHJldmlvdXMiO2E6MTp7czozOiJ1cmwiO3M6MzM6Imh0dHBzOi8vZWhrYW0uYWJ1a2hhbGlsLmFwcC9sb2dpbiI7fXM6NjoiX2ZsYXNoIjthOjI6e3M6Mzoib2xkIjthOjA6e31zOjM6Im5ldyI7YTowOnt9fX0=',1766422928),
('EXv4u3HWoGu9qzVL5qgPJDun8aQ5sCDorq4OkcYZ',NULL,'79.124.40.174','Mozilla/5.0 (Windows NT 10.0; Win64; x64) AppleWebKit/537.36 (KHTML, like Gecko) Chrome/78.0.3904.108 Safari/537.36','YTozOntzOjY6Il90b2tlbiI7czo0MDoibmJ3eVEyMnRZN3ZIaHRNNVh5MDA3N016dU8yckxqTjByQWFjR3d0TSI7czo5OiJfcHJldmlvdXMiO2E6MTp7czozOiJ1cmwiO3M6MjI6Imh0dHBzOi8vMTY0LjkyLjI0NC4xOTIiO31zOjY6Il9mbGFzaCI7YToyOntzOjM6Im9sZCI7YTowOnt9czozOiJuZXciO2E6MDp7fX19',1766783982),
('EZhG1OvSXlogiVoDLilBn4NXUXlefIy3UdnQg580',NULL,'198.235.24.10','','YTozOntzOjY6Il90b2tlbiI7czo0MDoia1lMMWtUdHFqN3RzZXRLYUEzb2RPalVQVWFOeDdybEtTOW9TWkVGUiI7czo5OiJfcHJldmlvdXMiO2E6MTp7czozOiJ1cmwiO3M6Mjg6Imh0dHBzOi8vZWhrYW0uYWJ1a2hhbGlsLnNpdGUiO31zOjY6Il9mbGFzaCI7YToyOntzOjM6Im9sZCI7YTowOnt9czozOiJuZXciO2E6MDp7fX19',1767572977),
('F0iwJaOeplEXVC3NO47daBFMXcE4bjZUaWKjymHz',NULL,'92.63.197.50','Mozilla/5.0 (Windows NT 10.0; Win64; x64) AppleWebKit/537.36 (KHTML, like Gecko) Chrome/140.0.0.0 Safari/537.36','YTozOntzOjY6Il90b2tlbiI7czo0MDoiaVVKS1RWd3k2N2EzU3JNMk5EOWZrZU12Z0NvdVNFc3ZnZjVuc2x1dSI7czo5OiJfcHJldmlvdXMiO2E6MTp7czozOiJ1cmwiO3M6MjI6Imh0dHBzOi8vMTY0LjkyLjI0NC4xOTIiO31zOjY6Il9mbGFzaCI7YToyOntzOjM6Im9sZCI7YTowOnt9czozOiJuZXciO2E6MDp7fX19',1768407111),
('f0yabiq9yJipahZbW9hetRFYY9CsMvlxIP4JiosJ',NULL,'85.11.183.6','Mozilla/5.0 (Windows NT 10.0; Win64; x64) AppleWebKit/537.36 (KHTML, like Gecko) Chrome/140.0.0.0 Safari/537.36','YTozOntzOjY6Il90b2tlbiI7czo0MDoiclpQWUdpdGtCOHRXaGFNTjNadUZNUDFjWHRxZ1UxT2J5dzVWdWFPWSI7czo5OiJfcHJldmlvdXMiO2E6MTp7czozOiJ1cmwiO3M6MjI6Imh0dHBzOi8vMTY0LjkyLjI0NC4xOTIiO31zOjY6Il9mbGFzaCI7YToyOntzOjM6Im9sZCI7YTowOnt9czozOiJuZXciO2E6MDp7fX19',1767976804),
('f29VSs1G0X2hy6RK5gnoHBzJlNLtxLBeeeLoKCyR',NULL,'87.236.176.113','Mozilla/5.0 (compatible; InternetMeasurement/1.0; +https://internet-measurement.com/)','YTozOntzOjY6Il90b2tlbiI7czo0MDoiSzZXMmxNZzZhbmhycDlvbjBRdmVjNkNhTDRXWnlGU2lFVXRtbzIzYyI7czo5OiJfcHJldmlvdXMiO2E6MTp7czozOiJ1cmwiO3M6MjI6Imh0dHBzOi8vMTY0LjkyLjI0NC4xOTIiO31zOjY6Il9mbGFzaCI7YToyOntzOjM6Im9sZCI7YTowOnt9czozOiJuZXciO2E6MDp7fX19',1768034941),
('f2KF2asPHPdGLAOWbI264XgPYKSthe6kNgVOfFBl',NULL,'64.62.197.77','Mozilla/5.0 (Windows NT 10.0; Win64; x64; rv:108.0) Gecko/20100101 Firefox/108.0','YTozOntzOjY6Il90b2tlbiI7czo0MDoidTVNQ0UwcXFUM09qMkVqbExNcHVKNWl1a2pLakt6UWF1OG0wbEFYTiI7czo5OiJfcHJldmlvdXMiO2E6MTp7czozOiJ1cmwiO3M6MjI6Imh0dHBzOi8vMTY0LjkyLjI0NC4xOTIiO31zOjY6Il9mbGFzaCI7YToyOntzOjM6Im9sZCI7YTowOnt9czozOiJuZXciO2E6MDp7fX19',1767940862),
('f5phqwWUHSbWHhngKv7u5A5yES6dxbcH6Kq3FApy',NULL,'103.203.59.1','HTTP Banner Detection (https://security.ipip.net)','YTozOntzOjY6Il90b2tlbiI7czo0MDoiU2FEbzNKem5oUm9tYlhPb243Rjd1U21QMjZWem9YZGpmQU9kU1RiRyI7czo5OiJfcHJldmlvdXMiO2E6MTp7czozOiJ1cmwiO3M6MjI6Imh0dHBzOi8vMTY0LjkyLjI0NC4xOTIiO31zOjY6Il9mbGFzaCI7YToyOntzOjM6Im9sZCI7YTowOnt9czozOiJuZXciO2E6MDp7fX19',1767107685),
('F88Cbj61lm035eeyAGfdsUD1oHwNwZwvU9Li8Tv0',NULL,'142.93.99.220','','YTozOntzOjY6Il90b2tlbiI7czo0MDoieGp4Um9YcEZvNG9xTGxLM2ZhVmFDRWV2ZW1rOGh4cmVKUkZldTlTayI7czo5OiJfcHJldmlvdXMiO2E6MTp7czozOiJ1cmwiO3M6Mjg6Imh0dHBzOi8vZWhrYW0uYWJ1a2hhbGlsLnNpdGUiO31zOjY6Il9mbGFzaCI7YToyOntzOjM6Im9sZCI7YTowOnt9czozOiJuZXciO2E6MDp7fX19',1768429240),
('F8qCWbeG8e6dW6Iv18IoGItZ6uw0pevMJmT7CB7A',NULL,'178.16.55.177','Mozilla/5.0 (Windows NT 10.0; rv:140.0) Gecko/20100101 Firefox/140.0','YTozOntzOjY6Il90b2tlbiI7czo0MDoiODNUSFZwS3ZWdEtjd1VnTHVhdzBZangybVhNeGpsTkdGMG5tODVTcCI7czo5OiJfcHJldmlvdXMiO2E6MTp7czozOiJ1cmwiO3M6Mzg6Imh0dHBzOi8vMTY0LjkyLjI0NC4xOTIvbG9naW4/cmVkaXI9JTJGIjt9czo2OiJfZmxhc2giO2E6Mjp7czozOiJvbGQiO2E6MDp7fXM6MzoibmV3IjthOjA6e319fQ==',1768857749),
('FaHSwnhKXQL1G8NYqvKhJG31x4zNy35mxFcFcRw3',NULL,'84.254.106.197','Mozilla/5.0 (Linux; Android 6.0; Nexus 5 Build/MRA58N) AppleWebKit/537.36 (KHTML, like Gecko) Chrome/130.0.0.0 Mobile Safari/537.36','YTozOntzOjY6Il90b2tlbiI7czo0MDoiMWpiN1BzMVh0dkM0YXN0S1o2cmM1dnZUV3FFSTVhOEgxeDc2SGdxbCI7czo5OiJfcHJldmlvdXMiO2E6MTp7czozOiJ1cmwiO3M6Mjg6Imh0dHBzOi8vZWhrYW0uYWJ1a2hhbGlsLnNpdGUiO31zOjY6Il9mbGFzaCI7YToyOntzOjM6Im9sZCI7YTowOnt9czozOiJuZXciO2E6MDp7fX19',1767392680),
('FanGqVs30m8iP6VlBNNEr3RI4VVrbZB6wbOsvwin',NULL,'44.249.80.98','Mozilla/5.0 (compatible; wpbot/1.3; +https://forms.gle/ajBaxygz9jSR8p8G9)','YTozOntzOjY6Il90b2tlbiI7czo0MDoiZWZiMDNIemVKMjJWRm9aSm9pU2VpdWo5QWFLYXRFMEV6Znl4T3pORyI7czo5OiJfcHJldmlvdXMiO2E6MTp7czozOiJ1cmwiO3M6Mjc6Imh0dHBzOi8vZWhrYW0uYWJ1a2hhbGlsLmFwcCI7fXM6NjoiX2ZsYXNoIjthOjI6e3M6Mzoib2xkIjthOjA6e31zOjM6Im5ldyI7YTowOnt9fX0=',1766504131),
('FCQNb10ES4pz6U5NZRdS9D5lrJP6KHdak6sCLIbz',NULL,'91.98.176.10','Mozilla/5.0 (Windows NT 10.0; Win64; x64) AppleWebKit/537.36 (KHTML, like Gecko) Chrome/131.0.0.0 Safari/537.36','YTozOntzOjY6Il90b2tlbiI7czo0MDoiWnFWUXI3UDNxWG00RmxIQjNvTzc1S0tFWDEwMVcwT0FTeVBVOWlCVSI7czo5OiJfcHJldmlvdXMiO2E6MTp7czozOiJ1cmwiO3M6NTE6Imh0dHBzOi8vYWJ1a2hhbGlsLnNpdGUvd29ya3Nob3dfYXR0ZW5kYW5jZV9yZWdpc3RlciI7fXM6NjoiX2ZsYXNoIjthOjI6e3M6Mzoib2xkIjthOjA6e31zOjM6Im5ldyI7YTowOnt9fX0=',1766882746),
('FD2lZ6PGInWzqn81b6qgnBRP3tKUeJd235BYXEwh',NULL,'149.57.180.106','Mozilla/5.0 (X11; Linux i686; rv:109.0) Gecko/20100101 Firefox/120.0','YTozOntzOjY6Il90b2tlbiI7czo0MDoicG11N01iZlBqQnJoNUVxMHNaTkhwdzlVMVprbG9PbmZ0eFpLR0ZVaiI7czo5OiJfcHJldmlvdXMiO2E6MTp7czozOiJ1cmwiO3M6Mjg6Imh0dHBzOi8vZWhrYW0uYWJ1a2hhbGlsLnNpdGUiO31zOjY6Il9mbGFzaCI7YToyOntzOjM6Im9sZCI7YTowOnt9czozOiJuZXciO2E6MDp7fX19',1766805220),
('fd74FS84LIeNaqKPRFr6tSLLyBOivXpa1eDghlpV',NULL,'143.110.243.240','Mozilla/5.0 (Windows NT 10.0; Win64; x64) AppleWebKit/537.36 (KHTML, like Gecko) Chrome/108.0.0.0 Safari/537.36','YTozOntzOjY6Il90b2tlbiI7czo0MDoiRnZXNzE2TWtkQ2dnOXZvY1pYT3F6Q1NRMkpoTmV5c0Rsb3BGSTBKRSI7czo5OiJfcHJldmlvdXMiO2E6MTp7czozOiJ1cmwiO3M6MjI6Imh0dHBzOi8vMTY0LjkyLjI0NC4xOTIiO31zOjY6Il9mbGFzaCI7YToyOntzOjM6Im9sZCI7YTowOnt9czozOiJuZXciO2E6MDp7fX19',1768780046),
('fDCI53MwdUVv5Lqm92uzzNwoteTmIq3bsv9nuelr',NULL,'104.248.248.69','Go-http-client/1.1','YTozOntzOjY6Il90b2tlbiI7czo0MDoiMGYzZUh6NDZjejNlcGhhRHg0UVdKSVpKSnhMQXZobkNOSUpHWXJ6VyI7czo5OiJfcHJldmlvdXMiO2E6MTp7czozOiJ1cmwiO3M6MjI6Imh0dHBzOi8vMTY0LjkyLjI0NC4xOTIiO31zOjY6Il9mbGFzaCI7YToyOntzOjM6Im9sZCI7YTowOnt9czozOiJuZXciO2E6MDp7fX19',1767375452),
('FDtaZrpk6Xgzx5A0aSABeAWwpWuyVQzV3BRASWuI',NULL,'162.142.125.198','Mozilla/5.0 (compatible; CensysInspect/1.1; +https://about.censys.io/)','YTozOntzOjY6Il90b2tlbiI7czo0MDoiOUYzMG1VdzYyeDJ0OFlSWHg0VDFSYWt2cDV4NXNDVEt5Zm1zc0Q3SCI7czo5OiJfcHJldmlvdXMiO2E6MTp7czozOiJ1cmwiO3M6MjI6Imh0dHBzOi8vMTY0LjkyLjI0NC4xOTIiO31zOjY6Il9mbGFzaCI7YToyOntzOjM6Im9sZCI7YTowOnt9czozOiJuZXciO2E6MDp7fX19',1767295913),
('FDwcbMTk1oen02tm9dMGGd2mebOQ25lGWI57SXf2',NULL,'150.241.68.160','Mozilla/5.0','YTozOntzOjY6Il90b2tlbiI7czo0MDoiQm93cU5BOGlrdEUxVVhieVpDWGUwQ2VQRzZhUWlpY1M5Y1l0MEdvdSI7czo5OiJfcHJldmlvdXMiO2E6MTp7czozOiJ1cmwiO3M6MjI6Imh0dHBzOi8vMTY0LjkyLjI0NC4xOTIiO31zOjY6Il9mbGFzaCI7YToyOntzOjM6Im9sZCI7YTowOnt9czozOiJuZXciO2E6MDp7fX19',1768377020),
('fDycuZQFgWSFBIAKPFxKq3auWDOr4yLSKYGkHlW1',NULL,'40.124.185.206','Mozilla/5.0 zgrab/0.x','YTozOntzOjY6Il90b2tlbiI7czo0MDoiUUlsTENTbGlWdzFUcnJDNzI0aTVxN3JEbUxWdHJNWHNnaWd5YmQyQiI7czo5OiJfcHJldmlvdXMiO2E6MTp7czozOiJ1cmwiO3M6MjI6Imh0dHBzOi8vMTY0LjkyLjI0NC4xOTIiO31zOjY6Il9mbGFzaCI7YToyOntzOjM6Im9sZCI7YTowOnt9czozOiJuZXciO2E6MDp7fX19',1767104765),
('FEkTaSs47k9RCMeFULSqrD0ymYaEtow1DySNdmET',NULL,'92.63.197.50','Mozilla/5.0 (Windows NT 10.0; Win64; x64) AppleWebKit/537.36 (KHTML, like Gecko) Chrome/140.0.0.0 Safari/537.36','YTozOntzOjY6Il90b2tlbiI7czo0MDoiRXYzZDZVaDNBUG9IRUxKN3h2aDJjemdmaXVNQ05ZZEdoMkRkOGh2YiI7czo5OiJfcHJldmlvdXMiO2E6MTp7czozOiJ1cmwiO3M6MjI6Imh0dHBzOi8vMTY0LjkyLjI0NC4xOTIiO31zOjY6Il9mbGFzaCI7YToyOntzOjM6Im9sZCI7YTowOnt9czozOiJuZXciO2E6MDp7fX19',1767003171),
('Ff4qvK4j3705AQGAnv1LLEm35gBl2jjBXPsRN4Qf',NULL,'79.124.40.174','Mozilla/5.0 (Windows NT 10.0; Win64; x64) AppleWebKit/537.36 (KHTML, like Gecko) Chrome/78.0.3904.108 Safari/537.36','YTozOntzOjY6Il90b2tlbiI7czo0MDoiOE1YYXVzelhtb0l1SFBlQnZkeHE4dnFlc3RaSmpoWU9JejVHTnlKeCI7czo5OiJfcHJldmlvdXMiO2E6MTp7czozOiJ1cmwiO3M6MjI6Imh0dHBzOi8vMTY0LjkyLjI0NC4xOTIiO31zOjY6Il9mbGFzaCI7YToyOntzOjM6Im9sZCI7YTowOnt9czozOiJuZXciO2E6MDp7fX19',1766789596),
('Ffd4iwU58hlJTehlnLVpgFNgLhEUxr9ZQ7NzkBJu',NULL,'188.66.225.211','Mozilla/5.0 (Linux; Android 10; K) AppleWebKit/537.36 (KHTML, like Gecko) Chrome/143.0.0.0 Mobile Safari/537.36','YTo0OntzOjY6Il90b2tlbiI7czo0MDoiSmR4aTRFZ1REaElmYTByOU9vZXdvZHdCRFhjczV2aEtqTDZtbTFXdSI7czozOiJ1cmwiO2E6MTp7czo4OiJpbnRlbmRlZCI7czo0MzoiaHR0cHM6Ly9laGthbS5hYnVraGFsaWwuYXBwL3F1ZXN0aW9uX3Jlc3VsdCI7fXM6OToiX3ByZXZpb3VzIjthOjE6e3M6MzoidXJsIjtzOjMzOiJodHRwczovL2Voa2FtLmFidWtoYWxpbC5hcHAvbG9naW4iO31zOjY6Il9mbGFzaCI7YToyOntzOjM6Im9sZCI7YTowOnt9czozOiJuZXciO2E6MDp7fX19',1766427781),
('fGgclQTGidH15pctBUlDP1LPUuIiUCRH7ME9eVTP',NULL,'112.4.101.76','curl/7.29.0','YTozOntzOjY6Il90b2tlbiI7czo0MDoidVB1YzM2SWlhVGhuMjdZRTNXZjZZYlg5MmQxNnNqbDJOV0V5ZWJidSI7czo5OiJfcHJldmlvdXMiO2E6MTp7czozOiJ1cmwiO3M6Mjg6Imh0dHBzOi8vZWhrYW0uYWJ1a2hhbGlsLnNpdGUiO31zOjY6Il9mbGFzaCI7YToyOntzOjM6Im9sZCI7YTowOnt9czozOiJuZXciO2E6MDp7fX19',1768598067),
('FGjcagNNsReIdil2ccRQa1XcBdytlJWKNrivrSSQ',NULL,'167.94.138.185','Mozilla/5.0 (compatible; CensysInspect/1.1; +https://about.censys.io/)','YTozOntzOjY6Il90b2tlbiI7czo0MDoiRURMaHlZSm1lekFUV0tGdDFncUpiQWdqMm9mZFFnRkNtYmE4YjNTYiI7czo5OiJfcHJldmlvdXMiO2E6MTp7czozOiJ1cmwiO3M6MjI6Imh0dHBzOi8vMTY0LjkyLjI0NC4xOTIiO31zOjY6Il9mbGFzaCI7YToyOntzOjM6Im9sZCI7YTowOnt9czozOiJuZXciO2E6MDp7fX19',1768198274),
('fJ3qvNeLiMlfv3qW2K8RfHDKmji9vm8kY505tjnR',NULL,'188.135.50.243','Mozilla/5.0 (Linux; Android 10; K) AppleWebKit/537.36 (KHTML, like Gecko) Chrome/143.0.0.0 Mobile Safari/537.36','YTo0OntzOjY6Il90b2tlbiI7czo0MDoiaEZ5cUQwOUFDNUlDaFBSSHpvcDVZY0dVazhWU1RDQnNVZHBjN1FGMyI7czo5OiJfcHJldmlvdXMiO2E6MTp7czozOiJ1cmwiO3M6Nzg6Imh0dHBzOi8vZWhrYW0uYWJ1a2hhbGlsLnNpdGUvc3dvdC9ib2FyZC8wbXhGaVlrM25ETUszZEVSblN2TEQ2SzZ0UG9wMFdRUS9pdGVtcyI7fXM6NjoiX2ZsYXNoIjthOjI6e3M6Mzoib2xkIjthOjA6e31zOjM6Im5ldyI7YTowOnt9fXM6MTg6InN3b3RfcGFydGljaXBhbnRfNSI7YTozOntzOjQ6Im5hbWUiO3M6MjU6ItmF2LPYudmI2K8g2KfZhNmF2LnZiNmE2YoiO3M6MjoiaXAiO3M6MTQ6IjE4OC4xMzUuNTAuMjQzIjtzOjEwOiJzZXNzaW9uX2lkIjtzOjQwOiJmSjNxdk5lTGlNbGZ2M3FXMks4UmZIREttamk5dm04a1k1MDV0am5SIjt9fQ==',1767596212),
('fKOsSgnCAG5NICpQBLFKVVr9fCQ7CuSb9UFGeFNN',NULL,'178.16.53.82','Go-http-client/1.1','YTozOntzOjY6Il90b2tlbiI7czo0MDoic0R6VldiemJoNzhhSGxYTENUd3Q5aXdSREVNMmVFVWNWWXNJUVVpeiI7czo5OiJfcHJldmlvdXMiO2E6MTp7czozOiJ1cmwiO3M6MjI6Imh0dHBzOi8vMTY0LjkyLjI0NC4xOTIiO31zOjY6Il9mbGFzaCI7YToyOntzOjM6Im9sZCI7YTowOnt9czozOiJuZXciO2E6MDp7fX19',1768588203),
('FLUt2DvZZlyuFArvfIzKirdGqrYawC52XqRpIQmo',NULL,'91.196.152.208','Mozilla/5.0 (X11; Ubuntu; Linux x86_64; rv:134.0) Gecko/20100101 Firefox/134.0','YTozOntzOjY6Il90b2tlbiI7czo0MDoicktmdks0bHFyMHl0c3RZMmhKTEtHTzFHTlNJemZWQmtKa2phSzJUcSI7czo5OiJfcHJldmlvdXMiO2E6MTp7czozOiJ1cmwiO3M6MjI6Imh0dHBzOi8vMTY0LjkyLjI0NC4xOTIiO31zOjY6Il9mbGFzaCI7YToyOntzOjM6Im9sZCI7YTowOnt9czozOiJuZXciO2E6MDp7fX19',1767244563),
('fMdigwjjyhibSUKevDekfufA2ygBSnpHRgrLbw4h',NULL,'116.172.249.99','Mozilla/5.0 (Windows NT 6.1) AppleWebKit/537.36 (KHTML, like Gecko) Chrome/49.0.2623.112 Safari/537.36','YTozOntzOjY6Il90b2tlbiI7czo0MDoiUG1rYUR5YVNIRzh3RDN1Sm5rWVpqeU9Oa051UTRKQ0t1NUh2blhVViI7czo5OiJfcHJldmlvdXMiO2E6MTp7czozOiJ1cmwiO3M6MjI6Imh0dHBzOi8vMTY0LjkyLjI0NC4xOTIiO31zOjY6Il9mbGFzaCI7YToyOntzOjM6Im9sZCI7YTowOnt9czozOiJuZXciO2E6MDp7fX19',1767833012),
('FOdH3x4VYl4sM4LWzZBlw66HPpWkuphnFHkAuS5q',NULL,'85.1.40.149','','YTozOntzOjY6Il90b2tlbiI7czo0MDoiV0RZWVFqdzk4Vko3SnlrYTdKT0tHVE9LSGlXSnEwcEZkS2ZEb25IbCI7czo5OiJfcHJldmlvdXMiO2E6MTp7czozOiJ1cmwiO3M6MjI6Imh0dHBzOi8vMTY0LjkyLjI0NC4xOTIiO31zOjY6Il9mbGFzaCI7YToyOntzOjM6Im9sZCI7YTowOnt9czozOiJuZXciO2E6MDp7fX19',1768800362),
('FPCU4E9F07HFEloifTq8LjjZosjNz2FC5FE5qDun',NULL,'34.34.132.221','python-requests/2.32.5','YTozOntzOjY6Il90b2tlbiI7czo0MDoiOUNUdUR6NHB1NkxiUDRYQ2ducnBYMmpxS3h6VXFNcG5KNlExMGkzRiI7czo5OiJfcHJldmlvdXMiO2E6MTp7czozOiJ1cmwiO3M6MjI6Imh0dHBzOi8vMTY0LjkyLjI0NC4xOTIiO31zOjY6Il9mbGFzaCI7YToyOntzOjM6Im9sZCI7YTowOnt9czozOiJuZXciO2E6MDp7fX19',1767371416),
('FppJxDqtFFyQghxSVsPbnwCO82gCVwBslm3rSqtz',NULL,'18.117.146.49','Mozilla/5.0 (Windows NT 10.0; Win64; x64) AppleWebKit/537.36 (KHTML, like Gecko) Chrome/60.0.3112.113 Safari/537.36 Assetnote/1.0.0','YTozOntzOjY6Il90b2tlbiI7czo0MDoiZmE4QnczdXIyb3M0MlZ4Q3Jma1JQcFZRYXV3czA3YU95aDZCS0owVCI7czo5OiJfcHJldmlvdXMiO2E6MTp7czozOiJ1cmwiO3M6MjI6Imh0dHBzOi8vMTY0LjkyLjI0NC4xOTIiO31zOjY6Il9mbGFzaCI7YToyOntzOjM6Im9sZCI7YTowOnt9czozOiJuZXciO2E6MDp7fX19',1768652235),
('FRfUYv2loGQH2S0wq2HHZFBnaqueLCtmm1Mj5t4J',NULL,'3.137.73.221','cypex.ai/scanning Mozilla/5.0 (Macintosh; Intel Mac OS X 10_15_7) Chrome/126.0.0.0 Safari/537.36','YTozOntzOjY6Il90b2tlbiI7czo0MDoiRnFvMEdieDRQUWRqNkVQcE9RU3pjRXEzYk5PWmxGY1h1eVQ0Z3d5ZiI7czo5OiJfcHJldmlvdXMiO2E6MTp7czozOiJ1cmwiO3M6MjI6Imh0dHBzOi8vMTY0LjkyLjI0NC4xOTIiO31zOjY6Il9mbGFzaCI7YToyOntzOjM6Im9sZCI7YTowOnt9czozOiJuZXciO2E6MDp7fX19',1767696290),
('fsPGtpZ63mdbHYzphOUk5Fh8qmRlmsiM3ByLl1Oy',NULL,'85.217.140.11','Mozilla/5.0 (compatible; ModatScanner/1.2; +https://modat.io/)','YTozOntzOjY6Il90b2tlbiI7czo0MDoiVWF3Y3lycnZJd3FvVjVlbHlQMHAwVnRtSUpESFFSNHdjcXhoMkhtWiI7czo5OiJfcHJldmlvdXMiO2E6MTp7czozOiJ1cmwiO3M6MjI6Imh0dHBzOi8vMTY0LjkyLjI0NC4xOTIiO31zOjY6Il9mbGFzaCI7YToyOntzOjM6Im9sZCI7YTowOnt9czozOiJuZXciO2E6MDp7fX19',1768679097),
('fsXWeoPFh6VF46JRBzvryrwlp56hXCAxwKMnX5zK',NULL,'172.235.235.248','Mozilla/5.0 (Macintosh; Intel Mac OS X 13.7; rv:141.0) Gecko/20100101 Firefox/141.0','YTo0OntzOjY6Il90b2tlbiI7czo0MDoiYk82VnQxU3dpN2d3UHk5UHF5cUhFQUF2RVBRb1JVenJGTUFlWWhEUiI7czozOiJ1cmwiO2E6MTp7czo4OiJpbnRlbmRlZCI7czozMjoiaHR0cHM6Ly8xNjQuOTIuMjQ0LjE5Mi9kYXNoYm9hcmQiO31zOjk6Il9wcmV2aW91cyI7YToxOntzOjM6InVybCI7czozMjoiaHR0cHM6Ly8xNjQuOTIuMjQ0LjE5Mi9kYXNoYm9hcmQiO31zOjY6Il9mbGFzaCI7YToyOntzOjM6Im9sZCI7YTowOnt9czozOiJuZXciO2E6MDp7fX19',1767161088),
('Fta8KrneD6KnovsyGqn1Q8Kw5TpONBRzTx4hQlfs',NULL,'206.168.34.192','Mozilla/5.0 (compatible; CensysInspect/1.1; +https://about.censys.io/)','YTozOntzOjY6Il90b2tlbiI7czo0MDoiaE1XQkJIT0xMUEZycHA3bXJuak54em5FWjYwUEt3MmNYcEtGUFRrbiI7czo5OiJfcHJldmlvdXMiO2E6MTp7czozOiJ1cmwiO3M6Mjg6Imh0dHBzOi8vMTY0LjkyLjI0NC4xOTIvbG9naW4iO31zOjY6Il9mbGFzaCI7YToyOntzOjM6Im9sZCI7YTowOnt9czozOiJuZXciO2E6MDp7fX19',1768209507),
('FuFhyLwZgGpslL0gpn2a5D52jPa1ukz2zGINAbE0',NULL,'34.12.217.162','Mozilla/5.0 (compatible; CMS-Checker/1.0; +https://example.com)','YTozOntzOjY6Il90b2tlbiI7czo0MDoiRE5mQlJKUE5BenFHOFM1UmR4eXBXbDZ3V0JoTEw2eHhKQVF3MzBPVyI7czo5OiJfcHJldmlvdXMiO2E6MTp7czozOiJ1cmwiO3M6Mjg6Imh0dHBzOi8vZWhrYW0uYWJ1a2hhbGlsLnNpdGUiO31zOjY6Il9mbGFzaCI7YToyOntzOjM6Im9sZCI7YTowOnt9czozOiJuZXciO2E6MDp7fX19',1767363384),
('futIyqy3x6YTOTXBlzSUZt9ULePrgwuHjdq5F61s',NULL,'43.153.10.83','Mozilla/5.0 (iPhone; CPU iPhone OS 13_2_3 like Mac OS X) AppleWebKit/605.1.15 (KHTML, like Gecko) Version/13.0.3 Mobile/15E148 Safari/604.1','YTozOntzOjY6Il90b2tlbiI7czo0MDoiYnZWcVlRRFh3d0JjbjlXVk5BM0RHaDFWalNlYTZ2ZkE3bWp4SURlVCI7czo5OiJfcHJldmlvdXMiO2E6MTp7czozOiJ1cmwiO3M6MjI6Imh0dHBzOi8vMTY0LjkyLjI0NC4xOTIiO31zOjY6Il9mbGFzaCI7YToyOntzOjM6Im9sZCI7YTowOnt9czozOiJuZXciO2E6MDp7fX19',1768155507),
('FwcWjEd3L6eI8VtOcOW9AfBfEAqiPv7m0Q8nMFXL',NULL,'167.94.146.59','Mozilla/5.0 (compatible; CensysInspect/1.1; +https://about.censys.io/)','YTozOntzOjY6Il90b2tlbiI7czo0MDoiaENEY3dOcFBkRVBhblVlUFZJYkpNbGdsNFZVckswRm1QOTZGWk5TUiI7czo5OiJfcHJldmlvdXMiO2E6MTp7czozOiJ1cmwiO3M6MjI6Imh0dHBzOi8vMTY0LjkyLjI0NC4xOTIiO31zOjY6Il9mbGFzaCI7YToyOntzOjM6Im9sZCI7YTowOnt9czozOiJuZXciO2E6MDp7fX19',1766857310),
('FWjDGkQl2cJ5dzOXjtxboOaXMLtcxa81j8wSCyQS',NULL,'107.173.186.14','Mozilla/5.0 (Windows NT 10.0; Win64; x64) AppleWebKit/537.36 (KHTML, like Gecko) Chrome/125.0.0.0 Safari/537.36','YTozOntzOjY6Il90b2tlbiI7czo0MDoiTnB4cHV2SDZCcTBNaFowdnhGaXU2WHBaT2VvSm5ScXNRSkpIald4UiI7czo5OiJfcHJldmlvdXMiO2E6MTp7czozOiJ1cmwiO3M6MjI6Imh0dHBzOi8vMTY0LjkyLjI0NC4xOTIiO31zOjY6Il9mbGFzaCI7YToyOntzOjM6Im9sZCI7YTowOnt9czozOiJuZXciO2E6MDp7fX19',1768258735),
('Fxl8cR2EZnMB8QsQpD56XvSTiAGN6clMVT2hQDIj',NULL,'43.166.224.244','Mozilla/5.0 (iPhone; CPU iPhone OS 13_2_3 like Mac OS X) AppleWebKit/605.1.15 (KHTML, like Gecko) Version/13.0.3 Mobile/15E148 Safari/604.1','YTozOntzOjY6Il90b2tlbiI7czo0MDoiV0p5VjlFVTdlTUxDT2FlMUhRSnBqbHV6V0RRdFJKOE04V2czdDF0USI7czo5OiJfcHJldmlvdXMiO2E6MTp7czozOiJ1cmwiO3M6MjI6Imh0dHBzOi8vMTY0LjkyLjI0NC4xOTIiO31zOjY6Il9mbGFzaCI7YToyOntzOjM6Im9sZCI7YTowOnt9czozOiJuZXciO2E6MDp7fX19',1767004337),
('fyiXYVVeoxhtJV5wYt5rrbacjzRGPeTlb7GtvSBU',NULL,'206.168.34.196','Mozilla/5.0 (compatible; CensysInspect/1.1; +https://about.censys.io/)','YTozOntzOjY6Il90b2tlbiI7czo0MDoiSVpGOWd4RlJpc3pmUE9TYVJpY1FJbEZ6aVFqcnhKRHI5SnlLSnc1MiI7czo5OiJfcHJldmlvdXMiO2E6MTp7czozOiJ1cmwiO3M6MjI6Imh0dHBzOi8vMTY0LjkyLjI0NC4xOTIiO31zOjY6Il9mbGFzaCI7YToyOntzOjM6Im9sZCI7YTowOnt9czozOiJuZXciO2E6MDp7fX19',1767473946),
('fZ0LinsJO8UP4IE6nkHfyyPXQqC55MWSyPzXtv89',NULL,'195.178.110.54','Mozilla/5.0 (Linux; Android 9; SM-N950U) AppleWebKit/537.36 (KHTML, like Gecko) Chrome/76.0.3809.89 Mobile Safari/537.36','YTozOntzOjY6Il90b2tlbiI7czo0MDoib210dGdkVHIzQWd0TTBMQkVaWGdSNGZ2SFlXNlFoUDBYcXJPRlpRVSI7czo5OiJfcHJldmlvdXMiO2E6MTp7czozOiJ1cmwiO3M6Mjg6Imh0dHBzOi8vZWhrYW0uYWJ1a2hhbGlsLnNpdGUiO31zOjY6Il9mbGFzaCI7YToyOntzOjM6Im9sZCI7YTowOnt9czozOiJuZXciO2E6MDp7fX19',1766910290),
('g2sGCfvfhkcD1oVHGc439SL45gZxnAxFvtiri2QT',NULL,'65.49.1.228','Mozilla/5.0 (Windows NT 10.0; rv:109.0) Gecko/20100101 Firefox/115.0','YTozOntzOjY6Il90b2tlbiI7czo0MDoiWVg3bWRyU3lCMTdKbHdzbnNYMGZScTVRWURVMW1uTngxRWE5cndrYyI7czo5OiJfcHJldmlvdXMiO2E6MTp7czozOiJ1cmwiO3M6MjI6Imh0dHBzOi8vMTY0LjkyLjI0NC4xOTIiO31zOjY6Il9mbGFzaCI7YToyOntzOjM6Im9sZCI7YTowOnt9czozOiJuZXciO2E6MDp7fX19',1768868177),
('g3e9OsEgyGTuSOYDYIzn79tEklCjdPY4QORzXokN',NULL,'206.168.34.33','Mozilla/5.0 (compatible; CensysInspect/1.1; +https://about.censys.io/)','YTozOntzOjY6Il90b2tlbiI7czo0MDoiZzc4T25tVG84Y1ZtOG9OdVl6Z3dvWVE4VFNFSXFTSDR5aE81dE9FaCI7czo5OiJfcHJldmlvdXMiO2E6MTp7czozOiJ1cmwiO3M6MjI6Imh0dHBzOi8vMTY0LjkyLjI0NC4xOTIiO31zOjY6Il9mbGFzaCI7YToyOntzOjM6Im9sZCI7YTowOnt9czozOiJuZXciO2E6MDp7fX19',1768010060),
('g4WbLxN2ZYN8DQ04056jbyg26HHxcSIqn4VWGWYN',NULL,'43.159.149.216','Mozilla/5.0 (iPhone; CPU iPhone OS 13_2_3 like Mac OS X) AppleWebKit/605.1.15 (KHTML, like Gecko) Version/13.0.3 Mobile/15E148 Safari/604.1','YTozOntzOjY6Il90b2tlbiI7czo0MDoiZGN1TlJ1WTdJV1Q1R01LcFYwMGZWREhUOWdTUWcycDJ0VXNUY0h0ZyI7czo5OiJfcHJldmlvdXMiO2E6MTp7czozOiJ1cmwiO3M6Mjg6Imh0dHBzOi8vMTY0LjkyLjI0NC4xOTIvbG9naW4iO31zOjY6Il9mbGFzaCI7YToyOntzOjM6Im9sZCI7YTowOnt9czozOiJuZXciO2E6MDp7fX19',1767547175),
('G7ktzMEJb1zLgnHu7qgfbEBuWMAK0qyEPX1gZG9d',NULL,'66.132.153.131','Mozilla/5.0 (compatible; CensysInspect/1.1; +https://about.censys.io/)','YTozOntzOjY6Il90b2tlbiI7czo0MDoiN1pOZHhaSFBoZk53Z0dWdDVoeHNIY0RRVHRtYThNUzE2UEZDQnY2TiI7czo5OiJfcHJldmlvdXMiO2E6MTp7czozOiJ1cmwiO3M6Mjg6Imh0dHBzOi8vMTY0LjkyLjI0NC4xOTIvbG9naW4iO31zOjY6Il9mbGFzaCI7YToyOntzOjM6Im9sZCI7YTowOnt9czozOiJuZXciO2E6MDp7fX19',1768057189),
('Ga0hYdWa0ITgcHDhBfpvZKwesqjl87PnmSJXoNgf',NULL,'185.226.196.28','Mozilla/5.0 (Windows NT 10.0; Win64; x64) AppleWebKit/537.36 (KHTML, like Gecko) Chrome/60.0.3112.113 Safari/537.36','YTozOntzOjY6Il90b2tlbiI7czo0MDoiUVFrWmVISEI4ck5CU056TmtSakR1MWJrY3ZOWFNiNUNDSlZnaFNuNSI7czo5OiJfcHJldmlvdXMiO2E6MTp7czozOiJ1cmwiO3M6MjI6Imh0dHBzOi8vMTY0LjkyLjI0NC4xOTIiO31zOjY6Il9mbGFzaCI7YToyOntzOjM6Im9sZCI7YTowOnt9czozOiJuZXciO2E6MDp7fX19',1766852491),
('ga3oR6myhgw69agcIEKEZkC1WCR4UcptsgSxCj87',NULL,'183.134.59.133','Mozilla/5.0 (Macintosh; Intel Mac OS X 10_11) AppleWebKit/601.1.27 (KHTML, like Gecko) Chrome/47.0.2526.106 Safari/601.1.27','YTozOntzOjY6Il90b2tlbiI7czo0MDoib1FUNGdyc2Y4UDFaNjRrRlZSYkEwZlZUNE91bHlRdU85S1NlMWppaiI7czo5OiJfcHJldmlvdXMiO2E6MTp7czozOiJ1cmwiO3M6Mjg6Imh0dHBzOi8vZWhrYW0uYWJ1a2hhbGlsLnNpdGUiO31zOjY6Il9mbGFzaCI7YToyOntzOjM6Im9sZCI7YTowOnt9czozOiJuZXciO2E6MDp7fX19',1767832852),
('gAwD5MZrya8Nq7PMewgBgk3tY71bvwG9oCWZJY5w',NULL,'154.70.82.114','Mozilla/5.0 (Windows NT 10.0; Win64; x64) AppleWebKit/537.36 (KHTML, like Gecko) Chrome/120.0.0.0 Safari/537.36','YTozOntzOjY6Il90b2tlbiI7czo0MDoiOW40QXBHSEx4NmFqRVFUUThXYkRialBWT25ad2pwUFdzMlJaTXZsNSI7czo5OiJfcHJldmlvdXMiO2E6MTp7czozOiJ1cmwiO3M6MjI6Imh0dHBzOi8vMTY0LjkyLjI0NC4xOTIiO31zOjY6Il9mbGFzaCI7YToyOntzOjM6Im9sZCI7YTowOnt9czozOiJuZXciO2E6MDp7fX19',1768057066),
('GBABIVXSBwZTXsTkvpLg4E1XCDMiuC9Ww0t0tTi5',NULL,'65.49.1.164','Mozilla/5.0 (X11; Linux x86_64) AppleWebKit/537.36 (KHTML, like Gecko) Chrome/108.0.0.0 Safari/537.36','YTozOntzOjY6Il90b2tlbiI7czo0MDoiUndXNUU0dXB6RkJ2RXhVa1NOYmZDZ3ZjdnJCcnV0RUVVQnF6SUtVRCI7czo5OiJfcHJldmlvdXMiO2E6MTp7czozOiJ1cmwiO3M6MjI6Imh0dHBzOi8vMTY0LjkyLjI0NC4xOTIiO31zOjY6Il9mbGFzaCI7YToyOntzOjM6Im9sZCI7YTowOnt9czozOiJuZXciO2E6MDp7fX19',1766881270),
('GBM7Ew9hmXvkxzbpub06NUy5Aa2ykWey627dyWUk',NULL,'35.233.24.129','python-requests/2.32.5','YTozOntzOjY6Il90b2tlbiI7czo0MDoiOWxjY0JyYW5Ddk5UNWhpNUlkeW9Fd0dqUWVvUkRsR3dzUWFZbGVFMyI7czo5OiJfcHJldmlvdXMiO2E6MTp7czozOiJ1cmwiO3M6MjI6Imh0dHBzOi8vMTY0LjkyLjI0NC4xOTIiO31zOjY6Il9mbGFzaCI7YToyOntzOjM6Im9sZCI7YTowOnt9czozOiJuZXciO2E6MDp7fX19',1766816849),
('gCgHbfKSLC993WRDTugCiIjoMZ1C68oe1s9rboWb',NULL,'35.216.189.16','abuse.xmco.fr','YTozOntzOjY6Il90b2tlbiI7czo0MDoiSGJHUlJHMHlqcWplU0RKaDBtRE4yMFkwbkVPYWVEQnI3WTlNSFVvUCI7czo5OiJfcHJldmlvdXMiO2E6MTp7czozOiJ1cmwiO3M6MjI6Imh0dHBzOi8vMTY0LjkyLjI0NC4xOTIiO31zOjY6Il9mbGFzaCI7YToyOntzOjM6Im9sZCI7YTowOnt9czozOiJuZXciO2E6MDp7fX19',1767081661),
('gDnhevHYSEC75GTmTgLIcIi5Ig3PC56hAPnbxb86',NULL,'172.235.235.248','','YTozOntzOjY6Il90b2tlbiI7czo0MDoiemwxRlFyVXR3M3VFc1l0U0IzWTFxeVp3RU1STFhLWnljYkZ0R05vZSI7czo5OiJfcHJldmlvdXMiO2E6MTp7czozOiJ1cmwiO3M6Mjg6Imh0dHBzOi8vZWhrYW0uYWJ1a2hhbGlsLnNpdGUiO31zOjY6Il9mbGFzaCI7YToyOntzOjM6Im9sZCI7YTowOnt9czozOiJuZXciO2E6MDp7fX19',1767161090),
('ge8fNOJStGEpOD4H4DyNnIOfkesJvfI7YLRoYmg0',NULL,'193.174.89.19','Mozilla/5.0 zgrab/0.x','YTozOntzOjY6Il90b2tlbiI7czo0MDoiOWRaNzdGUnJwaWpFNGpSalVkbHN0Q3BhYmlWbHE1RkozM2xtUmZjMiI7czo5OiJfcHJldmlvdXMiO2E6MTp7czozOiJ1cmwiO3M6MjI6Imh0dHBzOi8vMTY0LjkyLjI0NC4xOTIiO31zOjY6Il9mbGFzaCI7YToyOntzOjM6Im9sZCI7YTowOnt9czozOiJuZXciO2E6MDp7fX19',1767891303),
('gEFYBnJ91q4DIDcS14DxSQjdsQkaPvsxbL8lfOtx',NULL,'173.239.240.217','Mozilla/5.0 (Windows NT 10.0; Win64; x64) AppleWebKit/537.36 (KHTML, like Gecko) Chrome/143.0.0.0 Safari/537.36','YTozOntzOjY6Il90b2tlbiI7czo0MDoiUmZrWmtMaW9LOWc5ZUZ6dk5nSm5NMUtUZnVtS2RCRlk2dlkyUHhociI7czo5OiJfcHJldmlvdXMiO2E6MTp7czozOiJ1cmwiO3M6MjI6Imh0dHBzOi8vMTY0LjkyLjI0NC4xOTIiO31zOjY6Il9mbGFzaCI7YToyOntzOjM6Im9sZCI7YTowOnt9czozOiJuZXciO2E6MDp7fX19',1768512866),
('gEHv5Zba5Z94t8TQ9gEdSAbGbq4reixOlGw38MHE',NULL,'206.168.34.33','Mozilla/5.0 (compatible; CensysInspect/1.1; +https://about.censys.io/)','YTozOntzOjY6Il90b2tlbiI7czo0MDoiRklubDlRZXMzN1VDVmhtbmZzdk83N3FFcFFXZ2lyUzd1MUE4N01TUSI7czo5OiJfcHJldmlvdXMiO2E6MTp7czozOiJ1cmwiO3M6MjI6Imh0dHBzOi8vMTY0LjkyLjI0NC4xOTIiO31zOjY6Il9mbGFzaCI7YToyOntzOjM6Im9sZCI7YTowOnt9czozOiJuZXciO2E6MDp7fX19',1767149794),
('gf4iEjLv9HCfUNjfOH7Qic004dyAYZq58iw1DIxh',NULL,'147.185.133.152','Hello from Palo Alto Networks, find out more about our scans in https://docs-cortex.paloaltonetworks.com/r/1/Cortex-Xpanse/Scanning-activity','YTozOntzOjY6Il90b2tlbiI7czo0MDoiSml6V3BRa1k3ajlIMzMwbVJyd0p4SldYaDlaVVJoZUdIN2p3MTNzRSI7czo5OiJfcHJldmlvdXMiO2E6MTp7czozOiJ1cmwiO3M6MjI6Imh0dHBzOi8vMTY0LjkyLjI0NC4xOTIiO31zOjY6Il9mbGFzaCI7YToyOntzOjM6Im9sZCI7YTowOnt9czozOiJuZXciO2E6MDp7fX19',1767921649),
('GFEh2On7LBWuhz9aNwa0NkXltoBkXygeBQb5nb1B',NULL,'178.22.24.64','Mozilla/5.0 (Windows NT 10.0; Win64; x64) AppleWebKit/537.36 (KHTML, like Gecko) Chrome/140.0.0.0 Safari/537.36','YTozOntzOjY6Il90b2tlbiI7czo0MDoiMGZwbEl2cDMzcXpFN052Mmk3VWZDeTZ5RUN5QXpaRUUzVUdqejZDQSI7czo5OiJfcHJldmlvdXMiO2E6MTp7czozOiJ1cmwiO3M6MjI6Imh0dHBzOi8vMTY0LjkyLjI0NC4xOTIiO31zOjY6Il9mbGFzaCI7YToyOntzOjM6Im9sZCI7YTowOnt9czozOiJuZXciO2E6MDp7fX19',1767290504),
('GFUzhwlInOBK0fgya7VOH5YrUl8HlyjQybdTFiSY',NULL,'135.119.96.214','Mozilla/5.0 zgrab/0.x','YTozOntzOjY6Il90b2tlbiI7czo0MDoiUDRhSmkwOHhDc1pjUjMwdzRKYTRkWnh5bzRpcEZwb3kwSlh5dU9zWSI7czo5OiJfcHJldmlvdXMiO2E6MTp7czozOiJ1cmwiO3M6Mjg6Imh0dHBzOi8vMTY0LjkyLjI0NC4xOTIvbG9naW4iO31zOjY6Il9mbGFzaCI7YToyOntzOjM6Im9sZCI7YTowOnt9czozOiJuZXciO2E6MDp7fX19',1768353925),
('GFxnoSz4JAHNS1KEeje0Lb9be4kalsR8j8KLBrXn',NULL,'79.124.40.174','Mozilla/5.0 (Windows NT 10.0; Win64; x64) AppleWebKit/537.36 (KHTML, like Gecko) Chrome/78.0.3904.108 Safari/537.36','YTozOntzOjY6Il90b2tlbiI7czo0MDoiMmpJV2Y2Wk51SGdtNXA5aWJWSUZabzV6QzBvbndFS200OTBuM3h5SyI7czo5OiJfcHJldmlvdXMiO2E6MTp7czozOiJ1cmwiO3M6NTM6Imh0dHBzOi8vMTY0LjkyLjI0NC4xOTIvP1hERUJVR19TRVNTSU9OX1NUQVJUPXBocHN0b3JtIjt9czo2OiJfZmxhc2giO2E6Mjp7czozOiJvbGQiO2E6MDp7fXM6MzoibmV3IjthOjA6e319fQ==',1767331649),
('GGZntCYbW9L2i1z6tEq2Yqan7Pv8CCfsAOFIhktp',NULL,'185.242.226.70','Mozilla/5.0 (Windows NT 10.0; Win64; x64) AppleWebKit/537.36 (KHTML, like Gecko) Chrome/88.0.4324.190 Safari/537.36','YTozOntzOjY6Il90b2tlbiI7czo0MDoiTzhXazc2eVgzUFJhcms1M2FYZnZVbzl1dXhEcUFFczlRTFR6VXBxNiI7czo5OiJfcHJldmlvdXMiO2E6MTp7czozOiJ1cmwiO3M6MjI6Imh0dHBzOi8vMTY0LjkyLjI0NC4xOTIiO31zOjY6Il9mbGFzaCI7YToyOntzOjM6Im9sZCI7YTowOnt9czozOiJuZXciO2E6MDp7fX19',1767592972),
('gHEkVDgvpNVPGPdyH7lAuyrrSTX2LNhUpMRCtNBG',NULL,'78.153.140.203','Mozilla/5.0 (X11; U; Linux i686; fr; rv:1.9.1) Gecko/20090624 Firefox/3.5','YTozOntzOjY6Il90b2tlbiI7czo0MDoiVXdEQ0diS0YzcGRLNDBEa0xEQ3RiQXBwT2YwRWxNdGNsVjlTaE5pViI7czo5OiJfcHJldmlvdXMiO2E6MTp7czozOiJ1cmwiO3M6MzQ6Imh0dHBzOi8vMTY0LjkyLjI0NC4xOTIvP3BocGluZm89LTEiO31zOjY6Il9mbGFzaCI7YToyOntzOjM6Im9sZCI7YTowOnt9czozOiJuZXciO2E6MDp7fX19',1768140092),
('gJ1zZjdgj5IX1OFf8PoSfd3YwlBE0HBUrTkEHpKE',NULL,'104.199.46.221','python-requests/2.32.5','YTozOntzOjY6Il90b2tlbiI7czo0MDoiTVdiQjI5MnE3czNBamRmT01zZGZnNkFKQmZSYnRVeGhqM01EemF0WiI7czo5OiJfcHJldmlvdXMiO2E6MTp7czozOiJ1cmwiO3M6MjI6Imh0dHBzOi8vMTY0LjkyLjI0NC4xOTIiO31zOjY6Il9mbGFzaCI7YToyOntzOjM6Im9sZCI7YTowOnt9czozOiJuZXciO2E6MDp7fX19',1767974676),
('Gjkv5RF5PsGeFCuuNKKJYzADwAZcImNJIwHvNkrE',NULL,'89.147.136.198','WhatsApp/2.23.20.0','YTozOntzOjY6Il90b2tlbiI7czo0MDoiYmRWU1lpS0liOG41WWVYOUo1NGJKYkxxYmMyQW11SmFSVUNqaUNZaSI7czo5OiJfcHJldmlvdXMiO2E6MTp7czozOiJ1cmwiO3M6Mjg6Imh0dHBzOi8vZWhrYW0uYWJ1a2hhbGlsLnNpdGUiO31zOjY6Il9mbGFzaCI7YToyOntzOjM6Im9sZCI7YTowOnt9czozOiJuZXciO2E6MDp7fX19',1767166480),
('gJuOX0xAULze8CGzICCQJgh7qJKksF3vsEA6IbUT',NULL,'3.99.202.167','Mozilla/5.0 (Windows NT 10.0; Win64; x64) AppleWebKit/537.36 (KHTML, like Gecko) Chrome/60.0.3112.113 Safari/537.36 Assetnote/1.0.0','YTozOntzOjY6Il90b2tlbiI7czo0MDoiVTF4bDN3YVZ5RGdqMm9oQXhUS2xrOEhjVG5KaEhyYXY5SUJFYU9ZTiI7czo5OiJfcHJldmlvdXMiO2E6MTp7czozOiJ1cmwiO3M6MjI6Imh0dHBzOi8vMTY0LjkyLjI0NC4xOTIiO31zOjY6Il9mbGFzaCI7YToyOntzOjM6Im9sZCI7YTowOnt9czozOiJuZXciO2E6MDp7fX19',1767304532),
('gJVryYdwBNqTS4Qx7CxgHUpv2SzYJkuzgp6GHKmq',NULL,'85.217.140.3','Mozilla/5.0 (compatible; ModatScanner/1.2; +https://modat.io/)','YTozOntzOjY6Il90b2tlbiI7czo0MDoiUWk5dFBjcmhLc21uektwanhrT1Z0MXlDcEk0amJpVW1EczFCOFZCNSI7czo5OiJfcHJldmlvdXMiO2E6MTp7czozOiJ1cmwiO3M6MjI6Imh0dHBzOi8vMTY0LjkyLjI0NC4xOTIiO31zOjY6Il9mbGFzaCI7YToyOntzOjM6Im9sZCI7YTowOnt9czozOiJuZXciO2E6MDp7fX19',1768770161),
('GklLEmAnY7Y5QgclOluxye7QAThTFeUu3KrQ9k7o',NULL,'71.6.232.30','Mozilla/5.0 (Windows NT 10.0; Win64; x64) AppleWebKit/537.36 (KHTML, like Gecko) Chrome/134.0.0.0 Safari/537.36','YTozOntzOjY6Il90b2tlbiI7czo0MDoiZGd0alczTjA0Q055Slcwa2NGVGJLM1ltTnJNc2Y3bEhBRHVlT3lxcSI7czo5OiJfcHJldmlvdXMiO2E6MTp7czozOiJ1cmwiO3M6MjI6Imh0dHBzOi8vMTY0LjkyLjI0NC4xOTIiO31zOjY6Il9mbGFzaCI7YToyOntzOjM6Im9sZCI7YTowOnt9czozOiJuZXciO2E6MDp7fX19',1768831989),
('gLb1ty6tKk7SH1TDZaEu408hKYwFSeB2PQUecOUu',NULL,'35.187.31.145','python-requests/2.32.5','YTozOntzOjY6Il90b2tlbiI7czo0MDoidXlnOWZpakRPQW5xeUVjT0V1R1l4UDRrZUNsYURSS0E0dTNkTXZLNiI7czo5OiJfcHJldmlvdXMiO2E6MTp7czozOiJ1cmwiO3M6MjI6Imh0dHBzOi8vMTY0LjkyLjI0NC4xOTIiO31zOjY6Il9mbGFzaCI7YToyOntzOjM6Im9sZCI7YTowOnt9czozOiJuZXciO2E6MDp7fX19',1767575103),
('gMvzfaWhpZwIjR2pSmVWsfIa3HWWKaCDIkNneq9L',3,'212.146.176.71','Mozilla/5.0 (Windows NT 10.0; Win64; x64) AppleWebKit/537.36 (KHTML, like Gecko) Chrome/143.0.0.0 Safari/537.36 Edg/143.0.0.0','YTo0OntzOjY6Il90b2tlbiI7czo0MDoiaU5manFkZGxra0RUcVJpNjE2a3N2Q2t2cUFZaEl5WDNvRTdCRGxaTSI7czo5OiJfcHJldmlvdXMiO2E6MTp7czozOiJ1cmwiO3M6NDQ6Imh0dHBzOi8vZWhrYW0uYWJ1a2hhbGlsLnNpdGUvaW5kaWNhdG9yL2luZGV4Ijt9czo2OiJfZmxhc2giO2E6Mjp7czozOiJvbGQiO2E6MDp7fXM6MzoibmV3IjthOjA6e319czo1MDoibG9naW5fd2ViXzU5YmEzNmFkZGMyYjJmOTQwMTU4MGYwMTRjN2Y1OGVhNGUzMDk4OWQiO2k6Mzt9',1768198557),
('goTL8GC0OQtqDAHnYS0Uv1WYMxySG9k6lWeoBv8C',NULL,'95.215.0.144','fasthttp','YTozOntzOjY6Il90b2tlbiI7czo0MDoieE5yaXlhbXR5QWpVYWNSc05DMTRhM3BLVVhxRUVtVFpPamdHQnJFRyI7czo5OiJfcHJldmlvdXMiO2E6MTp7czozOiJ1cmwiO3M6MjI6Imh0dHBzOi8vMTY0LjkyLjI0NC4xOTIiO31zOjY6Il9mbGFzaCI7YToyOntzOjM6Im9sZCI7YTowOnt9czozOiJuZXciO2E6MDp7fX19',1767730017),
('gpEnkhQKyDO6BebdV43BKZChq0ZlOJHTMALNvMiG',NULL,'85.217.140.9','Mozilla/5.0 (compatible; ModatScanner/1.2; +https://modat.io/)','YTozOntzOjY6Il90b2tlbiI7czo0MDoiaVhqZkc1enpVZUV3M2pMWkkyZ0tpak83c1BmNDRoZ0ROUU9WdjJSZiI7czo5OiJfcHJldmlvdXMiO2E6MTp7czozOiJ1cmwiO3M6MjI6Imh0dHBzOi8vMTY0LjkyLjI0NC4xOTIiO31zOjY6Il9mbGFzaCI7YToyOntzOjM6Im9sZCI7YTowOnt9czozOiJuZXciO2E6MDp7fX19',1768795402),
('gveIbVE4gfaIf9Hz5lax2ytplDnvDrFVSNsdNvgl',NULL,'216.180.246.12','\'Mozilla/5.0 (compatible; GenomeCrawlerd/1.0; +https://www.nokia.com/genomecrawler)\'','YTozOntzOjY6Il90b2tlbiI7czo0MDoiYjFyVlkzN2pRVkxpbUlYQ3NPVVdidGR5cTR3Vmc4a0VsM1NUaTc3byI7czo5OiJfcHJldmlvdXMiO2E6MTp7czozOiJ1cmwiO3M6MjI6Imh0dHBzOi8vMTY0LjkyLjI0NC4xOTIiO31zOjY6Il9mbGFzaCI7YToyOntzOjM6Im9sZCI7YTowOnt9czozOiJuZXciO2E6MDp7fX19',1768413998),
('GWCMPubJ3K6jc1SmpFMIjmvqldoPIdcxCnlTgnZG',NULL,'91.84.64.84','Mozilla/5.0 (Linux; Android 6.0; Nexus 5 Build/MRA58N) AppleWebKit/537.36 (KHTML, like Gecko) Chrome/130.0.0.0 Mobile Safari/537.36','YTozOntzOjY6Il90b2tlbiI7czo0MDoiVU5RcThKNEpkcVNNUFhMcHk2U0ZjSWhQelNWODlMNDBEV3d6UGtDTSI7czo5OiJfcHJldmlvdXMiO2E6MTp7czozOiJ1cmwiO3M6Mjg6Imh0dHBzOi8vZWhrYW0uYWJ1a2hhbGlsLnNpdGUiO31zOjY6Il9mbGFzaCI7YToyOntzOjM6Im9sZCI7YTowOnt9czozOiJuZXciO2E6MDp7fX19',1766814658),
('gWyjE6tMnuI4aa6pzxmtnu4hQoeHFZQGW2d43gcy',NULL,'44.220.188.102','Mozilla/5.0 (Windows NT 6.2;en-US) AppleWebKit/537.32.36 (KHTML, live Gecko) Chrome/58.0.3097.73 Safari/537.32','YTozOntzOjY6Il90b2tlbiI7czo0MDoiVmYzeG1KWUt1WlhONXhRdUtjY0NjNkdhRlpiVDFJQlc1dlVPYXl4VyI7czo5OiJfcHJldmlvdXMiO2E6MTp7czozOiJ1cmwiO3M6MjI6Imh0dHBzOi8vMTY0LjkyLjI0NC4xOTIiO31zOjY6Il9mbGFzaCI7YToyOntzOjM6Im9sZCI7YTowOnt9czozOiJuZXciO2E6MDp7fX19',1767882974),
('GXFtZQPRlWEJqDKGVY2t2wfoZefAwU57kyn76l4I',NULL,'54.163.2.228','Mozilla/5.0 (Macintosh; Intel Mac OS X 10_15_7) AppleWebKit/537.36 (KHTML, like Gecko) Chrome/120.0.0.0 Safari/537.36','YTozOntzOjY6Il90b2tlbiI7czo0MDoiTFZEWTdVUFZWdUxXR1dxN3dBeGp0TVhRS1VhRTVNWWl3UnlFdTZSdCI7czo5OiJfcHJldmlvdXMiO2E6MTp7czozOiJ1cmwiO3M6MjI6Imh0dHBzOi8vMTY0LjkyLjI0NC4xOTIiO31zOjY6Il9mbGFzaCI7YToyOntzOjM6Im9sZCI7YTowOnt9czozOiJuZXciO2E6MDp7fX19',1768588516),
('gyi3lBCfKeaKqbec9mPP2vudc9Q98RGCHYCjDdy1',NULL,'91.84.64.84','Mozilla/5.0 (Linux; Android 6.0; Nexus 5 Build/MRA58N) AppleWebKit/537.36 (KHTML, like Gecko) Chrome/130.0.0.0 Mobile Safari/537.36','YTozOntzOjY6Il90b2tlbiI7czo0MDoiS01Dd1N6UmIyNE4zY0Z1cXJNWjFvZFJUa0dMcHJZajBxTU9PMks2UCI7czo5OiJfcHJldmlvdXMiO2E6MTp7czozOiJ1cmwiO3M6Mjg6Imh0dHBzOi8vZWhrYW0uYWJ1a2hhbGlsLnNpdGUiO31zOjY6Il9mbGFzaCI7YToyOntzOjM6Im9sZCI7YTowOnt9czozOiJuZXciO2E6MDp7fX19',1766874055),
('Gz92PMM4zGNZdUtfSbiB0gYf1ojl2XkGMiaUQ7wZ',NULL,'172.235.235.248','Mozilla/5.0 (Macintosh; Intel Mac OS X 13.7; rv:141.0) Gecko/20100101 Firefox/141.0','YTozOntzOjY6Il90b2tlbiI7czo0MDoiVlhOZ21YWFZEWDYydjliWjJ6VmMwQ2IwUWVXdnc2MGp5SUx4VUJxNyI7czo5OiJfcHJldmlvdXMiO2E6MTp7czozOiJ1cmwiO3M6Mjg6Imh0dHBzOi8vMTY0LjkyLjI0NC4xOTIvbG9naW4iO31zOjY6Il9mbGFzaCI7YToyOntzOjM6Im9sZCI7YTowOnt9czozOiJuZXciO2E6MDp7fX19',1767161089),
('GzMLp96vOofgt8AVYslFAudOXlTW5sY8xLavxDZv',NULL,'92.63.197.50','Mozilla/5.0 (Windows NT 10.0; Win64; x64) AppleWebKit/537.36 (KHTML, like Gecko) Chrome/140.0.0.0 Safari/537.36','YTozOntzOjY6Il90b2tlbiI7czo0MDoicG1tcGRneGZCdlJuZnliQzhVcnNJaGkwd0xIZDRySkVHSUJWUkJHdSI7czo5OiJfcHJldmlvdXMiO2E6MTp7czozOiJ1cmwiO3M6MjI6Imh0dHBzOi8vMTY0LjkyLjI0NC4xOTIiO31zOjY6Il9mbGFzaCI7YToyOntzOjM6Im9sZCI7YTowOnt9czozOiJuZXciO2E6MDp7fX19',1767161139),
('gZTeiD0uSUmgxhwMGfW85ttLoeEDqKT5ys8PgIzN',NULL,'172.104.30.66','','YTozOntzOjY6Il90b2tlbiI7czo0MDoicllSWDVlRmJSRjZXQW1NMUxDTGRhakcxR0VTdXRUVjVVdmdaSTZVTiI7czo5OiJfcHJldmlvdXMiO2E6MTp7czozOiJ1cmwiO3M6Mjg6Imh0dHBzOi8vZWhrYW0uYWJ1a2hhbGlsLnNpdGUiO31zOjY6Il9mbGFzaCI7YToyOntzOjM6Im9sZCI7YTowOnt9czozOiJuZXciO2E6MDp7fX19',1768188604),
('H1Rv3uOWruwA19z0q1TYhTNcDfzOfgAcPUL7wDvt',NULL,'79.124.40.174','Mozilla/5.0 (Windows NT 10.0; Win64; x64) AppleWebKit/537.36 (KHTML, like Gecko) Chrome/78.0.3904.108 Safari/537.36','YTozOntzOjY6Il90b2tlbiI7czo0MDoiNFk4VTVhSDF1TUd6NDhTY1NqV3BCQm8wWjNkSkp3TWNKS1BKaXlFQSI7czo5OiJfcHJldmlvdXMiO2E6MTp7czozOiJ1cmwiO3M6NTM6Imh0dHBzOi8vMTY0LjkyLjI0NC4xOTIvP1hERUJVR19TRVNTSU9OX1NUQVJUPXBocHN0b3JtIjt9czo2OiJfZmxhc2giO2E6Mjp7czozOiJvbGQiO2E6MDp7fXM6MzoibmV3IjthOjA6e319fQ==',1768339413),
('h6pMzbtlUbnmz6qLKlavfg7QAwnwDzxBFQ9yR1ob',NULL,'204.76.203.18','','YTozOntzOjY6Il90b2tlbiI7czo0MDoicDZkbURJa2J4NEk5SXRNRGt3d2ZEODVhSzdUeWJabHlTS3BwWVlWTyI7czo5OiJfcHJldmlvdXMiO2E6MTp7czozOiJ1cmwiO3M6MjI6Imh0dHBzOi8vMTY0LjkyLjI0NC4xOTIiO31zOjY6Il9mbGFzaCI7YToyOntzOjM6Im9sZCI7YTowOnt9czozOiJuZXciO2E6MDp7fX19',1768400093),
('h8gyZpUNk7bEpNjXiBG3dhqN8DGg9SjXvo7cuLaj',NULL,'157.245.1.188','Mozilla/5.0 (Ubuntu; Linux x86_64; rv:122.0) Gecko/20100101 Firefox/122.0','YTozOntzOjY6Il90b2tlbiI7czo0MDoic2pHbXpHeFMzZjlPaTFEZGhWbUMyR0dNTktnY3B5U0ZtblRQbktDQyI7czo5OiJfcHJldmlvdXMiO2E6MTp7czozOiJ1cmwiO3M6MjI6Imh0dHBzOi8vMTY0LjkyLjI0NC4xOTIiO31zOjY6Il9mbGFzaCI7YToyOntzOjM6Im9sZCI7YTowOnt9czozOiJuZXciO2E6MDp7fX19',1768280719),
('HaeELRwhXvC0eURYfJ1ZYUzbKOuyL9L4TYilc0u3',NULL,'209.38.248.17','Mozilla/5.0 (l9scan/2.0.239313e2434323e22393e2436313; +https://leakix.net)','YTozOntzOjY6Il90b2tlbiI7czo0MDoiZEljZTVWOVRmYzdlUDNIYnF6WmRLMEpsa0JIcjM0aVNWOFhMdlZIdyI7czo5OiJfcHJldmlvdXMiO2E6MTp7czozOiJ1cmwiO3M6NjI6Imh0dHBzOi8vZWhrYW0uYWJ1a2hhbGlsLnNpdGUvP3Jlc3Rfcm91dGU9JTJGd3AlMkZ2MiUyRnVzZXJzJTJGIjt9czo2OiJfZmxhc2giO2E6Mjp7czozOiJvbGQiO2E6MDp7fXM6MzoibmV3IjthOjA6e319fQ==',1766783950),
('haMQy9wGe4mWwoflGBphmYYWaeQGCzMwymREhlfj',NULL,'167.94.138.178','Mozilla/5.0 (compatible; CensysInspect/1.1; +https://about.censys.io/)','YTozOntzOjY6Il90b2tlbiI7czo0MDoic0J4SDJLWFFvNDdyYm1EWjhQdk92UE1pd1VyWWhRYWhrbzRSc0U4cCI7czo5OiJfcHJldmlvdXMiO2E6MTp7czozOiJ1cmwiO3M6MjI6Imh0dHBzOi8vMTY0LjkyLjI0NC4xOTIiO31zOjY6Il9mbGFzaCI7YToyOntzOjM6Im9sZCI7YTowOnt9czozOiJuZXciO2E6MDp7fX19',1768348787),
('hAnlqmIR3sH4A0G9xZ40nxK94uOBZW009etUskUk',NULL,'147.185.133.25','Hello from Palo Alto Networks, find out more about our scans in https://docs-cortex.paloaltonetworks.com/r/1/Cortex-Xpanse/Scanning-activity','YTozOntzOjY6Il90b2tlbiI7czo0MDoiQ3drUUhRU3FGaU5FZTdyNkRTTWthTkN0Z2hTUFdRUEptMnZsWXBpbiI7czo5OiJfcHJldmlvdXMiO2E6MTp7czozOiJ1cmwiO3M6MjI6Imh0dHBzOi8vMTY0LjkyLjI0NC4xOTIiO31zOjY6Il9mbGFzaCI7YToyOntzOjM6Im9sZCI7YTowOnt9czozOiJuZXciO2E6MDp7fX19',1767426366),
('Hbt9ZvHGGF6odWN9NwZfdaKVwhuJiyhHECVNcZVQ',NULL,'34.77.191.38','python-requests/2.32.5','YTozOntzOjY6Il90b2tlbiI7czo0MDoiZ2FFYjhkanN5cGs2YmdaVmdudVRCaDMybExFbWM2SmFLRjdBeXFkNSI7czo5OiJfcHJldmlvdXMiO2E6MTp7czozOiJ1cmwiO3M6MjI6Imh0dHBzOi8vMTY0LjkyLjI0NC4xOTIiO31zOjY6Il9mbGFzaCI7YToyOntzOjM6Im9sZCI7YTowOnt9czozOiJuZXciO2E6MDp7fX19',1768694297),
('HBYBKfscB7uzAwpcVBXfTtxX9TBlvgT3e3xdhV1Y',NULL,'43.133.220.37','Mozilla/5.0 (iPhone; CPU iPhone OS 13_2_3 like Mac OS X) AppleWebKit/605.1.15 (KHTML, like Gecko) Version/13.0.3 Mobile/15E148 Safari/604.1','YTozOntzOjY6Il90b2tlbiI7czo0MDoiMmI3aUZtRURuYzcxNjRQSUg4Nk41Wk5mbk1LY210SlNpUkk1aENLQyI7czo5OiJfcHJldmlvdXMiO2E6MTp7czozOiJ1cmwiO3M6MjI6Imh0dHBzOi8vMTY0LjkyLjI0NC4xOTIiO31zOjY6Il9mbGFzaCI7YToyOntzOjM6Im9sZCI7YTowOnt9czozOiJuZXciO2E6MDp7fX19',1767546315),
('HCFPW763F2RZSDgybdTRv3FvUnYUfUqTTTlofWmM',NULL,'152.32.170.230','Mozilla/5.0 (Macintosh; Intel Mac OS X 9_1_2) AppleWebKit/595.55 (KHTML, like Gecko) Chrome/102.0.1245 Safari/537.36','YTozOntzOjY6Il90b2tlbiI7czo0MDoiVXMxUTRaaDdNcm04U29wU3NibDNwSG5seERVYks5MXdva2p5cHZ5SiI7czo5OiJfcHJldmlvdXMiO2E6MTp7czozOiJ1cmwiO3M6MjI6Imh0dHBzOi8vMTY0LjkyLjI0NC4xOTIiO31zOjY6Il9mbGFzaCI7YToyOntzOjM6Im9sZCI7YTowOnt9czozOiJuZXciO2E6MDp7fX19',1767386370),
('HCnrWSllCXrX0DOdHH7HtsBpwDKSITxL1RJyMHOp',NULL,'87.121.84.181','Mozilla/5.0 (X11; Linux x86_64; rv:140.0) Gecko/20100101 Firefox/140.0','YTozOntzOjY6Il90b2tlbiI7czo0MDoiOTI2cXIwTWJPNzlMYzFiSDM3RDR2WjZDN2x5d1BheU52cjlaRE9BYSI7czo5OiJfcHJldmlvdXMiO2E6MTp7czozOiJ1cmwiO3M6MjI6Imh0dHBzOi8vMTY0LjkyLjI0NC4xOTIiO31zOjY6Il9mbGFzaCI7YToyOntzOjM6Im9sZCI7YTowOnt9czozOiJuZXciO2E6MDp7fX19',1766784451),
('hcYG8xo2jiypdOgGRnbTTScDBHKNskQlZ6j3unhA',NULL,'45.156.128.45','Mozilla/5.0 (Windows NT 10.0; Win64; x64) AppleWebKit/537.36 (KHTML, like Gecko) Chrome/60.0.3112.113 Safari/537.36','YTozOntzOjY6Il90b2tlbiI7czo0MDoiQktId3NzVlFBV2ZEZlo5allWRWpxSnhTa2I0N1ZXd0ZGSXJtOEtSeCI7czo5OiJfcHJldmlvdXMiO2E6MTp7czozOiJ1cmwiO3M6MjI6Imh0dHBzOi8vMTY0LjkyLjI0NC4xOTIiO31zOjY6Il9mbGFzaCI7YToyOntzOjM6Im9sZCI7YTowOnt9czozOiJuZXciO2E6MDp7fX19',1768354437),
('HCYKz8GhABtioq5w3ewGLCoRYxgadgvHdbquPsey',NULL,'185.12.59.118','Mozilla/5.0 (Windows NT 10.0; Win64; x64; rv:132.0) Gecko/20100101 Firefox/132.0','YTozOntzOjY6Il90b2tlbiI7czo0MDoiR1JaTXZNRWpqQlJOQzM3T3RIVXhWeDVybFdKTnhxQnJjT3A1RXR0TyI7czo5OiJfcHJldmlvdXMiO2E6MTp7czozOiJ1cmwiO3M6MjI6Imh0dHBzOi8vMTY0LjkyLjI0NC4xOTIiO31zOjY6Il9mbGFzaCI7YToyOntzOjM6Im9sZCI7YTowOnt9czozOiJuZXciO2E6MDp7fX19',1767289072),
('HD3EcNNJJWhrMCZX944yhdjWvZybxm02YsGbcPX1',NULL,'66.132.153.140','Mozilla/5.0 (compatible; CensysInspect/1.1; +https://about.censys.io/)','YTozOntzOjY6Il90b2tlbiI7czo0MDoibHBFZGJ1MHh4R2VMOFFja0w3SThGdUE2Rm9WaVJ1NktSRU51ekFRWCI7czo5OiJfcHJldmlvdXMiO2E6MTp7czozOiJ1cmwiO3M6MjI6Imh0dHBzOi8vMTY0LjkyLjI0NC4xOTIiO31zOjY6Il9mbGFzaCI7YToyOntzOjM6Im9sZCI7YTowOnt9czozOiJuZXciO2E6MDp7fX19',1767035335),
('hdK6nxrSvQgCcciDv0y5rXTpokJcUMGSV45olEsZ',NULL,'117.29.52.208','Mozilla/5.0 (Windows NT 6.1) AppleWebKit/537.36 (KHTML, like Gecko) Chrome/49.0.2623.112 Safari/537.36','YTozOntzOjY6Il90b2tlbiI7czo0MDoiNGN1UzYwMDJncFhvZHE5Qm43TXZ1OUROd2E3ODlxS1c4RFlhbTFpRCI7czo5OiJfcHJldmlvdXMiO2E6MTp7czozOiJ1cmwiO3M6MjI6Imh0dHBzOi8vMTY0LjkyLjI0NC4xOTIiO31zOjY6Il9mbGFzaCI7YToyOntzOjM6Im9sZCI7YTowOnt9czozOiJuZXciO2E6MDp7fX19',1767832552),
('hDwD4iqAG36Vg8ht38fYRIo2FIaLQoK5E8Yra6fv',1,'89.147.136.198','Mozilla/5.0 (Macintosh; Intel Mac OS X 10.15; rv:146.0) Gecko/20100101 Firefox/146.0','YTo0OntzOjY6Il90b2tlbiI7czo0MDoiV3V2R2JzN01sbWhMRWNRa3BTeFh3bndSWXRUZFNZMDBHNHpNd0RVeSI7czo5OiJfcHJldmlvdXMiO2E6MTp7czozOiJ1cmwiO3M6NDI6Imh0dHBzOi8vZWhrYW0uYWJ1a2hhbGlsLmFwcC9hY3Rpdml0eS9pbmRleCI7fXM6NjoiX2ZsYXNoIjthOjI6e3M6Mzoib2xkIjthOjA6e31zOjM6Im5ldyI7YTowOnt9fXM6NTA6ImxvZ2luX3dlYl81OWJhMzZhZGRjMmIyZjk0MDE1ODBmMDE0YzdmNThlYTRlMzA5ODlkIjtpOjE7fQ==',1766645688),
('hF3hsbRZWIzKf5TVxvg9dlLRvwieZtwJpeMvVur7',NULL,'35.187.31.145','python-requests/2.32.5','YTozOntzOjY6Il90b2tlbiI7czo0MDoiWE1wb0RNc0o3aG13QmxORWVDWTBoOXduZnNBNHB6Z01wTDNFYjRoRSI7czo5OiJfcHJldmlvdXMiO2E6MTp7czozOiJ1cmwiO3M6MjI6Imh0dHBzOi8vMTY0LjkyLjI0NC4xOTIiO31zOjY6Il9mbGFzaCI7YToyOntzOjM6Im9sZCI7YTowOnt9czozOiJuZXciO2E6MDp7fX19',1767741372),
('HG7uWrf2D8nqP1Ntiq7wbWa3C7Hb01x2zz87qR8G',NULL,'18.130.24.13','Mozilla/5.0 (Windows NT 10.0; Win64; x64) AppleWebKit/537.36 (KHTML, like Gecko) Chrome/60.0.3112.113 Safari/537.36 Assetnote/1.0.0','YTozOntzOjY6Il90b2tlbiI7czo0MDoiRTlSM1lDTWdCOUs3Nmo0SW1BS040a0FPWmJhRDhwMHhSdkd1U1ZJRCI7czo5OiJfcHJldmlvdXMiO2E6MTp7czozOiJ1cmwiO3M6MjI6Imh0dHBzOi8vMTY0LjkyLjI0NC4xOTIiO31zOjY6Il9mbGFzaCI7YToyOntzOjM6Im9sZCI7YTowOnt9czozOiJuZXciO2E6MDp7fX19',1768846896),
('HGiuBOQZFaT6hN3cXo4HUEvFpDOYqXFXTGuiJdxs',NULL,'68.183.144.91','Mozilla/5.0 (Macintosh; Intel Mac OS X 10_15_7) AppleWebKit/537.36 (KHTML, like Gecko) Chrome/136.0.0.0 Safari/537.36','YTozOntzOjY6Il90b2tlbiI7czo0MDoiY2dDdWZVekdCQTNXYUpya1NCQlNJMWFFTmZBNzZmOTNsNWRpWGl1cCI7czo5OiJfcHJldmlvdXMiO2E6MTp7czozOiJ1cmwiO3M6Mjg6Imh0dHBzOi8vZWhrYW0uYWJ1a2hhbGlsLnNpdGUiO31zOjY6Il9mbGFzaCI7YToyOntzOjM6Im9sZCI7YTowOnt9czozOiJuZXciO2E6MDp7fX19',1767386584),
('HgKHmnt4jzHnvbPrWXqjvsTKJ1MlyQtQZcEElGn8',NULL,'204.76.203.18','','YTozOntzOjY6Il90b2tlbiI7czo0MDoienh1NG5QblFSaG91cDFXRjRxU25wMkI2ZzVvb1luV2l3MGllS0VUeCI7czo5OiJfcHJldmlvdXMiO2E6MTp7czozOiJ1cmwiO3M6MjI6Imh0dHBzOi8vMTY0LjkyLjI0NC4xOTIiO31zOjY6Il9mbGFzaCI7YToyOntzOjM6Im9sZCI7YTowOnt9czozOiJuZXciO2E6MDp7fX19',1767737150),
('HGPRRycFvyM82AqLbRamkOsYJaUj7ESNiDAsOEIh',NULL,'172.235.235.248','Mozilla/5.0 (Macintosh; Intel Mac OS X 13.7; rv:141.0) Gecko/20100101 Firefox/141.0','YTozOntzOjY6Il90b2tlbiI7czo0MDoidzY4TUhZSDVmM3ZsRWp4QUQ3QXVZeWlqQlJ5WVRlakgyY3hDSkRhbSI7czo5OiJfcHJldmlvdXMiO2E6MTp7czozOiJ1cmwiO3M6MjI6Imh0dHBzOi8vMTY0LjkyLjI0NC4xOTIiO31zOjY6Il9mbGFzaCI7YToyOntzOjM6Im9sZCI7YTowOnt9czozOiJuZXciO2E6MDp7fX19',1767161090),
('hiNrcfx0R2jaQsvzXr39hhJfLV0LCPhv1KCPS5Qo',NULL,'64.62.156.10','Mozilla/5.0 (Windows NT 10.0; Win64; x64) AppleWebKit/537.36 (KHTML, like Gecko) Chrome/139.0.0.0 Safari/537.36 Edg/139.0.0.0','YTozOntzOjY6Il90b2tlbiI7czo0MDoiR3dIdUNNY01RODgxSDZjZElYY1BzVkJLSlBFejNrS3NsZEw5bFZMNSI7czo5OiJfcHJldmlvdXMiO2E6MTp7czozOiJ1cmwiO3M6MjI6Imh0dHBzOi8vMTY0LjkyLjI0NC4xOTIiO31zOjY6Il9mbGFzaCI7YToyOntzOjM6Im9sZCI7YTowOnt9czozOiJuZXciO2E6MDp7fX19',1768721829),
('hj9l6ekQXP6OB6INiXS0q0lBPTgIWbBt1ml2Laus',NULL,'79.124.40.174','Mozilla/5.0 (Windows NT 10.0; Win64; x64) AppleWebKit/537.36 (KHTML, like Gecko) Chrome/78.0.3904.108 Safari/537.36','YTozOntzOjY6Il90b2tlbiI7czo0MDoiQ3VUQzNhQnQyWWphdFdhdExnYmdxc0NVb2U0ajJIWUxlNWhZMElKdiI7czo5OiJfcHJldmlvdXMiO2E6MTp7czozOiJ1cmwiO3M6NTM6Imh0dHBzOi8vMTY0LjkyLjI0NC4xOTIvP1hERUJVR19TRVNTSU9OX1NUQVJUPXBocHN0b3JtIjt9czo2OiJfZmxhc2giO2E6Mjp7czozOiJvbGQiO2E6MDp7fXM6MzoibmV3IjthOjA6e319fQ==',1767605035),
('HjbIOqweCJBwKUNavcMR2MpSl6ZBR3MzO2AtakXy',NULL,'109.105.210.104','Mozilla/5.0 (Windows NT 10.0; Win64; x64) AppleWebKit/537.36 (KHTML, like Gecko) Chrome/60.0.3112.113 Safari/537.36','YTozOntzOjY6Il90b2tlbiI7czo0MDoiVEgzOWplZ3RGTGRydGNZR0draFdkaWMzSGFWRWhSZTZFQlRBeVhtZyI7czo5OiJfcHJldmlvdXMiO2E6MTp7czozOiJ1cmwiO3M6MjI6Imh0dHBzOi8vMTY0LjkyLjI0NC4xOTIiO31zOjY6Il9mbGFzaCI7YToyOntzOjM6Im9sZCI7YTowOnt9czozOiJuZXciO2E6MDp7fX19',1768576479),
('hkREO2tY9T9wyvWynRsFB0Di2piOpUKhQBlM1Lrx',NULL,'209.38.248.17','','YTozOntzOjY6Il90b2tlbiI7czo0MDoicDFDNXV4aGlKd1pBSG43Z3lJYnRwQ29pQnl6bDJkWFZnUXRDcXBuQSI7czo5OiJfcHJldmlvdXMiO2E6MTp7czozOiJ1cmwiO3M6Mjg6Imh0dHBzOi8vZWhrYW0uYWJ1a2hhbGlsLnNpdGUiO31zOjY6Il9mbGFzaCI7YToyOntzOjM6Im9sZCI7YTowOnt9czozOiJuZXciO2E6MDp7fX19',1766783917),
('hKuY7O0VfroRmt36GqXnsGrIe5TsM5WI9ZkSl0Ck',NULL,'71.6.232.23','Mozilla/5.0 (Windows NT 10.0; Win64; x64) AppleWebKit/537.36 (KHTML, like Gecko) Chrome/134.0.0.0 Safari/537.36','YTozOntzOjY6Il90b2tlbiI7czo0MDoibWdVdmJvOTBtTHRqZ2ptMzJiQkZQZ0hXUVVFSUVJS2Z1WjhFV2x4cSI7czo5OiJfcHJldmlvdXMiO2E6MTp7czozOiJ1cmwiO3M6MjI6Imh0dHBzOi8vMTY0LjkyLjI0NC4xOTIiO31zOjY6Il9mbGFzaCI7YToyOntzOjM6Im9sZCI7YTowOnt9czozOiJuZXciO2E6MDp7fX19',1768255735),
('HkXotWZnrKj626I93mTZv2PmoOkWnfBgXhznGnXU',NULL,'138.199.81.23','Mozilla/5.0 (Windows NT 10.0; Win64; x64) AppleWebKit/537.36 (KHTML, like Gecko) Chrome/143.0.0.0 Safari/537.36','YTozOntzOjY6Il90b2tlbiI7czo0MDoiU3FtTVFYYmQ3MVZzVVE1Z1VCenRYMU1IcGhBRVRHbUcwemtKa0FGNCI7czo5OiJfcHJldmlvdXMiO2E6MTp7czozOiJ1cmwiO3M6MzQ6Imh0dHBzOi8vZWhrYW0uYWJ1a2hhbGlsLnNpdGUvbG9naW4iO31zOjY6Il9mbGFzaCI7YToyOntzOjM6Im9sZCI7YTowOnt9czozOiJuZXciO2E6MDp7fX19',1767182733),
('hmuZMiahVB0uZna9DNAxyHpYK4lVIStDu6ZOnqDk',NULL,'3.143.33.63','cypex.ai/scanning Mozilla/5.0 (Macintosh; Intel Mac OS X 10_15_7) Chrome/126.0.0.0 Safari/537.36','YTozOntzOjY6Il90b2tlbiI7czo0MDoiRm1RNFhkR3M1ZTZtNURNb2N2U2J1WmxETUVzdGM2dlZxQ1pXU2pJQiI7czo5OiJfcHJldmlvdXMiO2E6MTp7czozOiJ1cmwiO3M6MjI6Imh0dHBzOi8vMTY0LjkyLjI0NC4xOTIiO31zOjY6Il9mbGFzaCI7YToyOntzOjM6Im9sZCI7YTowOnt9czozOiJuZXciO2E6MDp7fX19',1768102067),
('hnBlXxVgRpIIdFBe0OMcnwQ1RuiqCjqcZwKlaDqL',NULL,'87.121.84.44','Mozilla/5.0 (X11; Linux x86_64; rv:140.0) Gecko/20100101 Firefox/140.0','YTozOntzOjY6Il90b2tlbiI7czo0MDoicVFkYWoyc1YwblpmdnV3TXZRbVNWYndtR0lLVXFXRTNxRkMzeVpkMSI7czo5OiJfcHJldmlvdXMiO2E6MTp7czozOiJ1cmwiO3M6MjI6Imh0dHBzOi8vMTY0LjkyLjI0NC4xOTIiO31zOjY6Il9mbGFzaCI7YToyOntzOjM6Im9sZCI7YTowOnt9czozOiJuZXciO2E6MDp7fX19',1767052600),
('hnIUFbBRCzVZPppIb5sXPOK1PvGGvU2vOPNjJCvZ',NULL,'135.237.125.135','Mozilla/5.0 zgrab/0.x','YTozOntzOjY6Il90b2tlbiI7czo0MDoiZjRNd1BpcEtuaXk4UkEwZGJWVVJyNGNFclRLdVRwOHhIZEFwNlJxMCI7czo5OiJfcHJldmlvdXMiO2E6MTp7czozOiJ1cmwiO3M6Mjg6Imh0dHBzOi8vMTY0LjkyLjI0NC4xOTIvbG9naW4iO31zOjY6Il9mbGFzaCI7YToyOntzOjM6Im9sZCI7YTowOnt9czozOiJuZXciO2E6MDp7fX19',1767110636),
('hoiQt5PmWV2wA0THnC5bAmqNye1pys3dBwhKh7tI',NULL,'91.228.110.58','Mozilla/5.0 (Windows NT 10.0; Win64; x64) AppleWebKit/537.36 (KHTML, like Gecko) Chrome/125.0.0.0 Safari/537.36','YTozOntzOjY6Il90b2tlbiI7czo0MDoiZmJUN0x6QWlZTDZGc3NMVkEzYkRqQkpmc1FPVlkydmY1V3JseTdpMyI7czo5OiJfcHJldmlvdXMiO2E6MTp7czozOiJ1cmwiO3M6MjI6Imh0dHBzOi8vMTY0LjkyLjI0NC4xOTIiO31zOjY6Il9mbGFzaCI7YToyOntzOjM6Im9sZCI7YTowOnt9czozOiJuZXciO2E6MDp7fX19',1766850676),
('hPEDpwXRST0yaMArFoqrb6RFBveVbboYZmJ3moBX',NULL,'167.94.138.204','Mozilla/5.0 (compatible; CensysInspect/1.1; +https://about.censys.io/)','YTozOntzOjY6Il90b2tlbiI7czo0MDoiZnY3djdYNnowU1JNbUNzSVBtRXU4c2ZxOWZoUmk0VTNNbFdtSTZsOSI7czo5OiJfcHJldmlvdXMiO2E6MTp7czozOiJ1cmwiO3M6Mjg6Imh0dHBzOi8vMTY0LjkyLjI0NC4xOTIvbG9naW4iO31zOjY6Il9mbGFzaCI7YToyOntzOjM6Im9sZCI7YTowOnt9czozOiJuZXciO2E6MDp7fX19',1767696968),
('hQfmKQ4ZDKweDxr42fwO32B5Oai5qArwUtjUiUrz',NULL,'13.86.117.139','Mozilla/5.0 zgrab/0.x','YTozOntzOjY6Il90b2tlbiI7czo0MDoiNTRLeXozMzN5QTB5NjB6YVV3cjI1bTM2azFjRFhWT3BDcFI1dWhVNCI7czo5OiJfcHJldmlvdXMiO2E6MTp7czozOiJ1cmwiO3M6MjI6Imh0dHBzOi8vMTY0LjkyLjI0NC4xOTIiO31zOjY6Il9mbGFzaCI7YToyOntzOjM6Im9sZCI7YTowOnt9czozOiJuZXciO2E6MDp7fX19',1768231647),
('HsFNaofFT989sfnR03IUULaotTdfq47G3Uioc5uZ',NULL,'141.148.153.213','Mozilla/5.0 (iPhone; CPU iPhone OS 17_0 like Mac OS X) AppleWebKit/605.1.15 (KHTML, like Gecko) Version/17.0 Mobile/15E148 Safari/604.1','YTozOntzOjY6Il90b2tlbiI7czo0MDoiRExFaVRMdmFmeExxOVB3bDB1b2RyZ1JmYmZOcENqVHJFU2FLUEFhTSI7czo5OiJfcHJldmlvdXMiO2E6MTp7czozOiJ1cmwiO3M6Mjg6Imh0dHBzOi8vZWhrYW0uYWJ1a2hhbGlsLnNpdGUiO31zOjY6Il9mbGFzaCI7YToyOntzOjM6Im9sZCI7YTowOnt9czozOiJuZXciO2E6MDp7fX19',1766870316),
('HSoKateoAxgmhH5P3Vl1CY6dqlbNxijuhQKT9V6g',NULL,'150.241.68.165','Mozilla/5.0','YTozOntzOjY6Il90b2tlbiI7czo0MDoiOEh3UlhjMWVrVVJRRjV0Q21YdHBqdm5PaGdCTk5aSmg0RVBCOEM4eiI7czo5OiJfcHJldmlvdXMiO2E6MTp7czozOiJ1cmwiO3M6Mjg6Imh0dHBzOi8vMTY0LjkyLjI0NC4xOTIvbG9naW4iO31zOjY6Il9mbGFzaCI7YToyOntzOjM6Im9sZCI7YTowOnt9czozOiJuZXciO2E6MDp7fX19',1768386363),
('hSSqqtQQdKGjmHqAYkePrs54od81SV2EVcmEyd9M',NULL,'167.94.146.56','Mozilla/5.0 (compatible; CensysInspect/1.1; +https://about.censys.io/)','YTozOntzOjY6Il90b2tlbiI7czo0MDoiRnB4WnE1MlZ5RGMwb3JROWlmekU2Q0NwSVAwbURMZDA4T2hOZDQ2RyI7czo5OiJfcHJldmlvdXMiO2E6MTp7czozOiJ1cmwiO3M6MjI6Imh0dHBzOi8vMTY0LjkyLjI0NC4xOTIiO31zOjY6Il9mbGFzaCI7YToyOntzOjM6Im9sZCI7YTowOnt9czozOiJuZXciO2E6MDp7fX19',1767553905),
('hTKNmX5MN68EOYWu5pNSibw7ZFxfMIbZ0wA4uU7M',NULL,'130.12.180.19','Mozilla/5.0 (X11; Linux x86_64; rv:140.0) Gecko/20100101 Firefox/140.0','YTozOntzOjY6Il90b2tlbiI7czo0MDoic0RLT0hWdDZrbXFEd21ibG5mM3BhVkNvZXQ1bDd5a1lPWjVOUjRPcCI7czo5OiJfcHJldmlvdXMiO2E6MTp7czozOiJ1cmwiO3M6MjI6Imh0dHBzOi8vMTY0LjkyLjI0NC4xOTIiO31zOjY6Il9mbGFzaCI7YToyOntzOjM6Im9sZCI7YTowOnt9czozOiJuZXciO2E6MDp7fX19',1768378902),
('HurZiWIQZwwhYA0c5jZBcYP4lkJX7XAJvQzhgUGc',NULL,'199.45.154.135','Mozilla/5.0 (compatible; CensysInspect/1.1; +https://about.censys.io/)','YTozOntzOjY6Il90b2tlbiI7czo0MDoiVVVqd1JhTkhDWXlSMXdTRGpEZzJYajRrdFlNcEs1UEI3eW5lRnpVdiI7czo5OiJfcHJldmlvdXMiO2E6MTp7czozOiJ1cmwiO3M6MjI6Imh0dHBzOi8vMTY0LjkyLjI0NC4xOTIiO31zOjY6Il9mbGFzaCI7YToyOntzOjM6Im9sZCI7YTowOnt9czozOiJuZXciO2E6MDp7fX19',1768219589),
('HV9Lh6x7LQ6uWq9arZREOb5iDBG14oF7Zs9xBOcA',NULL,'92.63.197.197','Mozilla/5.0 (Macintosh; Intel Mac OS X 10_10_5) AppleWebKit/537.36 (KHTML, like Gecko) Chrome/43.0.2357.134 Safari/537.36','YTozOntzOjY6Il90b2tlbiI7czo0MDoiZXdoYWhZR2hyMFhzZ2dMN2FKWk5ZR25BUm93STB1bTZDVG5XbE1SMCI7czo5OiJfcHJldmlvdXMiO2E6MTp7czozOiJ1cmwiO3M6MjI6Imh0dHBzOi8vMTY0LjkyLjI0NC4xOTIiO31zOjY6Il9mbGFzaCI7YToyOntzOjM6Im9sZCI7YTowOnt9czozOiJuZXciO2E6MDp7fX19',1766795153),
('hviEvkcmq2n92iYjxaHqzh8arxxnEdQlSQnh6D67',NULL,'13.114.55.245','Mozilla/5.0 (Windows NT 10.0; Win64; x64) AppleWebKit/537.36 (KHTML, like Gecko) Chrome/60.0.3112.113 Safari/537.36 Assetnote/1.0.0','YTozOntzOjY6Il90b2tlbiI7czo0MDoiazhHVXFLQ1Z5MU92cE4yTEFtZ3YzQU1iS0h1OVd1QzZKVW0xMHQ4NyI7czo5OiJfcHJldmlvdXMiO2E6MTp7czozOiJ1cmwiO3M6Mjg6Imh0dHBzOi8vZWhrYW0uYWJ1a2hhbGlsLnNpdGUiO31zOjY6Il9mbGFzaCI7YToyOntzOjM6Im9sZCI7YTowOnt9czozOiJuZXciO2E6MDp7fX19',1767438465),
('hVJGt6o1mXRtXxIRG4WzHWekZPjF5A0mZeQnMWov',NULL,'152.32.133.102','','YTozOntzOjY6Il90b2tlbiI7czo0MDoic2N0TEw4Vzd2UXBxeUczdUhHZDJTR3JWNDRKUFJZSjVaM0RJWkZNYyI7czo5OiJfcHJldmlvdXMiO2E6MTp7czozOiJ1cmwiO3M6MjI6Imh0dHBzOi8vMTY0LjkyLjI0NC4xOTIiO31zOjY6Il9mbGFzaCI7YToyOntzOjM6Im9sZCI7YTowOnt9czozOiJuZXciO2E6MDp7fX19',1768103336),
('hYpUJz3pCoQKgYirvB8fuaKrXcnALCkymmvTBeyF',NULL,'121.29.51.28','Mozilla/5.0 (iPhone; CPU iPhone OS 11_2 like Mac OS X) AppleWebKit/604.3.5 (KHTML, like Gecko) Version/11.0 MQQBrowser/8.7.1 Mobile/15B87 Safari/604.1 MttCustomUA/2 QBWebViewType/1 WKType/1','YTozOntzOjY6Il90b2tlbiI7czo0MDoiNk5qOGY4TUNMYWxOR2VUbWJ3SDAySjM2enBLb3hOQ2FoZXNZUG9BayI7czo5OiJfcHJldmlvdXMiO2E6MTp7czozOiJ1cmwiO3M6Mjg6Imh0dHBzOi8vZWhrYW0uYWJ1a2hhbGlsLnNpdGUiO31zOjY6Il9mbGFzaCI7YToyOntzOjM6Im9sZCI7YTowOnt9czozOiJuZXciO2E6MDp7fX19',1767832538),
('hZ9WKi6qfg5UqP0uqQyD6ky1gWfsSOwO7wQumKRr',NULL,'80.139.137.37','','YTozOntzOjY6Il90b2tlbiI7czo0MDoicjhPak83REFuNGsyRE1TWkRJMUtXYUNkWFZpQVRjVVZqUFQ3eEFQQyI7czo5OiJfcHJldmlvdXMiO2E6MTp7czozOiJ1cmwiO3M6MjI6Imh0dHBzOi8vMTY0LjkyLjI0NC4xOTIiO31zOjY6Il9mbGFzaCI7YToyOntzOjM6Im9sZCI7YTowOnt9czozOiJuZXciO2E6MDp7fX19',1768389851),
('I10Zh9hhvA49oOGlDH9cKSGfcuiFDCPKLwwn7xyE',NULL,'66.249.81.1','Mozilla/5.0 (Linux; Android 10; K) AppleWebKit/537.36 (KHTML, like Gecko) Chrome/138.0.0.0 Mobile Safari/537.36 (compatible; Google-Read-Aloud; +https://support.google.com/webmasters/answer/1061943)','YTozOntzOjY6Il90b2tlbiI7czo0MDoiMVcyakxtbXcxQzQzVkZOdEI1c0RxQWVkSGRtYlFTajhPYmZHSmlORiI7czo5OiJfcHJldmlvdXMiO2E6MTp7czozOiJ1cmwiO3M6Mjg6Imh0dHBzOi8vZWhrYW0uYWJ1a2hhbGlsLnNpdGUiO31zOjY6Il9mbGFzaCI7YToyOntzOjM6Im9sZCI7YTowOnt9czozOiJuZXciO2E6MDp7fX19',1768801209),
('I2uu4VcaFSeM81LLqUJXgxEqGME2cNrzCoPogAir',NULL,'164.92.184.224','Mozilla/5.0 (Windows NT 10.0; Win64; x64) AppleWebKit/537.36 (KHTML, like Gecko) Chrome/108.0.0.0 Safari/537.36','YTozOntzOjY6Il90b2tlbiI7czo0MDoiNkFURDI1NUxWR1NZelp4Z2ltVlZCZk4xQm83cTBhcXNCbHk4TlltcSI7czo5OiJfcHJldmlvdXMiO2E6MTp7czozOiJ1cmwiO3M6MjI6Imh0dHBzOi8vMTY0LjkyLjI0NC4xOTIiO31zOjY6Il9mbGFzaCI7YToyOntzOjM6Im9sZCI7YTowOnt9czozOiJuZXciO2E6MDp7fX19',1768583452),
('i3HW5HS8xig2RQHPmlljitB2XuhZf1qZuiHYnAcl',NULL,'152.32.239.49','Mozilla/5.0 (Windows NT 6.1) AppleWebKit/537.36 (KHTML, like Gecko) Chrome/49.0.2623.112 Safari/537.36','YTozOntzOjY6Il90b2tlbiI7czo0MDoid2dlbzhIdWtlTkJtUkw1WGVNc2s4M3FKTDk1dnhCMUR6aWxvNkowdSI7czo5OiJfcHJldmlvdXMiO2E6MTp7czozOiJ1cmwiO3M6MjI6Imh0dHBzOi8vMTY0LjkyLjI0NC4xOTIiO31zOjY6Il9mbGFzaCI7YToyOntzOjM6Im9sZCI7YTowOnt9czozOiJuZXciO2E6MDp7fX19',1766852121),
('i5M6ha2bOlt6ZVwav2qT6huKcppmRAFWZKCSneXs',NULL,'185.180.140.4','Mozilla/5.0 (Windows NT 10.0; Win64; x64) AppleWebKit/537.36 (KHTML, like Gecko) Chrome/60.0.3112.113 Safari/537.36','YTozOntzOjY6Il90b2tlbiI7czo0MDoia1VVdGUzeUNzdjNkbG8xN25VMkh4d1AyRjFUaXA3SlBTZ2pXaG1IaiI7czo5OiJfcHJldmlvdXMiO2E6MTp7czozOiJ1cmwiO3M6MjI6Imh0dHBzOi8vMTY0LjkyLjI0NC4xOTIiO31zOjY6Il9mbGFzaCI7YToyOntzOjM6Im9sZCI7YTowOnt9czozOiJuZXciO2E6MDp7fX19',1768614372),
('I5py0fcKYgUz923coagaCRZmsEZ11tJPh75OY78b',NULL,'85.11.183.6','Mozilla/5.0 (Windows NT 10.0; Win64; x64) AppleWebKit/537.36 (KHTML, like Gecko) Chrome/140.0.0.0 Safari/537.36','YTozOntzOjY6Il90b2tlbiI7czo0MDoiYXg4MXdyU3B3Rk1hZExmejYxMUtuVzhVQ0NDaFRpNzkxSEVWVVc2UCI7czo5OiJfcHJldmlvdXMiO2E6MTp7czozOiJ1cmwiO3M6MjI6Imh0dHBzOi8vMTY0LjkyLjI0NC4xOTIiO31zOjY6Il9mbGFzaCI7YToyOntzOjM6Im9sZCI7YTowOnt9czozOiJuZXciO2E6MDp7fX19',1768029612),
('i785mwoSJjMaB4L2t7VVZR89GW1DPQRaZrJAPXYL',NULL,'45.142.154.102','Mozilla/5.0 (Windows NT 6.1) AppleWebKit/537.36 (KHTML, like Gecko) Chrome/49.0.2623.112 Safari/537.36','YTozOntzOjY6Il90b2tlbiI7czo0MDoiYnVmaTRwWndpV3BjUzhNY3BxdXZsekhaZVRzMFVYU1VHejN3WlVrQyI7czo5OiJfcHJldmlvdXMiO2E6MTp7czozOiJ1cmwiO3M6MjI6Imh0dHBzOi8vMTY0LjkyLjI0NC4xOTIiO31zOjY6Il9mbGFzaCI7YToyOntzOjM6Im9sZCI7YTowOnt9czozOiJuZXciO2E6MDp7fX19',1768760021),
('iAbw1hmtkMQjh8IQPErDNZBrt6f8IMAv0srhVw79',NULL,'172.236.228.193','Mozilla/5.0 (Macintosh; Intel Mac OS X 13_1) AppleWebKit/537.36 (KHTML, like Gecko) Chrome/108.0.0.0 Safari/537.36','YTozOntzOjY6Il90b2tlbiI7czo0MDoiOWx4Z05pNEt4NTVkRUxpSVBydVRwN1ZrZWQxMWkwVWh2cHRDWG0wTiI7czo5OiJfcHJldmlvdXMiO2E6MTp7czozOiJ1cmwiO3M6MjI6Imh0dHBzOi8vMTY0LjkyLjI0NC4xOTIiO31zOjY6Il9mbGFzaCI7YToyOntzOjM6Im9sZCI7YTowOnt9czozOiJuZXciO2E6MDp7fX19',1768745925),
('Iak4cgGlXKaySKNHUMZLx93qptiu5hEijh5tn4R9',NULL,'100.31.242.14','Mozilla/5.0 (Windows NT 10.0; Win64; x64) AppleWebKit/537.36 (KHTML, like Gecko) Chrome/141.0.0.0 Safari/537.36','YTozOntzOjY6Il90b2tlbiI7czo0MDoidnc2em1NSm5obmlUNDIwajIyazhwYm5YZElMcW5IRHl4a1ZvUldCVSI7czo5OiJfcHJldmlvdXMiO2E6MTp7czozOiJ1cmwiO3M6Mjg6Imh0dHBzOi8vZWhrYW0uYWJ1a2hhbGlsLnNpdGUiO31zOjY6Il9mbGFzaCI7YToyOntzOjM6Im9sZCI7YTowOnt9czozOiJuZXciO2E6MDp7fX19',1766784069),
('IbuoO7PlhNq2RYNhmH6RzPm09EWSYX86DqgBr6b9',NULL,'101.108.51.244','Mozilla/5.0 (Windows NT 10.0; Win64; x64; rv:121.0) Gecko/20100101 Firefox/121.0','YTozOntzOjY6Il90b2tlbiI7czo0MDoiM1lQOHRneDdwOE9YQzJBSm41ZVhFNHJNTmJESTZVS3hra0k5bjc3USI7czo5OiJfcHJldmlvdXMiO2E6MTp7czozOiJ1cmwiO3M6MjI6Imh0dHBzOi8vMTY0LjkyLjI0NC4xOTIiO31zOjY6Il9mbGFzaCI7YToyOntzOjM6Im9sZCI7YTowOnt9czozOiJuZXciO2E6MDp7fX19',1767299143),
('ieRQ1OGvsL16SUVFqCmOHlXm5kOtOTa8QtOOhhtb',NULL,'204.76.203.18','','YTozOntzOjY6Il90b2tlbiI7czo0MDoiRXZVazJ0UGZ2dEJuQnBpN0c2bXAxc3RMWmFRVVV4RjJNSDNvVmV2eiI7czo5OiJfcHJldmlvdXMiO2E6MTp7czozOiJ1cmwiO3M6MjI6Imh0dHBzOi8vMTY0LjkyLjI0NC4xOTIiO31zOjY6Il9mbGFzaCI7YToyOntzOjM6Im9sZCI7YTowOnt9czozOiJuZXciO2E6MDp7fX19',1767787894),
('iFQctoLD6mLoXze2sHuup0MN8WGtz4x7I1nMIZOo',NULL,'216.106.189.123','Mozilla/5.0 (SS; Linux i686) AppleWebKit/537.36 (KHTML, like Gecko) Chrome/130.0.0.0 Safari/537.36','YTozOntzOjY6Il90b2tlbiI7czo0MDoiaVNHUGFjanU1cmZZdFJGWXRGb1paZ1lhTGVUUk05dTZVTnlMM3pzMiI7czo5OiJfcHJldmlvdXMiO2E6MTp7czozOiJ1cmwiO3M6MjI6Imh0dHBzOi8vMTY0LjkyLjI0NC4xOTIiO31zOjY6Il9mbGFzaCI7YToyOntzOjM6Im9sZCI7YTowOnt9czozOiJuZXciO2E6MDp7fX19',1766869821),
('iH3Tx1LZT7s2kboMjfAPP24A7b8ugBxSlSgB2TPZ',NULL,'104.252.191.45','Mozilla/5.0 (Windows NT 10.0; Win64; x64) AppleWebKit/537.36 (KHTML, like Gecko) Chrome/116.0.0.0 Safari/537.36','YTozOntzOjY6Il90b2tlbiI7czo0MDoid3o5Uzl4YzhnazhVdGtjZnc1M3VRaThtbTIxcFl3Y0trQUN6OVh2eCI7czo5OiJfcHJldmlvdXMiO2E6MTp7czozOiJ1cmwiO3M6Mjg6Imh0dHBzOi8vZWhrYW0uYWJ1a2hhbGlsLnNpdGUiO31zOjY6Il9mbGFzaCI7YToyOntzOjM6Im9sZCI7YTowOnt9czozOiJuZXciO2E6MDp7fX19',1766822583),
('II8trXz6sKybmsEA33MbbEj8rQnPhl67VlmBcS5K',NULL,'128.192.12.106','Mozilla/5.0 (compatible; UGAResearchAgent/1.0; Please visit: NISLabUGA.github.io)','YTozOntzOjY6Il90b2tlbiI7czo0MDoiY0ExVVlXQU9EZjRDbzZXcko3NzZZaHlnVW5OVGJNMkhId3lhV0hUbyI7czo5OiJfcHJldmlvdXMiO2E6MTp7czozOiJ1cmwiO3M6Mjg6Imh0dHBzOi8vZWhrYW0uYWJ1a2hhbGlsLnNpdGUiO31zOjY6Il9mbGFzaCI7YToyOntzOjM6Im9sZCI7YTowOnt9czozOiJuZXciO2E6MDp7fX19',1766784917),
('iIF4PMFuP2aPFeJiYbT8TcoyX2Dt1RlTgKn2qQys',NULL,'3.138.185.30','cypex.ai/scanning Mozilla/5.0 (Macintosh; Intel Mac OS X 10_15_7) Chrome/126.0.0.0 Safari/537.36','YTozOntzOjY6Il90b2tlbiI7czo0MDoiaUJRckpWQk91eTV4cnU2b0V4MEFQRUJBVTdrV3oyM0Vzb1Q2ZU9NeCI7czo5OiJfcHJldmlvdXMiO2E6MTp7czozOiJ1cmwiO3M6Mjg6Imh0dHBzOi8vZWhrYW0uYWJ1a2hhbGlsLnNpdGUiO31zOjY6Il9mbGFzaCI7YToyOntzOjM6Im9sZCI7YTowOnt9czozOiJuZXciO2E6MDp7fX19',1768129128),
('ij90GwA9Hy9VG3ag2DcKd2HOzKTSNGWkJV5eRAmm',NULL,'147.185.133.179','Hello from Palo Alto Networks, find out more about our scans in https://docs-cortex.paloaltonetworks.com/r/1/Cortex-Xpanse/Scanning-activity','YTozOntzOjY6Il90b2tlbiI7czo0MDoiWWF2bnRORmlQVThsajAzVEpYMEZqMGdObGpyZktnVTlVQ1RUWUtVRyI7czo5OiJfcHJldmlvdXMiO2E6MTp7czozOiJ1cmwiO3M6MjI6Imh0dHBzOi8vMTY0LjkyLjI0NC4xOTIiO31zOjY6Il9mbGFzaCI7YToyOntzOjM6Im9sZCI7YTowOnt9czozOiJuZXciO2E6MDp7fX19',1766819123),
('iKEEFVHxRlhu30LPIrE95FDdXiC2kvGV0HUzxFsl',NULL,'45.156.129.46','Mozilla/5.0 (Windows NT 10.0; Win64; x64) AppleWebKit/537.36 (KHTML, like Gecko) Chrome/60.0.3112.113 Safari/537.36','YTozOntzOjY6Il90b2tlbiI7czo0MDoiaGo3RWhMRDl5bUU2U1lvMXNaZU5weVU2OHhHbTlqenNKdXNHUWd1VyI7czo5OiJfcHJldmlvdXMiO2E6MTp7czozOiJ1cmwiO3M6MjI6Imh0dHBzOi8vMTY0LjkyLjI0NC4xOTIiO31zOjY6Il9mbGFzaCI7YToyOntzOjM6Im9sZCI7YTowOnt9czozOiJuZXciO2E6MDp7fX19',1767845283),
('ikSDCEC26idPV54bCpgyUfjhnsGERhYzSrfzokvB',NULL,'205.210.31.9','','YTozOntzOjY6Il90b2tlbiI7czo0MDoiNDhOeDBvZ2ZPa0VPcldPYk1ab3V4azVPSjcyU3o5NnRZZDRMOEhsaSI7czo5OiJfcHJldmlvdXMiO2E6MTp7czozOiJ1cmwiO3M6NDc6Imh0dHBzOi8vYnJhdmUtbXVyZG9jay4xNjQtOTItMjQ0LTE5Mi5wbGVzay5wYWdlIjt9czo2OiJfZmxhc2giO2E6Mjp7czozOiJvbGQiO2E6MDp7fXM6MzoibmV3IjthOjA6e319fQ==',1767600488),
('imcrNDeoqYFekrK1ABLHY2zv2PixYaJiu4VOKrpE',NULL,'3.149.59.26','cypex.ai/scanning Mozilla/5.0 (Macintosh; Intel Mac OS X 10_15_7) Chrome/126.0.0.0 Safari/537.36','YTozOntzOjY6Il90b2tlbiI7czo0MDoiVE10Y1RmZElPblVpaWNWTEpmTDNOd0J4UW1XYjNFWTdhVkpiZWcycCI7czo5OiJfcHJldmlvdXMiO2E6MTp7czozOiJ1cmwiO3M6MjI6Imh0dHBzOi8vMTY0LjkyLjI0NC4xOTIiO31zOjY6Il9mbGFzaCI7YToyOntzOjM6Im9sZCI7YTowOnt9czozOiJuZXciO2E6MDp7fX19',1767601341),
('immbtJ3J0PKPF2UAPFemZLgkfyR3LUQU4IrAZpo0',NULL,'168.119.215.103','Mozilla/5.0 (Macintosh; Intel Mac OS X 10_15_7) AppleWebKit/537.36 (KHTML, like Gecko) Chrome/124.0.0.0 Safari/537.36','YTozOntzOjY6Il90b2tlbiI7czo0MDoibWtDVHRwaGFZNmhJbWFQYVdKdXp2d0R1Y1hsSVVHWTZER2ZMT3lDcSI7czo5OiJfcHJldmlvdXMiO2E6MTp7czozOiJ1cmwiO3M6MjI6Imh0dHBzOi8vYWJ1a2hhbGlsLnNpdGUiO31zOjY6Il9mbGFzaCI7YToyOntzOjM6Im9sZCI7YTowOnt9czozOiJuZXciO2E6MDp7fX19',1766869105),
('InycV0P69euRayK3dnnGedvPztJnLkbST51KGq8T',NULL,'5.189.130.33','Mozilla/5.0 (Macintosh; Intel Mac OS X 10_15_7) AppleWebKit/605.1.15 (KHTML, like Gecko) Version/17.4.1 Safari/605.4.24','YTozOntzOjY6Il90b2tlbiI7czo0MDoiY29TTnpDenY1Q1hSU2U4WmFRU2V1azVhN1lCMjBNbkY0QTBBNHBsWCI7czo5OiJfcHJldmlvdXMiO2E6MTp7czozOiJ1cmwiO3M6MjI6Imh0dHBzOi8vMTY0LjkyLjI0NC4xOTIiO31zOjY6Il9mbGFzaCI7YToyOntzOjM6Im9sZCI7YTowOnt9czozOiJuZXciO2E6MDp7fX19',1767219664),
('INZ3IU6CXZQzghVfXfPTayVxIDtukOP8nY4harK9',NULL,'185.226.197.74','Mozilla/5.0 (Windows NT 10.0; Win64; x64) AppleWebKit/537.36 (KHTML, like Gecko) Chrome/60.0.3112.113 Safari/537.36','YTozOntzOjY6Il90b2tlbiI7czo0MDoiRnppWDVQTU1KS0lMa3hxZDJJbnQzUnowSmZjWGVySnE4UG9WREhJeSI7czo5OiJfcHJldmlvdXMiO2E6MTp7czozOiJ1cmwiO3M6MjI6Imh0dHBzOi8vMTY0LjkyLjI0NC4xOTIiO31zOjY6Il9mbGFzaCI7YToyOntzOjM6Im9sZCI7YTowOnt9czozOiJuZXciO2E6MDp7fX19',1767553510),
('Iqxih3RUaa2SbZ0NieEJyMHYy071noKJ4hSG6HnG',NULL,'114.36.159.17','Mozilla/5.0 (Windows NT 6.1; WOW64) AppleWebKit/537.36 (KHTML, like Gecko) Chrome/34.0.4840.052 Safari/537.36','YTozOntzOjY6Il90b2tlbiI7czo0MDoiQjI2YmdaTWFlTGEwY1JyaWk0VTZLVjRiWldpQ05FWUJKN2FnOTJXYyI7czo5OiJfcHJldmlvdXMiO2E6MTp7czozOiJ1cmwiO3M6MjI6Imh0dHBzOi8vYWJ1a2hhbGlsLnNpdGUiO31zOjY6Il9mbGFzaCI7YToyOntzOjM6Im9sZCI7YTowOnt9czozOiJuZXciO2E6MDp7fX19',1766938373),
('iRPEqDehxJMXW6ruT4gw3uOSRnsivYshyDDhnQIA',NULL,'178.22.24.64','Mozilla/5.0 (Windows NT 10.0; Win64; x64) AppleWebKit/537.36 (KHTML, like Gecko) Chrome/140.0.0.0 Safari/537.36','YTozOntzOjY6Il90b2tlbiI7czo0MDoiSUVTWUx3ODFKNEt2c1d5ZlJ3d2hYajVzOG1lQTlHYWtTQVZ6TTZmZCI7czo5OiJfcHJldmlvdXMiO2E6MTp7czozOiJ1cmwiO3M6MjI6Imh0dHBzOi8vMTY0LjkyLjI0NC4xOTIiO31zOjY6Il9mbGFzaCI7YToyOntzOjM6Im9sZCI7YTowOnt9czozOiJuZXciO2E6MDp7fX19',1767779094),
('IrudBWxk1Vv9uSHwEgQJKLNZ0GmSlNrjvw2fUMfP',NULL,'35.203.210.203','Hello from Palo Alto Networks, find out more about our scans in https://docs-cortex.paloaltonetworks.com/r/1/Cortex-Xpanse/Scanning-activity','YTozOntzOjY6Il90b2tlbiI7czo0MDoid2ZoMnlFbkk3d1p5dW5TZ0xRT0xremRkSFJNOW9Na2JHUk1pRVY2QiI7czo5OiJfcHJldmlvdXMiO2E6MTp7czozOiJ1cmwiO3M6MjI6Imh0dHBzOi8vMTY0LjkyLjI0NC4xOTIiO31zOjY6Il9mbGFzaCI7YToyOntzOjM6Im9sZCI7YTowOnt9czozOiJuZXciO2E6MDp7fX19',1768544592),
('ItnyAMfp13ZjHFett5KFNa3AkyXuznRe0byPwfm5',NULL,'195.170.172.128','Mozilla/5.0 (Windows NT 10.0; Win64; x64) AppleWebKit/537.36 (KHTML, like Gecko) Chrome/94.0.4606.61 Safari/537.36','YTozOntzOjY6Il90b2tlbiI7czo0MDoidG1iYVdnNnpGbkpwczBMRE5Xd3QzWFJlRkZmRGFyWXJFOFYyaGYyWiI7czo5OiJfcHJldmlvdXMiO2E6MTp7czozOiJ1cmwiO3M6MjI6Imh0dHBzOi8vMTY0LjkyLjI0NC4xOTIiO31zOjY6Il9mbGFzaCI7YToyOntzOjM6Im9sZCI7YTowOnt9czozOiJuZXciO2E6MDp7fX19',1768455123),
('IvgiV09v9LnRIprN3KnQu5ED7VAaGz8nDaG8Fv1c',NULL,'45.156.128.128','Mozilla/5.0 (Windows NT 10.0; Win64; x64) AppleWebKit/537.36 (KHTML, like Gecko) Chrome/60.0.3112.113 Safari/537.36','YTozOntzOjY6Il90b2tlbiI7czo0MDoiSm92RjZnRmRJWE91NXMyaVlVU1k2RTVzNWJUN2NpVjloNXhCczB1ZSI7czo5OiJfcHJldmlvdXMiO2E6MTp7czozOiJ1cmwiO3M6MjI6Imh0dHBzOi8vMTY0LjkyLjI0NC4xOTIiO31zOjY6Il9mbGFzaCI7YToyOntzOjM6Im9sZCI7YTowOnt9czozOiJuZXciO2E6MDp7fX19',1767033868),
('iwUADVE6VLRkwTCe40ULlTqg3R8rvurU8VdodMgx',NULL,'185.180.140.106','Mozilla/5.0 (Windows NT 10.0; Win64; x64) AppleWebKit/537.36 (KHTML, like Gecko) Chrome/60.0.3112.113 Safari/537.36','YTozOntzOjY6Il90b2tlbiI7czo0MDoiYUFBMWNzeWcyT2JVemZhbnBMUW93SHpVcmRkWlU3THFnZzZiUVlsaCI7czo5OiJfcHJldmlvdXMiO2E6MTp7czozOiJ1cmwiO3M6MjI6Imh0dHBzOi8vMTY0LjkyLjI0NC4xOTIiO31zOjY6Il9mbGFzaCI7YToyOntzOjM6Im9sZCI7YTowOnt9czozOiJuZXciO2E6MDp7fX19',1768809380),
('iYXgEcl3HnfoVOurnfde7qPyov4n3Ol9TbRfSW4P',NULL,'146.103.124.83','Mozilla/5.0 (Windows NT 10.0; Win64; x64) AppleWebKit/537.36','YTozOntzOjY6Il90b2tlbiI7czo0MDoiRzlDZjdOblpHNThLMGpHYzlsd2s1V3FlUTNVakN2Y3JPbndIa3NYayI7czo5OiJfcHJldmlvdXMiO2E6MTp7czozOiJ1cmwiO3M6MjI6Imh0dHBzOi8vYWJ1a2hhbGlsLnNpdGUiO31zOjY6Il9mbGFzaCI7YToyOntzOjM6Im9sZCI7YTowOnt9czozOiJuZXciO2E6MDp7fX19',1766832947),
('J1E1TzjLghePEdEuxLikFwnAX4MFQPITSIRcfAqA',NULL,'205.210.31.107','Hello from Palo Alto Networks, find out more about our scans in https://docs-cortex.paloaltonetworks.com/r/1/Cortex-Xpanse/Scanning-activity','YTozOntzOjY6Il90b2tlbiI7czo0MDoidWNDVlhCZkJSMjhDZWVOQ2ViVFAzdWQ3bEJpZVlxMm1vVGJLa3hXQSI7czo5OiJfcHJldmlvdXMiO2E6MTp7czozOiJ1cmwiO3M6MjI6Imh0dHBzOi8vMTY0LjkyLjI0NC4xOTIiO31zOjY6Il9mbGFzaCI7YToyOntzOjM6Im9sZCI7YTowOnt9czozOiJuZXciO2E6MDp7fX19',1768612988),
('j2pNlQlXQUFFjXClbV904RhNLOD0pibn3Z2L8nAb',NULL,'85.11.183.6','Mozilla/5.0 (Windows NT 10.0; Win64; x64) AppleWebKit/537.36 (KHTML, like Gecko) Chrome/140.0.0.0 Safari/537.36','YTozOntzOjY6Il90b2tlbiI7czo0MDoia1Z2T005Q2IyOVFnVVJEdTJ3TEdQQXY2NUh6bUdHdHV0RHk3Y1FTZiI7czo5OiJfcHJldmlvdXMiO2E6MTp7czozOiJ1cmwiO3M6MjI6Imh0dHBzOi8vMTY0LjkyLjI0NC4xOTIiO31zOjY6Il9mbGFzaCI7YToyOntzOjM6Im9sZCI7YTowOnt9czozOiJuZXciO2E6MDp7fX19',1768067284),
('j3tgm3Gov9AmCuEYPvraS0H5v8BgBVVSbedaBPZl',NULL,'40.124.185.213','Mozilla/5.0 zgrab/0.x','YTozOntzOjY6Il90b2tlbiI7czo0MDoiVVVVU1pFYjQ5UHpnblVWM0Znakg5T1RRUWFxTGwwYmYxYXN2cEFiZCI7czo5OiJfcHJldmlvdXMiO2E6MTp7czozOiJ1cmwiO3M6MjI6Imh0dHBzOi8vMTY0LjkyLjI0NC4xOTIiO31zOjY6Il9mbGFzaCI7YToyOntzOjM6Im9sZCI7YTowOnt9czozOiJuZXciO2E6MDp7fX19',1767615168),
('J73givHpDKBu4ssfNORt2X3BBCoeVCq9d227rvEE',NULL,'195.178.110.155','Mozilla/5.0','YTozOntzOjY6Il90b2tlbiI7czo0MDoic0xJN29tZkpCekJFYTVSZENMQ3Q2bGRSU2N0U0RSR2R0MVlDNGdnSiI7czo5OiJfcHJldmlvdXMiO2E6MTp7czozOiJ1cmwiO3M6Mjg6Imh0dHBzOi8vZWhrYW0uYWJ1a2hhbGlsLnNpdGUiO31zOjY6Il9mbGFzaCI7YToyOntzOjM6Im9sZCI7YTowOnt9czozOiJuZXciO2E6MDp7fX19',1767386272),
('JemAN6m65dkbrxtkYUKb4a5rf4fdoOq8tBqgtz5h',NULL,'79.124.40.174','Mozilla/5.0 (Windows NT 10.0; Win64; x64) AppleWebKit/537.36 (KHTML, like Gecko) Chrome/78.0.3904.108 Safari/537.36','YTozOntzOjY6Il90b2tlbiI7czo0MDoidFhDYTdOamViYkVrbE5nczFJbTMwQnh0RlFrNFA4R2ZDMm5xNklERiI7czo5OiJfcHJldmlvdXMiO2E6MTp7czozOiJ1cmwiO3M6NTM6Imh0dHBzOi8vMTY0LjkyLjI0NC4xOTIvP1hERUJVR19TRVNTSU9OX1NUQVJUPXBocHN0b3JtIjt9czo2OiJfZmxhc2giO2E6Mjp7czozOiJvbGQiO2E6MDp7fXM6MzoibmV3IjthOjA6e319fQ==',1768707258),
('jEY7vdMEqVf3BvDneEVi4uKxUE82HnCDCM6nGHJI',NULL,'143.198.79.195','Mozilla/5.0 (X11; Linux x86_64) AppleWebKit/537.36 (KHTML, like Gecko) Chrome/142.0.0.0 Safari/537.36','YTozOntzOjY6Il90b2tlbiI7czo0MDoiMVVVclFhM3NEcThnOXFhRlkyVFV3c1VtaXphamE3SHBTU1JnRGZWOSI7czo5OiJfcHJldmlvdXMiO2E6MTp7czozOiJ1cmwiO3M6MjI6Imh0dHBzOi8vMTY0LjkyLjI0NC4xOTIiO31zOjY6Il9mbGFzaCI7YToyOntzOjM6Im9sZCI7YTowOnt9czozOiJuZXciO2E6MDp7fX19',1767710252),
('JfLJZjEHKZVS1w8HVUCUAsF0xuXZvCJkk60zbcpt',NULL,'77.83.39.184','Mozilla/5.0 (Linux; Android 9; ELE-L09) AppleWebKit/537.36 (KHTML, like Gecko) Chrome/76.0.3809.111 Mobile Safari/537.36','YTozOntzOjY6Il90b2tlbiI7czo0MDoidzF3OXJqejdFSzM4eFhIRXhzdWtIblJhS0c1SnFsbk9oY05iVlNBSiI7czo5OiJfcHJldmlvdXMiO2E6MTp7czozOiJ1cmwiO3M6MjI6Imh0dHBzOi8vMTY0LjkyLjI0NC4xOTIiO31zOjY6Il9mbGFzaCI7YToyOntzOjM6Im9sZCI7YTowOnt9czozOiJuZXciO2E6MDp7fX19',1768501040),
('jg4qEiqC543VB0EH7BHx8mB2EjTYUExhvz1oJhMr',NULL,'45.148.10.158','Mozilla/5.0 (Windows NT 10.0; Win64; x64) AppleWebKit/537.36 (KHTML, like Gecko) Chrome/91.0.4472.124 Safari/537.36','YTozOntzOjY6Il90b2tlbiI7czo0MDoickhDRDY2bUg1VzY0YXRxVDJjbHM1Wk4yZ2VzYVJqYVdjWGZxSm5yUiI7czo5OiJfcHJldmlvdXMiO2E6MTp7czozOiJ1cmwiO3M6Mjg6Imh0dHBzOi8vZWhrYW0uYWJ1a2hhbGlsLnNpdGUiO31zOjY6Il9mbGFzaCI7YToyOntzOjM6Im9sZCI7YTowOnt9czozOiJuZXciO2E6MDp7fX19',1767209846),
('jghktf055saCPaPfCvHHqb1E7zeXEi08Ru8pX1D8',NULL,'165.154.206.139','Mozilla/5.0 (Macintosh; Intel Mac OS X 9_1) AppleWebKit/570.49 (KHTML, like Gecko) Chrome/61.0.575 Safari/537.36','YTozOntzOjY6Il90b2tlbiI7czo0MDoiSjFIb1FhYklFbVFYa3NUUDFxZjcxM1RHZkVJR2hCbjlYZkdYRnluZyI7czo5OiJfcHJldmlvdXMiO2E6MTp7czozOiJ1cmwiO3M6MjI6Imh0dHBzOi8vMTY0LjkyLjI0NC4xOTIiO31zOjY6Il9mbGFzaCI7YToyOntzOjM6Im9sZCI7YTowOnt9czozOiJuZXciO2E6MDp7fX19',1767937588),
('JhuQUvROch133rvnHvjTR4msobEOimna5caLg850',NULL,'3.143.33.63','cypex.ai/scanning Mozilla/5.0 (Macintosh; Intel Mac OS X 10_15_7) Chrome/126.0.0.0 Safari/537.36','YTozOntzOjY6Il90b2tlbiI7czo0MDoiS0pHM0NYYUhsY3NCQ0x5QTNybWdEVjFSbXFiU2YzbVhPeHU0U1Q1OSI7czo5OiJfcHJldmlvdXMiO2E6MTp7czozOiJ1cmwiO3M6MjI6Imh0dHBzOi8vMTY0LjkyLjI0NC4xOTIiO31zOjY6Il9mbGFzaCI7YToyOntzOjM6Im9sZCI7YTowOnt9czozOiJuZXciO2E6MDp7fX19',1768719610),
('jISYNu5dEBUJXlpir5llQcIRz5fJ1DwaeTk1Q6HC',NULL,'165.227.171.105','','YTozOntzOjY6Il90b2tlbiI7czo0MDoiQUg4TFpRSnhlZnJzWHkyS0ZKazVWR0hJU3hGcXBlMTZhcXMzcjNnNCI7czo5OiJfcHJldmlvdXMiO2E6MTp7czozOiJ1cmwiO3M6Mjg6Imh0dHBzOi8vZWhrYW0uYWJ1a2hhbGlsLnNpdGUiO31zOjY6Il9mbGFzaCI7YToyOntzOjM6Im9sZCI7YTowOnt9czozOiJuZXciO2E6MDp7fX19',1767884529),
('JkAhnqMLOydpC1SpcNXJNI6jt5NCsnC6bfTpFCrl',NULL,'185.156.73.73','Mozilla/5.0 (X11; Linux x86_64) AppleWebKit/537.36 (KHTML, like Gecko) Chrome/119.0.0.0 Safari/537.36','YTozOntzOjY6Il90b2tlbiI7czo0MDoidDd6cHE2dUdaWERzQWdEU1VxR1lSUmZMQTdLNDMzblZISkxIcGM1NCI7czo5OiJfcHJldmlvdXMiO2E6MTp7czozOiJ1cmwiO3M6MjI6Imh0dHBzOi8vMTY0LjkyLjI0NC4xOTIiO31zOjY6Il9mbGFzaCI7YToyOntzOjM6Im9sZCI7YTowOnt9czozOiJuZXciO2E6MDp7fX19',1768467361),
('JLSwVsCzpTJL330jjErzcHomnXhShcCvKtzK7c6b',NULL,'167.94.138.188','Mozilla/5.0 (compatible; CensysInspect/1.1; +https://about.censys.io/)','YTozOntzOjY6Il90b2tlbiI7czo0MDoiUEdVU1hyYmhsbWJHT1VXSG9uNURRajRxaE1iV0tKZWpXOE1ldE10dyI7czo5OiJfcHJldmlvdXMiO2E6MTp7czozOiJ1cmwiO3M6MjI6Imh0dHBzOi8vMTY0LjkyLjI0NC4xOTIiO31zOjY6Il9mbGFzaCI7YToyOntzOjM6Im9sZCI7YTowOnt9czozOiJuZXciO2E6MDp7fX19',1768640448),
('JLw5FWcITv33ordZCB6BLbGhnmPdjFjmDHbayDnS',NULL,'206.168.34.208','Mozilla/5.0 (compatible; CensysInspect/1.1; +https://about.censys.io/)','YTozOntzOjY6Il90b2tlbiI7czo0MDoibDhSdWVxZUtxNzlGVFhaVG93S0pGNDJFeFU4Z3NQbmhXdHJLVUVyaCI7czo5OiJfcHJldmlvdXMiO2E6MTp7czozOiJ1cmwiO3M6Mjg6Imh0dHBzOi8vMTY0LjkyLjI0NC4xOTIvbG9naW4iO31zOjY6Il9mbGFzaCI7YToyOntzOjM6Im9sZCI7YTowOnt9czozOiJuZXciO2E6MDp7fX19',1768298339),
('jN0LUxlSriMOx1QfukMleRe3Z3RbH3gtEpVLiCXF',NULL,'66.132.153.131','Mozilla/5.0 (compatible; CensysInspect/1.1; +https://about.censys.io/)','YTozOntzOjY6Il90b2tlbiI7czo0MDoiZmVyUmFzOGJzNzJvVXJpRFZha1ZZREF5ZUl2c3drZnlFTWVoYVFPMyI7czo5OiJfcHJldmlvdXMiO2E6MTp7czozOiJ1cmwiO3M6Mjg6Imh0dHBzOi8vMTY0LjkyLjI0NC4xOTIvbG9naW4iO31zOjY6Il9mbGFzaCI7YToyOntzOjM6Im9sZCI7YTowOnt9czozOiJuZXciO2E6MDp7fX19',1767329788),
('jNROlWl7LjdOlvjA1DTDo0uOanaV0Gk9RGg0XReg',NULL,'216.218.206.69','Mozilla/5.0 (Macintosh; Intel Mac OS X 10_15_7) AppleWebKit/605.1.15 (KHTML, like Gecko) Version/16.0 Safari/605.1.15','YTozOntzOjY6Il90b2tlbiI7czo0MDoibHJvcnJneFBiNW90T1JqTW82dzhXSzBYbThBdUpLTVBacTNuUmtIbCI7czo5OiJfcHJldmlvdXMiO2E6MTp7czozOiJ1cmwiO3M6MjI6Imh0dHBzOi8vMTY0LjkyLjI0NC4xOTIiO31zOjY6Il9mbGFzaCI7YToyOntzOjM6Im9sZCI7YTowOnt9czozOiJuZXciO2E6MDp7fX19',1768555402),
('jnTI4QfZIi4CbIPRR7L3voa7OFQgopEZnPzf0gtf',NULL,'171.105.76.62','Mozilla/5.0 (Windows NT 6.1) AppleWebKit/537.36 (KHTML, like Gecko) Chrome/49.0.2623.112 Safari/537.36','YTozOntzOjY6Il90b2tlbiI7czo0MDoibWtpQXlKMHg3SlRYNEtQMkxkbmVOSEJraE9jVlk0VGRDRWV6R3RGWCI7czo5OiJfcHJldmlvdXMiO2E6MTp7czozOiJ1cmwiO3M6Mjg6Imh0dHBzOi8vZWhrYW0uYWJ1a2hhbGlsLnNpdGUiO31zOjY6Il9mbGFzaCI7YToyOntzOjM6Im9sZCI7YTowOnt9czozOiJuZXciO2E6MDp7fX19',1767831777),
('jocL5HOFajXjywdb5LM0EBXkNVIUYaAWoCQNBxRk',NULL,'66.132.153.136','Mozilla/5.0 (compatible; CensysInspect/1.1; +https://about.censys.io/)','YTozOntzOjY6Il90b2tlbiI7czo0MDoibUVxVjc1NjZVSDA5QUJEV3JobG45YWpEeU1HdU1BbmZsZXNMVDlJaCI7czo5OiJfcHJldmlvdXMiO2E6MTp7czozOiJ1cmwiO3M6MjI6Imh0dHBzOi8vMTY0LjkyLjI0NC4xOTIiO31zOjY6Il9mbGFzaCI7YToyOntzOjM6Im9sZCI7YTowOnt9czozOiJuZXciO2E6MDp7fX19',1768729898),
('jOjLZYWIXchejMuYq7peO4ujblvjZEyq1wtfFOpa',NULL,'34.141.178.234','Scrapy/2.13.4 (+https://scrapy.org)','YTozOntzOjY6Il90b2tlbiI7czo0MDoiYmtyTTJpVzRoZ0xnamV6M0hXUWpkS0l4M21VaHVtQ3ZPdjJmRkU5VCI7czo5OiJfcHJldmlvdXMiO2E6MTp7czozOiJ1cmwiO3M6NDc6Imh0dHBzOi8vYnJhdmUtbXVyZG9jay4xNjQtOTItMjQ0LTE5Mi5wbGVzay5wYWdlIjt9czo2OiJfZmxhc2giO2E6Mjp7czozOiJvbGQiO2E6MDp7fXM6MzoibmV3IjthOjA6e319fQ==',1766847330),
('JOoEDbNdfZM7oNMirluXGPHPB9GV2MIGoAsCq9IZ',NULL,'65.49.1.38','Mozilla/5.0 (Windows NT 6.1; rv:102.0) Gecko/20100101 Goanna/6.6 Firefox/102.0 PaleMoon/33.0.0','YTozOntzOjY6Il90b2tlbiI7czo0MDoiVjJ0NkFRZDd2YWkxcXNsdkVaQmFKcVdpWEttbVhvT0ZoZksxNWZCNSI7czo5OiJfcHJldmlvdXMiO2E6MTp7czozOiJ1cmwiO3M6MjI6Imh0dHBzOi8vMTY0LjkyLjI0NC4xOTIiO31zOjY6Il9mbGFzaCI7YToyOntzOjM6Im9sZCI7YTowOnt9czozOiJuZXciO2E6MDp7fX19',1767162995),
('jP35hYtL9YpEvVOrxl1TCxRpajs1MNThLNaxHRKl',NULL,'92.63.197.50','Mozilla/5.0 (Windows NT 10.0; Win64; x64) AppleWebKit/537.36 (KHTML, like Gecko) Chrome/140.0.0.0 Safari/537.36','YTozOntzOjY6Il90b2tlbiI7czo0MDoiajVHcENDekVsamFhVEpybGdxd3QxT0tSUUkxS094YkJWc1d1S2JtTSI7czo5OiJfcHJldmlvdXMiO2E6MTp7czozOiJ1cmwiO3M6MjI6Imh0dHBzOi8vMTY0LjkyLjI0NC4xOTIiO31zOjY6Il9mbGFzaCI7YToyOntzOjM6Im9sZCI7YTowOnt9czozOiJuZXciO2E6MDp7fX19',1767043644),
('JPsxuXBylMUpnXC155hzcqNJTRLjiIPWTZVR0vPf',NULL,'64.62.197.189','Mozilla/5.0 (Windows NT 10.0; Win64; x64) AppleWebKit/537.36 (KHTML, like Gecko) Chrome/140.0.0.0 Safari/537.36 Edg/140.0.0.0','YTozOntzOjY6Il90b2tlbiI7czo0MDoieE1aVFNoTTF1NG5uc3VoZEo3SWtSRExHTzZnZG1TaVBVZHhla00yVSI7czo5OiJfcHJldmlvdXMiO2E6MTp7czozOiJ1cmwiO3M6MjI6Imh0dHBzOi8vMTY0LjkyLjI0NC4xOTIiO31zOjY6Il9mbGFzaCI7YToyOntzOjM6Im9sZCI7YTowOnt9czozOiJuZXciO2E6MDp7fX19',1768299659),
('JqD46fpG04GbxvY8iTBrzOGmFvXqEg3CEhYHdIMQ',NULL,'89.147.136.198','WhatsApp/2.23.20.0','YTo0OntzOjY6Il90b2tlbiI7czo0MDoieEhGY1BCNGNhRW9OWHdpWVZGMWR1ZFBrUW5OVWhuY01nUHVpbmRKbCI7czozOiJ1cmwiO2E6MTp7czo4OiJpbnRlbmRlZCI7czozNDoiaHR0cHM6Ly9laGthbS5hYnVraGFsaWwuYXBwL2thbmJhbiI7fXM6OToiX3ByZXZpb3VzIjthOjE6e3M6MzoidXJsIjtzOjM0OiJodHRwczovL2Voa2FtLmFidWtoYWxpbC5hcHAva2FuYmFuIjt9czo2OiJfZmxhc2giO2E6Mjp7czozOiJvbGQiO2E6MDp7fXM6MzoibmV3IjthOjA6e319fQ==',1766380019),
('jQpNUBHxaVuBDP0SMxkDe6iWd04NaEJgKDJR5XsY',NULL,'195.184.76.135','Mozilla/5.0 (X11; Ubuntu; Linux x86_64; rv:134.0) Gecko/20100101 Firefox/134.0','YTozOntzOjY6Il90b2tlbiI7czo0MDoiVEdZVVJqd0xVTVdMbGRpVThLbXlRR01DNk9taTZGWWdPbXRYZURNWCI7czo5OiJfcHJldmlvdXMiO2E6MTp7czozOiJ1cmwiO3M6MjI6Imh0dHBzOi8vMTY0LjkyLjI0NC4xOTIiO31zOjY6Il9mbGFzaCI7YToyOntzOjM6Im9sZCI7YTowOnt9czozOiJuZXciO2E6MDp7fX19',1767580733),
('JRGLv0fgk9I729n7vQVeyXiDXBhBfMgdx4r2WLT5',NULL,'185.12.59.118','Mozilla/5.0 (Windows NT 10.0; Win64; x64; rv:132.0) Gecko/20100101 Firefox/132.0','YTozOntzOjY6Il90b2tlbiI7czo0MDoicTNGRWdBdk11endpdkZXeVpNVzNJZGZhWERrcTRLQ1pKVU9mNDhXeSI7czo5OiJfcHJldmlvdXMiO2E6MTp7czozOiJ1cmwiO3M6MjI6Imh0dHBzOi8vMTY0LjkyLjI0NC4xOTIiO31zOjY6Il9mbGFzaCI7YToyOntzOjM6Im9sZCI7YTowOnt9czozOiJuZXciO2E6MDp7fX19',1767030707),
('jSBo9csii3WbxrUfMApaBE5JISN7xsQyNnoacFvf',NULL,'8.208.10.94','Go-http-client/1.1','YTozOntzOjY6Il90b2tlbiI7czo0MDoic0pzTTFFUEV5dGFkd2pTeGozOThQOHhEN2RxR0g3TjMwV0hSVEk3eSI7czo5OiJfcHJldmlvdXMiO2E6MTp7czozOiJ1cmwiO3M6ODM6Imh0dHBzOi8vMTY0LjkyLjI0NC4xOTIvP2Rucz1Id2dCQUFBQkFBQUFBQUFBQVRFRWIyUnVjd0Z0Q21SdWMyMWxZWE4xY21VRGRHOXdBQUFCQUFFIjt9czo2OiJfZmxhc2giO2E6Mjp7czozOiJvbGQiO2E6MDp7fXM6MzoibmV3IjthOjA6e319fQ==',1768038372),
('jSBu5YXX7Gn7Tw0trStlzEN0hP1NmrkCFyVMYaDB',NULL,'116.178.130.130','Mozilla/5.0 (Windows NT 6.1) AppleWebKit/537.36 (KHTML, like Gecko) Chrome/49.0.2623.112 Safari/537.36','YTozOntzOjY6Il90b2tlbiI7czo0MDoieGpYMGdBSWM1djlNdGJ0UVZrYVpPblFmNHpXSDZrUmpRMlFUc0tteiI7czo5OiJfcHJldmlvdXMiO2E6MTp7czozOiJ1cmwiO3M6MjI6Imh0dHBzOi8vMTY0LjkyLjI0NC4xOTIiO31zOjY6Il9mbGFzaCI7YToyOntzOjM6Im9sZCI7YTowOnt9czozOiJuZXciO2E6MDp7fX19',1767832890),
('jsPF4BEzEwhBlo3x2DvBiM6VDIVeumOPtRTyQuM2',NULL,'174.138.58.97','Mozilla/5.0 (Macintosh; Intel Mac OS X 10_15_7) AppleWebKit/605.1.15 (KHTML, like Gecko) Version/17.5 Safari/605.1.15','YTozOntzOjY6Il90b2tlbiI7czo0MDoidDRhSlJwOWljQ2Uzc1h0ZDhpRmx6N1Q0MXJYT1JJdkNoUlZON1ZIYyI7czo5OiJfcHJldmlvdXMiO2E6MTp7czozOiJ1cmwiO3M6Mjg6Imh0dHBzOi8vZWhrYW0uYWJ1a2hhbGlsLnNpdGUiO31zOjY6Il9mbGFzaCI7YToyOntzOjM6Im9sZCI7YTowOnt9czozOiJuZXciO2E6MDp7fX19',1767394198),
('jtCtw4EIb9CSgsBXNE68Id4XoNHVyHYEoZPbO7qc',NULL,'198.235.24.136','','YTozOntzOjY6Il90b2tlbiI7czo0MDoiRXJXbE9QZFlOVEdJSlYwQng0emhxQkFyY2hqTmdsQUpvYThpRm9YYyI7czo5OiJfcHJldmlvdXMiO2E6MTp7czozOiJ1cmwiO3M6Mjg6Imh0dHBzOi8vZWhrYW0uYWJ1a2hhbGlsLnNpdGUiO31zOjY6Il9mbGFzaCI7YToyOntzOjM6Im9sZCI7YTowOnt9czozOiJuZXciO2E6MDp7fX19',1767994782),
('JtUCXM2unh5GlXf9YIHmqbOxjDW2NCCBp1V80tCX',NULL,'87.236.176.94','Mozilla/5.0 (compatible; InternetMeasurement/1.0; +https://internet-measurement.com/)','YTozOntzOjY6Il90b2tlbiI7czo0MDoiSFNwNFl3aTBoZDFUWDhqUVhNelNBZkpLd3JXUEk3MmpaQ3E0RUFyQiI7czo5OiJfcHJldmlvdXMiO2E6MTp7czozOiJ1cmwiO3M6MjI6Imh0dHBzOi8vMTY0LjkyLjI0NC4xOTIiO31zOjY6Il9mbGFzaCI7YToyOntzOjM6Im9sZCI7YTowOnt9czozOiJuZXciO2E6MDp7fX19',1768296111),
('JUG3m8QOBl3aGIpLsQtO5myTEUFFNFxQwwfDQEpP',NULL,'89.147.136.198','WhatsApp/2.23.20.0','YTozOntzOjY6Il90b2tlbiI7czo0MDoiTmJvemUzYm5RWFhGU09mcWxBVEV0SVJRWndId01kRnQzYWZCcHlPQSI7czo5OiJfcHJldmlvdXMiO2E6MTp7czozOiJ1cmwiO3M6Mjg6Imh0dHBzOi8vZWhrYW0uYWJ1a2hhbGlsLnNpdGUiO31zOjY6Il9mbGFzaCI7YToyOntzOjM6Im9sZCI7YTowOnt9czozOiJuZXciO2E6MDp7fX19',1766857385),
('jwA8ihcGT8WQOrp9Gqslr3ZkeARlQeG5J9iG29cr',NULL,'165.154.36.91','Mozilla/5.0 (Windows NT 6.1) AppleWebKit/537.36 (KHTML, like Gecko) Chrome/49.0.2623.112 Safari/537.36','YTozOntzOjY6Il90b2tlbiI7czo0MDoielU2RG9wRGQzMzlJUzJpQW8xRFlkaVVXZjlLTnFFcVExcFFQOWR2dSI7czo5OiJfcHJldmlvdXMiO2E6MTp7czozOiJ1cmwiO3M6MjI6Imh0dHBzOi8vMTY0LjkyLjI0NC4xOTIiO31zOjY6Il9mbGFzaCI7YToyOntzOjM6Im9sZCI7YTowOnt9czozOiJuZXciO2E6MDp7fX19',1767742645),
('JZdKIN57F8pAivN5WiIsmUeKOmJsVh1OoyT2TjdU',NULL,'66.228.53.46','Mozilla/5.0 (Macintosh; Intel Mac OS X 13_1) AppleWebKit/537.36 (KHTML, like Gecko) Chrome/108.0.0.0 Safari/537.36','YTozOntzOjY6Il90b2tlbiI7czo0MDoibUtPU0VZcjlDVkZ5WFh5Y21xbkJzVWFwaXE3NXF5RVNSUXFXY0VGayI7czo5OiJfcHJldmlvdXMiO2E6MTp7czozOiJ1cmwiO3M6MjI6Imh0dHBzOi8vMTY0LjkyLjI0NC4xOTIiO31zOjY6Il9mbGFzaCI7YToyOntzOjM6Im9sZCI7YTowOnt9czozOiJuZXciO2E6MDp7fX19',1766918295),
('K2Bl4RN9OGmNVgn7eaqqzVnhilx4udjUe5sPKOQ4',NULL,'209.38.248.17','Mozilla/5.0 (l9scan/2.0.239313e2434323e22393e2436313; +https://leakix.net)','YTozOntzOjY6Il90b2tlbiI7czo0MDoiN2tka1pmYk9UWWxzSnpVcnN1UW9ZZ0l5bldaWUJkbW96Ym96OHVQNiI7czo5OiJfcHJldmlvdXMiO2E6MTp7czozOiJ1cmwiO3M6Mjg6Imh0dHBzOi8vZWhrYW0uYWJ1a2hhbGlsLnNpdGUiO31zOjY6Il9mbGFzaCI7YToyOntzOjM6Im9sZCI7YTowOnt9czozOiJuZXciO2E6MDp7fX19',1766783917),
('k3vcA81b3Sva7LYVqi7YwGuJHLQJNevntWhBG5Kx',NULL,'172.235.235.248','','YTozOntzOjY6Il90b2tlbiI7czo0MDoiUThlQ1pCNjMweldURW8yNHVqN1hFVUp2WHBRVkgzT2lTcXFiOVVOMSI7czo5OiJfcHJldmlvdXMiO2E6MTp7czozOiJ1cmwiO3M6MjI6Imh0dHBzOi8vMTY0LjkyLjI0NC4xOTIiO31zOjY6Il9mbGFzaCI7YToyOntzOjM6Im9sZCI7YTowOnt9czozOiJuZXciO2E6MDp7fX19',1767161110),
('K8LWRX1L1SbImJIxQLPtpYt7AwtxLsR4Srv97jtA',NULL,'5.189.130.33','Mozilla/5.0 (Windows NT 10.0; Win64; x64; rv:99.0) Gecko/20100101 Firefox/99.0','YTozOntzOjY6Il90b2tlbiI7czo0MDoic3NYVlB5b1lNSGxzY2E2T3BBcTJYY2lMRFBNY01MTDJNNHRiUXNrMiI7czo5OiJfcHJldmlvdXMiO2E6MTp7czozOiJ1cmwiO3M6MjI6Imh0dHBzOi8vMTY0LjkyLjI0NC4xOTIiO31zOjY6Il9mbGFzaCI7YToyOntzOjM6Im9sZCI7YTowOnt9czozOiJuZXciO2E6MDp7fX19',1768814439),
('K9yOcjjFXjPMuwIwdaI6mM1IwbPy2PhPm6iOMoYT',NULL,'223.166.22.175','Mozilla/5.0 (Windows NT 6.1) AppleWebKit/537.36 (KHTML, like Gecko) Chrome/49.0.2623.112 Safari/537.36','YTozOntzOjY6Il90b2tlbiI7czo0MDoiZnRxc3hjeEZIWFJ2b1V5TFFDbkRnRlpTWUs3N0dlYUFWRkIxWThFZCI7czo5OiJfcHJldmlvdXMiO2E6MTp7czozOiJ1cmwiO3M6Mjg6Imh0dHBzOi8vZWhrYW0uYWJ1a2hhbGlsLnNpdGUiO31zOjY6Il9mbGFzaCI7YToyOntzOjM6Im9sZCI7YTowOnt9czozOiJuZXciO2E6MDp7fX19',1767831898),
('Ka3XLBkeQYs9bxKaBIifQjo4lAudMIZKDqiVlEzH',NULL,'165.22.199.200','Mozilla/5.0 (Windows NT 10.0; Win64; x64) AppleWebKit/537.36 (KHTML, like Gecko) Chrome/108.0.0.0 Safari/537.36','YTozOntzOjY6Il90b2tlbiI7czo0MDoiYndVcXFhS1RYSnNST0Eyd0oxMGJpMzBzdFZIWnJzNU5WeDcyMGtmTCI7czo5OiJfcHJldmlvdXMiO2E6MTp7czozOiJ1cmwiO3M6MjI6Imh0dHBzOi8vMTY0LjkyLjI0NC4xOTIiO31zOjY6Il9mbGFzaCI7YToyOntzOjM6Im9sZCI7YTowOnt9czozOiJuZXciO2E6MDp7fX19',1768359595),
('kAgNHMzu3ADePJ4Tki4jPNSrZYPiEC1kG28prAnH',NULL,'64.62.197.212','Mozilla/5.0 (Macintosh; Intel Mac OS X 10_15_7) AppleWebKit/537.36 (KHTML, like Gecko) Chrome/107.0.0.0 Safari/537.36','YTozOntzOjY6Il90b2tlbiI7czo0MDoidmNGYzI0YnlnQ3U2aERpU05wZk9xYnlZQmJSVjNLQVU3RUpBNHRxaSI7czo5OiJfcHJldmlvdXMiO2E6MTp7czozOiJ1cmwiO3M6MjI6Imh0dHBzOi8vMTY0LjkyLjI0NC4xOTIiO31zOjY6Il9mbGFzaCI7YToyOntzOjM6Im9sZCI7YTowOnt9czozOiJuZXciO2E6MDp7fX19',1767312553),
('KAgzE4KXPJbImMmcitU9wyPt63cieWGiMXEjVgxW',NULL,'47.245.117.221','Go-http-client/1.1','YTozOntzOjY6Il90b2tlbiI7czo0MDoiQzNFZzVZTUY3eE1HWnpPQmQ4N1JuTTVVNHB6MTFpZENxbHE5VFZYYSI7czo5OiJfcHJldmlvdXMiO2E6MTp7czozOiJ1cmwiO3M6ODM6Imh0dHBzOi8vMTY0LjkyLjI0NC4xOTIvP2Rucz1fTVVCQUFBQkFBQUFBQUFBQVRFRWIyUnVjd0Z0Q21SdWMyMWxZWE4xY21VRGRHOXdBQUFCQUFFIjt9czo2OiJfZmxhc2giO2E6Mjp7czozOiJvbGQiO2E6MDp7fXM6MzoibmV3IjthOjA6e319fQ==',1767174606),
('KAs7vlo4SVohDdUBTMNKLF0UQ308CPvsgnTi5swB',NULL,'162.142.125.119','Mozilla/5.0 (compatible; CensysInspect/1.1; +https://about.censys.io/)','YTozOntzOjY6Il90b2tlbiI7czo0MDoiYkoxSHFuT0d4MEZVaXhBc3dONG1jZjFJdjBJRDFieHhaWVBZQ1kwUSI7czo5OiJfcHJldmlvdXMiO2E6MTp7czozOiJ1cmwiO3M6MjI6Imh0dHBzOi8vMTY0LjkyLjI0NC4xOTIiO31zOjY6Il9mbGFzaCI7YToyOntzOjM6Im9sZCI7YTowOnt9czozOiJuZXciO2E6MDp7fX19',1768787393),
('kbPW3eljsa9UILNJffdC9vtZ5TyvJMOG9BoiuSNg',NULL,'87.236.176.253','Mozilla/5.0 (compatible; InternetMeasurement/1.0; +https://internet-measurement.com/)','YTozOntzOjY6Il90b2tlbiI7czo0MDoiVjl5dTRBUExDSURBbnk5ZDVUVjZ0QlRDSmZBamhyaEV0YTRhelozbCI7czo5OiJfcHJldmlvdXMiO2E6MTp7czozOiJ1cmwiO3M6MjI6Imh0dHBzOi8vMTY0LjkyLjI0NC4xOTIiO31zOjY6Il9mbGFzaCI7YToyOntzOjM6Im9sZCI7YTowOnt9czozOiJuZXciO2E6MDp7fX19',1768556145),
('Kbr2g3ENQbpkCSSUlBTqItk3ZzOtWvi0Lj1z2RkE',NULL,'185.12.59.118','Mozilla/5.0 (Windows NT 10.0; Win64; x64; rv:132.0) Gecko/20100101 Firefox/132.0','YTozOntzOjY6Il90b2tlbiI7czo0MDoia2VjTzQwV1Jra245c0wwZlFESlRLREpheTNqZ3dqcEJaWGlZYVVaayI7czo5OiJfcHJldmlvdXMiO2E6MTp7czozOiJ1cmwiO3M6MjI6Imh0dHBzOi8vMTY0LjkyLjI0NC4xOTIiO31zOjY6Il9mbGFzaCI7YToyOntzOjM6Im9sZCI7YTowOnt9czozOiJuZXciO2E6MDp7fX19',1767985743),
('kc6vYYRDUEsm8lrMvkCYMhT4dpBsP4qZM60Ynvvv',NULL,'222.176.200.189','Mozilla/5.0 (Windows NT 6.1) AppleWebKit/537.36 (KHTML, like Gecko) Chrome/49.0.2623.112 Safari/537.36','YTozOntzOjY6Il90b2tlbiI7czo0MDoiTUxyYmVhb3NEWFBSc3ZYSDRRWDBjV25nMlJzSlM2bE13cW1xcVRtcyI7czo5OiJfcHJldmlvdXMiO2E6MTp7czozOiJ1cmwiO3M6MjI6Imh0dHBzOi8vMTY0LjkyLjI0NC4xOTIiO31zOjY6Il9mbGFzaCI7YToyOntzOjM6Im9sZCI7YTowOnt9czozOiJuZXciO2E6MDp7fX19',1767832769),
('kDS34OZHfZXyXsrqlzWtn2RhiLx2OV3W5H3926g2',NULL,'149.57.180.121','Mozilla/5.0 (X11; Linux i686; rv:109.0) Gecko/20100101 Firefox/120.0','YTozOntzOjY6Il90b2tlbiI7czo0MDoic3VBWHZGV0JJNk44RFJKam1SaTBsMUJtTXJTMEVLc1dhdHBCRURHbyI7czo5OiJfcHJldmlvdXMiO2E6MTp7czozOiJ1cmwiO3M6Mjg6Imh0dHBzOi8vZWhrYW0uYWJ1a2hhbGlsLnNpdGUiO31zOjY6Il9mbGFzaCI7YToyOntzOjM6Im9sZCI7YTowOnt9czozOiJuZXciO2E6MDp7fX19',1767674736),
('kE4FG0r2iANvRppfkM7d4sG4pmoHTy1PGA1Obh5l',NULL,'165.22.26.236','','YTozOntzOjY6Il90b2tlbiI7czo0MDoid2c3V3BUUHVWTExFT0tEVGJud3hWeVN3Z2RtUGZocEFXYUxnUlVSMiI7czo5OiJfcHJldmlvdXMiO2E6MTp7czozOiJ1cmwiO3M6Mjg6Imh0dHBzOi8vZWhrYW0uYWJ1a2hhbGlsLnNpdGUiO31zOjY6Il9mbGFzaCI7YToyOntzOjM6Im9sZCI7YTowOnt9czozOiJuZXciO2E6MDp7fX19',1767375452),
('kgiuN2vKLM2sDUlUsTMcSZIAn1YIU9Gg0a0m2nmr',NULL,'91.92.242.191','Mozilla/5.0 (Windows NT 10.0; Win64; x64) AppleWebKit/537.36 (KHTML, like Gecko) Chrome/131.0.0.0 Safari/537.36','YTozOntzOjY6Il90b2tlbiI7czo0MDoiVVRJR1N5U1RuTzN0OE52SUFaNHBRdVBkZm1BWkxWYXNrZFQ4N0liYSI7czo5OiJfcHJldmlvdXMiO2E6MTp7czozOiJ1cmwiO3M6Mjg6Imh0dHBzOi8vMTY0LjkyLjI0NC4xOTIvbG9naW4iO31zOjY6Il9mbGFzaCI7YToyOntzOjM6Im9sZCI7YTowOnt9czozOiJuZXciO2E6MDp7fX19',1766794025),
('kGxhI7sTpwWaFAGUnMm7CL0nVidNQd1OHLeT85LS',NULL,'185.112.104.133','Mozilla/5.0 (Linux; Android 10; K) AppleWebKit/537.36 (KHTML, like Gecko) Chrome/143.0.0.0 Mobile Safari/537.36','YTozOntzOjY6Il90b2tlbiI7czo0MDoiUEl4cURXRkw5WVc1WFp3bUljQnlUQ3hNZVNMTEpwaHhCSjhlV1JjVyI7czo5OiJfcHJldmlvdXMiO2E6MTp7czozOiJ1cmwiO3M6MzM6Imh0dHBzOi8vZWhrYW0uYWJ1a2hhbGlsLmFwcC9sb2dpbiI7fXM6NjoiX2ZsYXNoIjthOjI6e3M6Mzoib2xkIjthOjA6e31zOjM6Im5ldyI7YTowOnt9fX0=',1766383692),
('Kithk9dkrx1lqYvKmxF0eicQhoo1sASNCWG682O3',NULL,'113.248.17.174','Mozilla/5.0 (Linux; Android 6.0; Nexus 5 Build/MRA58N) AppleWebKit/537.36 (KHTML, like Gecko) Chrome/89.0.4389.82 Mobile Safari/537.36','YTozOntzOjY6Il90b2tlbiI7czo0MDoia0ZObTBLRXhrN1g2QXBvODhYdXJDVjBQUzlTM2xqS2VWcjFVWVJlSiI7czo5OiJfcHJldmlvdXMiO2E6MTp7czozOiJ1cmwiO3M6Mjg6Imh0dHBzOi8vZWhrYW0uYWJ1a2hhbGlsLnNpdGUiO31zOjY6Il9mbGFzaCI7YToyOntzOjM6Im9sZCI7YTowOnt9czozOiJuZXciO2E6MDp7fX19',1768793155),
('kK88eg5QVKIUsQTcNWtmhKT8NYYTe52veJjHR61d',NULL,'35.197.51.140','Mozilla/5.0 (Windows NT 10.0; Win64; x64) AppleWebKit/537.36 (KHTML, like Gecko) Chrome/78.0.3904.108 Safari/537.36','YTozOntzOjY6Il90b2tlbiI7czo0MDoiMlNFcXBLZ2E2MlhPRFQyUW9SUURZYWtxczRnRmFHVkNmZ2hLWmdmbSI7czo5OiJfcHJldmlvdXMiO2E6MTp7czozOiJ1cmwiO3M6Mjg6Imh0dHBzOi8vZWhrYW0uYWJ1a2hhbGlsLnNpdGUiO31zOjY6Il9mbGFzaCI7YToyOntzOjM6Im9sZCI7YTowOnt9czozOiJuZXciO2E6MDp7fX19',1766925363),
('kKhARL5IfsRrJ8mr5e7AU5IOr2eOfIyVGKZBICfD',NULL,'85.217.140.6','Mozilla/5.0 (compatible; ModatScanner/1.2; +https://modat.io/)','YTozOntzOjY6Il90b2tlbiI7czo0MDoiWUlkTzN2dUQ2TGxZYlFGMUhJc0ROS1kyV1R6MDdnVzltYjRpMjZLaiI7czo5OiJfcHJldmlvdXMiO2E6MTp7czozOiJ1cmwiO3M6MjI6Imh0dHBzOi8vMTY0LjkyLjI0NC4xOTIiO31zOjY6Il9mbGFzaCI7YToyOntzOjM6Im9sZCI7YTowOnt9czozOiJuZXciO2E6MDp7fX19',1768630372),
('kLsNSzhAH98mMGj06MGhJWzu3MOvlBt0DpC5Jd22',NULL,'165.154.51.27','curl/7.29.0','YTozOntzOjY6Il90b2tlbiI7czo0MDoibXhwT3gwZjBYeTdMM3VFNmJjRjRXRTVoYzQ5Nm1qYkFVeVZxUGFwWCI7czo5OiJfcHJldmlvdXMiO2E6MTp7czozOiJ1cmwiO3M6Mjg6Imh0dHBzOi8vZWhrYW0uYWJ1a2hhbGlsLnNpdGUiO31zOjY6Il9mbGFzaCI7YToyOntzOjM6Im9sZCI7YTowOnt9czozOiJuZXciO2E6MDp7fX19',1767728432),
('kmJ3L8gsYSLdiwTm29WtHhWoR1G9KYN3s6wkktgP',NULL,'79.124.40.174','Mozilla/5.0 (Windows NT 10.0; Win64; x64) AppleWebKit/537.36 (KHTML, like Gecko) Chrome/78.0.3904.108 Safari/537.36','YTozOntzOjY6Il90b2tlbiI7czo0MDoic1B2WUhXSzd1TEY3NWdWZVRqa0tsakwxMVB0Z1FTcnpYcVpIdVFmciI7czo5OiJfcHJldmlvdXMiO2E6MTp7czozOiJ1cmwiO3M6NTM6Imh0dHBzOi8vMTY0LjkyLjI0NC4xOTIvP1hERUJVR19TRVNTSU9OX1NUQVJUPXBocHN0b3JtIjt9czo2OiJfZmxhc2giO2E6Mjp7czozOiJvbGQiO2E6MDp7fXM6MzoibmV3IjthOjA6e319fQ==',1767881354),
('KmluxBDXfWXnOehwYziCWnnYoKyTuBdSa3oLwoLo',NULL,'147.185.133.208','Hello from Palo Alto Networks, find out more about our scans in https://docs-cortex.paloaltonetworks.com/r/1/Cortex-Xpanse/Scanning-activity','YTozOntzOjY6Il90b2tlbiI7czo0MDoiT3Nta0htT3VNQ3B1OXZhdGdVTUFyakZ2ZmJBOUlxMUFQQ25FN0FsWSI7czo5OiJfcHJldmlvdXMiO2E6MTp7czozOiJ1cmwiO3M6MjI6Imh0dHBzOi8vMTY0LjkyLjI0NC4xOTIiO31zOjY6Il9mbGFzaCI7YToyOntzOjM6Im9sZCI7YTowOnt9czozOiJuZXciO2E6MDp7fX19',1768720560),
('KoGB8DDS59OOqHSZAO9WEiCuC4VKTKahYRC6UfIt',NULL,'34.248.137.227','Mozilla/5.0 (X11; Linux x86_64; rv:83.0) Gecko/20100101 Firefox/83.0','YTozOntzOjY6Il90b2tlbiI7czo0MDoiWElaVnE1Wk1tU1BKamZNNWZqNnBpRjFhMVJMYWVxTHY2aXVBZlJyQSI7czo5OiJfcHJldmlvdXMiO2E6MTp7czozOiJ1cmwiO3M6Mjg6Imh0dHBzOi8vZWhrYW0uYWJ1a2hhbGlsLnNpdGUiO31zOjY6Il9mbGFzaCI7YToyOntzOjM6Im9sZCI7YTowOnt9czozOiJuZXciO2E6MDp7fX19',1766794761),
('kplSQAw922SwndytiAWGEG5tCOnvH3v320aTvWzp',NULL,'44.220.185.162','Mozilla/5.0 (Windows NT 6.2;en-US) AppleWebKit/537.32.36 (KHTML, live Gecko) Chrome/56.0.3097.66 Safari/537.32','YTozOntzOjY6Il90b2tlbiI7czo0MDoic1VWTndCNmdGVjQ3anRxRk1QemVmalpKYzlBMW9nSnF6NkRtNkZNTCI7czo5OiJfcHJldmlvdXMiO2E6MTp7czozOiJ1cmwiO3M6MjI6Imh0dHBzOi8vMTY0LjkyLjI0NC4xOTIiO31zOjY6Il9mbGFzaCI7YToyOntzOjM6Im9sZCI7YTowOnt9czozOiJuZXciO2E6MDp7fX19',1768763746),
('kPVfODqT46H0jPnNzyLu7pM16jMQVQHP9n5Ix9My',5,'127.0.0.1','Mozilla/5.0 (Macintosh; Intel Mac OS X 10.15; rv:147.0) Gecko/20100101 Firefox/147.0','YTo2OntzOjY6Il90b2tlbiI7czo0MDoiOE5oMHlzcFEzS0JlVlFnSlpLaklYdTMzc01WY1JjMkdQM3JUTkNnUiI7czozOiJ1cmwiO2E6MDp7fXM6OToiX3ByZXZpb3VzIjthOjE6e3M6MzoidXJsIjtzOjM4OiJodHRwOi8vMTI3LjAuMC4xOjgwMDAvd29ya2Zsb3cvcGVuZGluZyI7fXM6NjoiX2ZsYXNoIjthOjI6e3M6Mzoib2xkIjthOjA6e31zOjM6Im5ldyI7YTowOnt9fXM6NTA6ImxvZ2luX3dlYl81OWJhMzZhZGRjMmIyZjk0MDE1ODBmMDE0YzdmNThlYTRlMzA5ODlkIjtpOjU7czoyMjoiUEhQREVCVUdCQVJfU1RBQ0tfREFUQSI7YTowOnt9fQ==',1768938072),
('KqAKtkOMqvgG0blI6lF4WXEzDODLDB7INRz6zOjM',NULL,'205.169.39.24','Mozilla/5.0 (Windows NT 10.0; Win64; x64) AppleWebKit/537.36 (KHTML, like Gecko) Chrome/117.0.5938.132 Safari/537.36','YTozOntzOjY6Il90b2tlbiI7czo0MDoiVUxEZVpkQmQxS1ZuMmd0WkFuUGwxMmNsQWRaYWZkd2szQ21QRFZGTCI7czo5OiJfcHJldmlvdXMiO2E6MTp7czozOiJ1cmwiO3M6Mjg6Imh0dHBzOi8vZWhrYW0uYWJ1a2hhbGlsLnNpdGUiO31zOjY6Il9mbGFzaCI7YToyOntzOjM6Im9sZCI7YTowOnt9czozOiJuZXciO2E6MDp7fX19',1766784152),
('ksnNhmrh5OXztRYkYLU4BDq1kfxAbmxwzBaRxUYp',NULL,'45.156.128.49','Mozilla/5.0 (Windows NT 10.0; Win64; x64) AppleWebKit/537.36 (KHTML, like Gecko) Chrome/60.0.3112.113 Safari/537.36','YTozOntzOjY6Il90b2tlbiI7czo0MDoiODZKWTBRbG9pN2xYZ3h1WE9BVko3bG1jN2d1NHhnaGszSUZXWkJOSyI7czo5OiJfcHJldmlvdXMiO2E6MTp7czozOiJ1cmwiO3M6MjI6Imh0dHBzOi8vMTY0LjkyLjI0NC4xOTIiO31zOjY6Il9mbGFzaCI7YToyOntzOjM6Im9sZCI7YTowOnt9czozOiJuZXciO2E6MDp7fX19',1768666956),
('KtDAMAjLPjGY6MeeYZsy5d3GQFtwgfWNmdBm1NPP',NULL,'74.7.227.187','Mozilla/5.0 AppleWebKit/537.36 (KHTML, like Gecko; compatible; GPTBot/1.3; +https://openai.com/gptbot)','YTozOntzOjY6Il90b2tlbiI7czo0MDoieUNlOXJJUlg1MmZDaElMSlhwVXJ2SDBvREhSM0JWSzg2a2xyVGFIcSI7czo5OiJfcHJldmlvdXMiO2E6MTp7czozOiJ1cmwiO3M6Mjc6Imh0dHBzOi8vZWhrYW0uYWJ1a2hhbGlsLmFwcCI7fXM6NjoiX2ZsYXNoIjthOjI6e3M6Mzoib2xkIjthOjA6e31zOjM6Im5ldyI7YTowOnt9fX0=',1766524658),
('KTukBvp3iMEegovRg4lAXnj8XXGxdlukUySoNuCJ',NULL,'221.199.73.65','Mozilla/5.0 (Windows NT 6.1) AppleWebKit/537.36 (KHTML, like Gecko) Chrome/49.0.2623.112 Safari/537.36','YTozOntzOjY6Il90b2tlbiI7czo0MDoiaDliTVZNbDlZWUVmWEdsS2JYYXVpQTNtcFE1dDhOWW0zMmE4MHkwOCI7czo5OiJfcHJldmlvdXMiO2E6MTp7czozOiJ1cmwiO3M6Mjg6Imh0dHBzOi8vZWhrYW0uYWJ1a2hhbGlsLnNpdGUiO31zOjY6Il9mbGFzaCI7YToyOntzOjM6Im9sZCI7YTowOnt9czozOiJuZXciO2E6MDp7fX19',1767831836),
('kWKlNcyyCQJPi0EjAt2GqeLYe4aj6MYGM9eXoCDR',NULL,'182.53.18.35','Mozilla/5.0 (Windows NT 10.0; Win64; x64; rv:121.0) Gecko/20100101 Firefox/121.0','YTozOntzOjY6Il90b2tlbiI7czo0MDoiWVJHblA5T2xWeGRCVTkydTdINDlWY1BaSDZ6MFNpTHhBYUhqQ1FCbyI7czo5OiJfcHJldmlvdXMiO2E6MTp7czozOiJ1cmwiO3M6MjI6Imh0dHBzOi8vMTY0LjkyLjI0NC4xOTIiO31zOjY6Il9mbGFzaCI7YToyOntzOjM6Im9sZCI7YTowOnt9czozOiJuZXciO2E6MDp7fX19',1767734724),
('KWqphwPqvOVpUTI5upV9pMP3weYXkNkIXpijhcNG',NULL,'34.91.49.50','Mozilla/5.0 (Macintosh; Intel Mac OS X 11_1) AppleWebKit/537.36 (KHTML, like Gecko) Chrome/126.0.6478.63 Safari/537.36','YTozOntzOjY6Il90b2tlbiI7czo0MDoibkFSM1Z2QkFOZkNMV3hmc0ZIbGxmMDhKQTZnYVdkdnJsRHNYcGNrSiI7czo5OiJfcHJldmlvdXMiO2E6MTp7czozOiJ1cmwiO3M6Mjg6Imh0dHBzOi8vZWhrYW0uYWJ1a2hhbGlsLnNpdGUiO31zOjY6Il9mbGFzaCI7YToyOntzOjM6Im9sZCI7YTowOnt9czozOiJuZXciO2E6MDp7fX19',1767016314),
('KX9dXDXLBXt3HwSYBqyjymoVpjWwMeMHWRvsbHsz',NULL,'98.173.42.60','Mozilla/5.0 (compatible; Nmap Scripting Engine; https://nmap.org/book/nse.html)','YToyOntzOjY6Il90b2tlbiI7czo0MDoicHpQSzFETm01Y3A5RjdmMVd1bXdOeEc1Nk9peDFnNVJhbjdzSUdsQyI7czo2OiJfZmxhc2giO2E6Mjp7czozOiJvbGQiO2E6MDp7fXM6MzoibmV3IjthOjA6e319fQ==',1767035394),
('kY8R0WbYwA40j8SqfRnN7zq3pleTEzVSQnrFyeG9',NULL,'54.83.72.200','Mozilla/5.0 (X11; Linux i686; rv:124.0) Gecko/20100101 Firefox/124.0','YTozOntzOjY6Il90b2tlbiI7czo0MDoicnVWc2xFN3QwUklaTnRnOEZlbnU0bVpocWV3OWlYUThnM1o2UFhobiI7czo5OiJfcHJldmlvdXMiO2E6MTp7czozOiJ1cmwiO3M6Mjg6Imh0dHBzOi8vZWhrYW0uYWJ1a2hhbGlsLnNpdGUiO31zOjY6Il9mbGFzaCI7YToyOntzOjM6Im9sZCI7YTowOnt9czozOiJuZXciO2E6MDp7fX19',1766820573),
('kYlL9POPKLFvn3NYbWQQ6WKIJAgKqelJUytPxGWf',NULL,'118.193.38.134','Mozilla/5.0 (Windows NT 7_1; Win64; x64) AppleWebKit/601.38 (KHTML, like Gecko) Chrome/103.0.2197 Safari/537.36','YTozOntzOjY6Il90b2tlbiI7czo0MDoiMGN2RnZaU1RmZDVkeU5xODRqU2c2WTRWZWJiUmtRTjF6dGQ0V0F1byI7czo5OiJfcHJldmlvdXMiO2E6MTp7czozOiJ1cmwiO3M6Mjg6Imh0dHBzOi8vZWhrYW0uYWJ1a2hhbGlsLnNpdGUiO31zOjY6Il9mbGFzaCI7YToyOntzOjM6Im9sZCI7YTowOnt9czozOiJuZXciO2E6MDp7fX19',1767734489),
('KZbko1A8LJifyS0BinnuhO7VT6pe8FmgxDgapy3K',NULL,'74.7.242.54','Mozilla/5.0 AppleWebKit/537.36 (KHTML, like Gecko; compatible; GPTBot/1.3; +https://openai.com/gptbot)','YTozOntzOjY6Il90b2tlbiI7czo0MDoiRE5HeUtORDR5MERtRmxYRWFWWVNOSllsTlJvQ0JOTDRYZE13Z0dTbCI7czo5OiJfcHJldmlvdXMiO2E6MTp7czozOiJ1cmwiO3M6Mjg6Imh0dHBzOi8vZWhrYW0uYWJ1a2hhbGlsLnNpdGUiO31zOjY6Il9mbGFzaCI7YToyOntzOjM6Im9sZCI7YTowOnt9czozOiJuZXciO2E6MDp7fX19',1768277000),
('kzNolmWog4JNKQ9AHKLig8nzdOnp5vzLPe303aX0',NULL,'64.82.206.194','Mozilla/5.0 (Windows NT 10.0; Win64; x64) AppleWebKit/537.36 (KHTML, like Gecko) Chrome/120.0.0.0 Safari/537.36','YTozOntzOjY6Il90b2tlbiI7czo0MDoiaXEzSHd4SU02aTJLbGN5QUNTS1RucVFPM3FsTlhjekZQbDNHalBRRyI7czo5OiJfcHJldmlvdXMiO2E6MTp7czozOiJ1cmwiO3M6MjI6Imh0dHBzOi8vMTY0LjkyLjI0NC4xOTIiO31zOjY6Il9mbGFzaCI7YToyOntzOjM6Im9sZCI7YTowOnt9czozOiJuZXciO2E6MDp7fX19',1767993661),
('L4h93H5aZ0ttDz3erWt3pawHoKokiHbzuM88NpOK',NULL,'45.148.10.158','Mozilla/5.0 (Windows NT 10.0; Win64; x64) AppleWebKit/537.36','YToyOntzOjY6Il90b2tlbiI7czo0MDoicHVJbDBsVkI1Zm42TFJwM0FaVFRqTzdJejZLam9ZbDdETFlZWFduZSI7czo2OiJfZmxhc2giO2E6Mjp7czozOiJvbGQiO2E6MDp7fXM6MzoibmV3IjthOjA6e319fQ==',1767209846),
('L5gXahBpmcyaPoEmYvvJRhccQiUWHTqzJ1JkXUq7',NULL,'89.147.136.198','Mozilla/5.0 (Linux; Android 10; K) AppleWebKit/537.36 (KHTML, like Gecko) SamsungBrowser/29.0 Chrome/136.0.0.0 Mobile Safari/537.36','YTozOntzOjY6Il90b2tlbiI7czo0MDoidUhWQ3BoY1Z3YVF1bGtEbnRObHRVYVFjaUI3NGwxeUVtU3Q5WmN6OSI7czo5OiJfcHJldmlvdXMiO2E6MTp7czozOiJ1cmwiO3M6Mjg6Imh0dHBzOi8vZWhrYW0uYWJ1a2hhbGlsLnNpdGUiO31zOjY6Il9mbGFzaCI7YToyOntzOjM6Im9sZCI7YTowOnt9czozOiJuZXciO2E6MDp7fX19',1768169469),
('L6p4aHuVJbXH9zQ7cwtQe4NURmgKKqGyXmoeE4M1',NULL,'144.123.77.197','Mozilla/5.0 (Windows NT 6.1) AppleWebKit/537.36 (KHTML, like Gecko) Chrome/49.0.2623.112 Safari/537.36','YTozOntzOjY6Il90b2tlbiI7czo0MDoib0pjc2w2UEZ3ZE9OMUxoRFhmTDY3aDVab0dJcXp5bktEeHNZalF2ZSI7czo5OiJfcHJldmlvdXMiO2E6MTp7czozOiJ1cmwiO3M6Mjg6Imh0dHBzOi8vZWhrYW0uYWJ1a2hhbGlsLnNpdGUiO31zOjY6Il9mbGFzaCI7YToyOntzOjM6Im9sZCI7YTowOnt9czozOiJuZXciO2E6MDp7fX19',1767831877),
('l7RHfZNbhwAIwZ1UtmPdjvja0T8WoH1CJR7oT4Zs',NULL,'45.156.129.133','Mozilla/5.0 (Windows NT 10.0; Win64; x64) AppleWebKit/537.36 (KHTML, like Gecko) Chrome/60.0.3112.113 Safari/537.36','YTozOntzOjY6Il90b2tlbiI7czo0MDoiSVM3cUVsaVpVcVRzdzAxN2dZTG94Qnd6OEJKUHhFV1F3Q3VndWp6RSI7czo5OiJfcHJldmlvdXMiO2E6MTp7czozOiJ1cmwiO3M6MjI6Imh0dHBzOi8vMTY0LjkyLjI0NC4xOTIiO31zOjY6Il9mbGFzaCI7YToyOntzOjM6Im9sZCI7YTowOnt9czozOiJuZXciO2E6MDp7fX19',1767125960),
('L8eiUpBGOu7BKjRYghbjMxKBBZ9E6BxPgOOz1Eo7',NULL,'194.187.176.19','Mozilla/5.0 (Windows NT 10.0; Win64; x64; rv:65.0) Gecko/20100101 Firefox/65.0','YTozOntzOjY6Il90b2tlbiI7czo0MDoiVWw4WmFkVm9DUzNxSTNnVjduNXBzdWpwNVE4TklRQ1AzQnFEek9uMSI7czo5OiJfcHJldmlvdXMiO2E6MTp7czozOiJ1cmwiO3M6MjI6Imh0dHBzOi8vMTY0LjkyLjI0NC4xOTIiO31zOjY6Il9mbGFzaCI7YToyOntzOjM6Im9sZCI7YTowOnt9czozOiJuZXciO2E6MDp7fX19',1768381277),
('l9kmyFlbqCW47kUGmiWPZ8kymmcIv5ijz9gmkNkp',NULL,'35.203.211.33','Hello from Palo Alto Networks, find out more about our scans in https://docs-cortex.paloaltonetworks.com/r/1/Cortex-Xpanse/Scanning-activity','YTozOntzOjY6Il90b2tlbiI7czo0MDoiMUlLVnRuWmF2Z0ZCQkhWTWdzVXE5M25tdUJsalhZdmhQdjhxWHlKdyI7czo5OiJfcHJldmlvdXMiO2E6MTp7czozOiJ1cmwiO3M6MjI6Imh0dHBzOi8vMTY0LjkyLjI0NC4xOTIiO31zOjY6Il9mbGFzaCI7YToyOntzOjM6Im9sZCI7YTowOnt9czozOiJuZXciO2E6MDp7fX19',1768125905),
('lcgTfQkcXl5XJ2CSS3yLIoBe5Loar40eFF8VfYr6',NULL,'167.94.146.54','Mozilla/5.0 (compatible; CensysInspect/1.1; +https://about.censys.io/)','YTozOntzOjY6Il90b2tlbiI7czo0MDoiYXpCQ2JLdGgzQUJOQVdYYlozZnV6ZEJmMFh1RU1aVXhtMktzRENwdCI7czo5OiJfcHJldmlvdXMiO2E6MTp7czozOiJ1cmwiO3M6MjI6Imh0dHBzOi8vMTY0LjkyLjI0NC4xOTIiO31zOjY6Il9mbGFzaCI7YToyOntzOjM6Im9sZCI7YTowOnt9czozOiJuZXciO2E6MDp7fX19',1768107594),
('ldamsCoct9MA0P8CiYFucRjgjIebhOaaf33z3BAN',NULL,'167.94.138.183','Mozilla/5.0 (compatible; CensysInspect/1.1; +https://about.censys.io/)','YTozOntzOjY6Il90b2tlbiI7czo0MDoiV1pENkptd1BGd1pZRUlCV1JsSTQ1MWphTGR5TTZUakpkREViZ0ROaiI7czo5OiJfcHJldmlvdXMiO2E6MTp7czozOiJ1cmwiO3M6Mjg6Imh0dHBzOi8vMTY0LjkyLjI0NC4xOTIvbG9naW4iO31zOjY6Il9mbGFzaCI7YToyOntzOjM6Im9sZCI7YTowOnt9czozOiJuZXciO2E6MDp7fX19',1768100400),
('ldBZbcPn6gn1kAOTBhAHeqRJjgkFnljVDHeYn4bH',NULL,'149.57.180.52','Mozilla/5.0 (X11; Linux i686; rv:109.0) Gecko/20100101 Firefox/120.0','YTozOntzOjY6Il90b2tlbiI7czo0MDoiUTkxQ2ljSzNxa1JkOW9XTEEyQzl3WVAyYTJmc0JYRk5EZEVjSTRCNyI7czo5OiJfcHJldmlvdXMiO2E6MTp7czozOiJ1cmwiO3M6Mjg6Imh0dHBzOi8vZWhrYW0uYWJ1a2hhbGlsLnNpdGUiO31zOjY6Il9mbGFzaCI7YToyOntzOjM6Im9sZCI7YTowOnt9czozOiJuZXciO2E6MDp7fX19',1767409208),
('lf22z9bsH0HurlYMQWqk7BERkz53zYxKTAO6u6h5',NULL,'167.94.138.126','Mozilla/5.0 (compatible; CensysInspect/1.1; +https://about.censys.io/)','YTozOntzOjY6Il90b2tlbiI7czo0MDoiOFdvclRUVW9RajB6OXlUdVVIN2U1ZHdoTFIwRFl5WW1YRGtFRkE0aSI7czo5OiJfcHJldmlvdXMiO2E6MTp7czozOiJ1cmwiO3M6Mjg6Imh0dHBzOi8vMTY0LjkyLjI0NC4xOTIvbG9naW4iO31zOjY6Il9mbGFzaCI7YToyOntzOjM6Im9sZCI7YTowOnt9czozOiJuZXciO2E6MDp7fX19',1768388131),
('Lf87snJrdB6v8lxQrccGeHuYlMNjWtWMhZiEIVBh',NULL,'165.154.172.111','Mozilla/5.0 (Macintosh; Intel Mac OS X 8_0) AppleWebKit/554.46 (KHTML, like Gecko) Chrome/52.0.2469 Safari/537.36','YTozOntzOjY6Il90b2tlbiI7czo0MDoicmpOWlNhdk9rQVp1b1E3ZTJkTGppZlllNGhWQm1uNHQ5eWxKR3QwRCI7czo5OiJfcHJldmlvdXMiO2E6MTp7czozOiJ1cmwiO3M6Mjg6Imh0dHBzOi8vZWhrYW0uYWJ1a2hhbGlsLnNpdGUiO31zOjY6Il9mbGFzaCI7YToyOntzOjM6Im9sZCI7YTowOnt9czozOiJuZXciO2E6MDp7fX19',1767738007),
('LFu3eqCg9TVZk8yLrYihFhPQwSawzQZnWRkKmzar',NULL,'74.7.227.46','Mozilla/5.0 AppleWebKit/537.36 (KHTML, like Gecko; compatible; GPTBot/1.3; +https://openai.com/gptbot)','YTozOntzOjY6Il90b2tlbiI7czo0MDoiZ2M5SUEzM2tyNGhNYldjaU5SaTlZazlOWk1MM1lPQ3Z4MDVjd1JMVSI7czo5OiJfcHJldmlvdXMiO2E6MTp7czozOiJ1cmwiO3M6NTc6Imh0dHBzOi8vZWhrYW0uYWJ1a2hhbGlsLnNpdGUvd29ya3Nob3dfYXR0ZW5kYW5jZV9yZWdpc3RlciI7fXM6NjoiX2ZsYXNoIjthOjI6e3M6Mzoib2xkIjthOjA6e31zOjM6Im5ldyI7YTowOnt9fX0=',1766788694),
('lgIpH3vezDPS88P4XY5nUi6YNLRiM5OWk4ZeeOkS',1,'89.147.136.198','Mozilla/5.0 (Macintosh; Intel Mac OS X 10.15; rv:146.0) Gecko/20100101 Firefox/146.0','YTo0OntzOjY6Il90b2tlbiI7czo0MDoiQjhiYTJOQzBSQzFmYzNzYmJVeXdCNkdCeFdpVDRNeUVsdkt2VmNHVyI7czo5OiJfcHJldmlvdXMiO2E6MTp7czozOiJ1cmwiO3M6NDg6Imh0dHBzOi8vYWJ1a2hhbGlsLnNpdGUvYWRtaW4vY29tcGV0aXRpb25zLzEvbGl2ZSI7fXM6NjoiX2ZsYXNoIjthOjI6e3M6Mzoib2xkIjthOjA6e31zOjM6Im5ldyI7YTowOnt9fXM6NTA6ImxvZ2luX3dlYl81OWJhMzZhZGRjMmIyZjk0MDE1ODBmMDE0YzdmNThlYTRlMzA5ODlkIjtpOjE7fQ==',1766955597),
('liPMOrSgs0ucVIm3os9sb2bNKQSgYjyj1zMHNhJs',NULL,'20.65.194.47','Mozilla/5.0 zgrab/0.x','YTozOntzOjY6Il90b2tlbiI7czo0MDoiSVFWb0taTFdwV0twMnpTTHExRTk2QlpJMENtVmJXN21TUEZMOGhORSI7czo5OiJfcHJldmlvdXMiO2E6MTp7czozOiJ1cmwiO3M6MjI6Imh0dHBzOi8vMTY0LjkyLjI0NC4xOTIiO31zOjY6Il9mbGFzaCI7YToyOntzOjM6Im9sZCI7YTowOnt9czozOiJuZXciO2E6MDp7fX19',1767922019),
('lkgNfDH0nIPBddzEn5CXksCNDanq1n0tVpfS87Up',NULL,'64.62.197.212','Mozilla/5.0 (X11; Ubuntu; Linux x86_64; rv:123.0) Gecko/20100101 Firefox/123.0','YTozOntzOjY6Il90b2tlbiI7czo0MDoibE96RGhZeDYyaXgwNXhQSXlZYWNvdmdxaGxoOTlwZm1Ra3lhcWF4VSI7czo5OiJfcHJldmlvdXMiO2E6MTp7czozOiJ1cmwiO3M6MjI6Imh0dHBzOi8vMTY0LjkyLjI0NC4xOTIiO31zOjY6Il9mbGFzaCI7YToyOntzOjM6Im9sZCI7YTowOnt9czozOiJuZXciO2E6MDp7fX19',1767658126),
('lkvHFId7Le8IyOV0zDqqeY7ekyzX1WEtT0VuDW67',NULL,'108.130.181.198','Mozilla/5.0 (Windows NT 10.0; Win64; x64) AppleWebKit/537.36 (KHTML, like Gecko) Chrome/60.0.3112.113 Safari/537.36 Assetnote/1.0.0','YTozOntzOjY6Il90b2tlbiI7czo0MDoiOFZLMHJCR3dHSUNRSlJFZVBvU1JCWWlxdE5BZXg5U0VDYUhjWDZVWiI7czo5OiJfcHJldmlvdXMiO2E6MTp7czozOiJ1cmwiO3M6Mjg6Imh0dHBzOi8vZWhrYW0uYWJ1a2hhbGlsLnNpdGUiO31zOjY6Il9mbGFzaCI7YToyOntzOjM6Im9sZCI7YTowOnt9czozOiJuZXciO2E6MDp7fX19',1766948774),
('llV16x10zH1Gu2uNhIl35dICBs2RDygEZw1KRa7c',NULL,'162.142.125.200','Mozilla/5.0 (compatible; CensysInspect/1.1; +https://about.censys.io/)','YTozOntzOjY6Il90b2tlbiI7czo0MDoiYkpkb3JVMEtSbERpclJNUGk5VnVUckpBVG1XQ01LaE5YOUM1QlJDTCI7czo5OiJfcHJldmlvdXMiO2E6MTp7czozOiJ1cmwiO3M6Mjg6Imh0dHBzOi8vMTY0LjkyLjI0NC4xOTIvbG9naW4iO31zOjY6Il9mbGFzaCI7YToyOntzOjM6Im9sZCI7YTowOnt9czozOiJuZXciO2E6MDp7fX19',1767240017),
('Lm8xxiCQH8ngbBA2phTM2K0GmiG8ye4FYkgGMa8J',NULL,'91.92.242.214','Go-http-client/1.1','YTozOntzOjY6Il90b2tlbiI7czo0MDoiNmltd3N4Mzd3bFVpTDNOUkxJV1pJaE9yVjJFRkZRWmgyTzBOWTEwNSI7czo5OiJfcHJldmlvdXMiO2E6MTp7czozOiJ1cmwiO3M6MjI6Imh0dHBzOi8vMTY0LjkyLjI0NC4xOTIiO31zOjY6Il9mbGFzaCI7YToyOntzOjM6Im9sZCI7YTowOnt9czozOiJuZXciO2E6MDp7fX19',1768302510),
('ln6LJSWLIOF4GF2cnok7Efaif9ekf6mMownnXZii',NULL,'122.96.28.176','Mozilla/5.0 (Windows NT 6.1) AppleWebKit/537.36 (KHTML, like Gecko) Chrome/49.0.2623.112 Safari/537.36','YTozOntzOjY6Il90b2tlbiI7czo0MDoiNWpQbENwVmJjcDlOWnRkTW8yMjBZNzViakFBRUZSaFhxdFRwZ2laeCI7czo5OiJfcHJldmlvdXMiO2E6MTp7czozOiJ1cmwiO3M6MjI6Imh0dHBzOi8vMTY0LjkyLjI0NC4xOTIiO31zOjY6Il9mbGFzaCI7YToyOntzOjM6Im9sZCI7YTowOnt9czozOiJuZXciO2E6MDp7fX19',1767831345),
('LnTGHQqtkVcOjH5REbdH1uJ55nZ6hFtida4OYlma',NULL,'165.154.14.113','Mozilla/5.0 (Windows NT 10.0; Win64; x64) AppleWebKit/537.36 (KHTML, like Gecko) Chrome/125.0.0.0 Safari/537.36','YTozOntzOjY6Il90b2tlbiI7czo0MDoiSVF2QktWcjJyYWp5bVZjQTB2cXVTZ2pWeW9JcnJaNEFqcGxzeDYwbSI7czo5OiJfcHJldmlvdXMiO2E6MTp7czozOiJ1cmwiO3M6MjI6Imh0dHBzOi8vMTY0LjkyLjI0NC4xOTIiO31zOjY6Il9mbGFzaCI7YToyOntzOjM6Im9sZCI7YTowOnt9czozOiJuZXciO2E6MDp7fX19',1767616390),
('LoTNYXdXMOxYNCz3AtJlf30bb6ARVjjVnIFRenHr',NULL,'35.216.156.249','Mozilla/5.0','YTozOntzOjY6Il90b2tlbiI7czo0MDoiNlBVd1VqbUl3aXI0Mm9JbjIxQWxjcE5XSllQaWlGT0VYWWg2Unk3SiI7czo5OiJfcHJldmlvdXMiO2E6MTp7czozOiJ1cmwiO3M6MjI6Imh0dHBzOi8vMTY0LjkyLjI0NC4xOTIiO31zOjY6Il9mbGFzaCI7YToyOntzOjM6Im9sZCI7YTowOnt9czozOiJuZXciO2E6MDp7fX19',1767236129),
('lPsKUBF116yA4edfs8fdBuId5pEQeatzj1Kk5zq0',NULL,'157.245.186.51','Mozilla/5.0 (Windows NT 10.0; Win64; x64) AppleWebKit/537.36 (KHTML, like Gecko) Chrome/108.0.0.0 Safari/537.36','YTozOntzOjY6Il90b2tlbiI7czo0MDoiY2tKRDNMNUQ1bjRyejE4M1cxenhJaFpVMmVVQ0NnU1dUdDhkaENwRSI7czo5OiJfcHJldmlvdXMiO2E6MTp7czozOiJ1cmwiO3M6MjI6Imh0dHBzOi8vMTY0LjkyLjI0NC4xOTIiO31zOjY6Il9mbGFzaCI7YToyOntzOjM6Im9sZCI7YTowOnt9czozOiJuZXciO2E6MDp7fX19',1768164521),
('Lpw3QwhPEjvY1KT59LuM417GEJMKRqd1y3t3Zibr',NULL,'172.235.235.248','','YTozOntzOjY6Il90b2tlbiI7czo0MDoiaVJzZUFJcnlHZUxZMjVOTm9LdjNvZlIxbHpkV2JjZERxd1JKdVNzSiI7czo5OiJfcHJldmlvdXMiO2E6MTp7czozOiJ1cmwiO3M6MjI6Imh0dHBzOi8vMTY0LjkyLjI0NC4xOTIiO31zOjY6Il9mbGFzaCI7YToyOntzOjM6Im9sZCI7YTowOnt9czozOiJuZXciO2E6MDp7fX19',1767500438),
('Lpz8zW4qY9jVoF1YHYandFeIfR29SnJLUtX45YWB',NULL,'92.63.197.197','Mozilla/5.0 (Windows NT 10.0; WOW64; Trident/7.0; Touch; rv:11.0) like Gecko','YTozOntzOjY6Il90b2tlbiI7czo0MDoicmNJcThSUnY3YmxRN05ZR3BuUzVGQ3JQQ1d0RGZMaVMzUnJjRk1UWSI7czo5OiJfcHJldmlvdXMiO2E6MTp7czozOiJ1cmwiO3M6MjI6Imh0dHBzOi8vMTY0LjkyLjI0NC4xOTIiO31zOjY6Il9mbGFzaCI7YToyOntzOjM6Im9sZCI7YTowOnt9czozOiJuZXciO2E6MDp7fX19',1768396265),
('lq1NLjwdMOf0ObC96mHklCSInzKDUEqVLsDCBSWu',NULL,'78.153.140.203','Mozilla/5.0 (Macintosh; Intel Mac OS X 10.7; rv:36.0) Gecko/20100101 Firefox/36.0','YTozOntzOjY6Il90b2tlbiI7czo0MDoiTGkwQzhPWDdXazM1UVJEY29ZREU0WTEyYzVyNFZsOWhtUTlQYUtGNCI7czo5OiJfcHJldmlvdXMiO2E6MTp7czozOiJ1cmwiO3M6MzQ6Imh0dHBzOi8vMTY0LjkyLjI0NC4xOTIvP3BocGluZm89LTEiO31zOjY6Il9mbGFzaCI7YToyOntzOjM6Im9sZCI7YTowOnt9czozOiJuZXciO2E6MDp7fX19',1767047425),
('lQabSgVGPsyfhdnTdYliKqf2iqcbkrNnio9gqbha',NULL,'204.76.203.18','','YTozOntzOjY6Il90b2tlbiI7czo0MDoia3dZNmlBMUs3WnBBQUVxblBwcnVaWkVmM2thY2dTdDV4bXZlWkRPZiI7czo5OiJfcHJldmlvdXMiO2E6MTp7czozOiJ1cmwiO3M6MjI6Imh0dHBzOi8vMTY0LjkyLjI0NC4xOTIiO31zOjY6Il9mbGFzaCI7YToyOntzOjM6Im9sZCI7YTowOnt9czozOiJuZXciO2E6MDp7fX19',1767429260),
('LQAr6w7iM9ZnVeyXCLwEBLsuRb2zwWI3foYhFpfK',NULL,'104.252.191.45','Mozilla/5.0 (Macintosh; Intel Mac OS X 10_15_7) AppleWebKit/537.36 (KHTML, like Gecko) Chrome/116.0.0.0 Safari/537.36','YTozOntzOjY6Il90b2tlbiI7czo0MDoiZ1NXbE5sNHNRdTUxbms1VmRuVTVxRHM3cmg0RXplMFpxSTBReGNNVSI7czo5OiJfcHJldmlvdXMiO2E6MTp7czozOiJ1cmwiO3M6Mjg6Imh0dHBzOi8vZWhrYW0uYWJ1a2hhbGlsLnNpdGUiO31zOjY6Il9mbGFzaCI7YToyOntzOjM6Im9sZCI7YTowOnt9czozOiJuZXciO2E6MDp7fX19',1766822576),
('LrgpJx7nm1AqMkOsqueKd5zFKEB7jPQHCnVV7hS5',NULL,'20.113.27.135','Mozilla/5.0 (Macintosh; Intel Mac OS X 10_12_1) AppleWebKit/537.36 (KHTML, like Gecko) Chrome/54.0.2840.98 Safari/537.36','YTozOntzOjY6Il90b2tlbiI7czo0MDoibXBCRVl5QW5VQWZlZllBMTM4QU5kMG1DNTY0MWpjb1pVclh0dWk3bCI7czo5OiJfcHJldmlvdXMiO2E6MTp7czozOiJ1cmwiO3M6MjI6Imh0dHBzOi8vMTY0LjkyLjI0NC4xOTIiO31zOjY6Il9mbGFzaCI7YToyOntzOjM6Im9sZCI7YTowOnt9czozOiJuZXciO2E6MDp7fX19',1767957897),
('lRvpgjB5aYnlDFJN3EVecD1lxTXB8BahMhCaFMsH',NULL,'124.117.193.237','','YTozOntzOjY6Il90b2tlbiI7czo0MDoiWjRDekljUThUdU5sYUc4b0tjNlVJWFVTOGpIWVZmNnFaNWlRVnFTMSI7czo5OiJfcHJldmlvdXMiO2E6MTp7czozOiJ1cmwiO3M6MjI6Imh0dHBzOi8vMTY0LjkyLjI0NC4xOTIiO31zOjY6Il9mbGFzaCI7YToyOntzOjM6Im9sZCI7YTowOnt9czozOiJuZXciO2E6MDp7fX19',1768060107),
('lsCLQR4SQlwxKoergiG9ov4V3KCfXr4iKOlqz1Za',NULL,'167.94.138.166','Mozilla/5.0 (compatible; CensysInspect/1.1; +https://about.censys.io/)','YTozOntzOjY6Il90b2tlbiI7czo0MDoiWkFUSVcwMlk0MjlCU1pERWF4NzRocElJcHFleTFlUHRINjZuZWY5ZSI7czo5OiJfcHJldmlvdXMiO2E6MTp7czozOiJ1cmwiO3M6MjI6Imh0dHBzOi8vMTY0LjkyLjI0NC4xOTIiO31zOjY6Il9mbGFzaCI7YToyOntzOjM6Im9sZCI7YTowOnt9czozOiJuZXciO2E6MDp7fX19',1767281348),
('lTflIiC2R6UOgECxkmg7QjDEQwZyLvqMVSKjiGmj',NULL,'136.110.36.65','Mozilla/5.0 (Windows NT 10.0; Win64; x64) Chrome/120.0 Safari/537.36','YTozOntzOjY6Il90b2tlbiI7czo0MDoiWDNaTkt3NmpPejhadlBicEk0czJYU1I2em4wQTE2QzFlbXJ6NEpURiI7czo5OiJfcHJldmlvdXMiO2E6MTp7czozOiJ1cmwiO3M6Mjg6Imh0dHBzOi8vZWhrYW0uYWJ1a2hhbGlsLnNpdGUiO31zOjY6Il9mbGFzaCI7YToyOntzOjM6Im9sZCI7YTowOnt9czozOiJuZXciO2E6MDp7fX19',1766979012),
('LtUuproJpmWH6S004HYNxBapUBmYDxJlZ9wnGQIM',NULL,'66.228.53.174','Mozilla/5.0 (Macintosh; Intel Mac OS X 13_1) AppleWebKit/537.36 (KHTML, like Gecko) Chrome/108.0.0.0 Safari/537.36','YTozOntzOjY6Il90b2tlbiI7czo0MDoiY3hobGpPTmlnUVhqS0JDbUdDNjRTVm82aHNUeFk3OUVpMjZicEJ1ciI7czo5OiJfcHJldmlvdXMiO2E6MTp7czozOiJ1cmwiO3M6MjI6Imh0dHBzOi8vMTY0LjkyLjI0NC4xOTIiO31zOjY6Il9mbGFzaCI7YToyOntzOjM6Im9sZCI7YTowOnt9czozOiJuZXciO2E6MDp7fX19',1767701728),
('lUFTLq6A6VjfZMvYr1pbmZrkPmI7o0vZ7celnKhb',NULL,'89.42.231.179','-','YTozOntzOjY6Il90b2tlbiI7czo0MDoia2paMGNaMDBDbDFCWVhGaXNVN1hDR2NYbzJISElPZE05aGxER1dzTiI7czo5OiJfcHJldmlvdXMiO2E6MTp7czozOiJ1cmwiO3M6MjI6Imh0dHBzOi8vMTY0LjkyLjI0NC4xOTIiO31zOjY6Il9mbGFzaCI7YToyOntzOjM6Im9sZCI7YTowOnt9czozOiJuZXciO2E6MDp7fX19',1767357458),
('LVlkMCzIuLTPdo2ylCiwwablkehsB9HJfWnv0YPc',NULL,'165.227.171.105','','YTozOntzOjY6Il90b2tlbiI7czo0MDoiYWhuOFRQT0xsOGc2MU9LV1o5aldjWlZGdFd2MWZpa2NhQnBObGR5MSI7czo5OiJfcHJldmlvdXMiO2E6MTp7czozOiJ1cmwiO3M6MjI6Imh0dHBzOi8vMTY0LjkyLjI0NC4xOTIiO31zOjY6Il9mbGFzaCI7YToyOntzOjM6Im9sZCI7YTowOnt9czozOiJuZXciO2E6MDp7fX19',1767884529),
('lWE06bvBpu9AH4EpICkGfhA3v2ENcVoWMhxk1HMK',NULL,'183.93.83.245','Mozilla/5.0 (Windows NT 6.1) AppleWebKit/537.36 (KHTML, like Gecko) Chrome/49.0.2623.112 Safari/537.36','YTozOntzOjY6Il90b2tlbiI7czo0MDoiQWtaMThWNjlVck94VjVDcWdQanA3M0Q2TVJqNHRSNWE1eW5vWDJnUyI7czo5OiJfcHJldmlvdXMiO2E6MTp7czozOiJ1cmwiO3M6Mjg6Imh0dHBzOi8vZWhrYW0uYWJ1a2hhbGlsLnNpdGUiO31zOjY6Il9mbGFzaCI7YToyOntzOjM6Im9sZCI7YTowOnt9czozOiJuZXciO2E6MDp7fX19',1767831693),
('Lx0FJnBEGHHIawdc4QPkyfV6etWXj6CqyxbXEtt3',NULL,'65.49.20.66','Mozilla/5.0 (Windows NT 10.0; Win64; x64; rv:128.0) Gecko/20100101 Firefox/128.0','YTozOntzOjY6Il90b2tlbiI7czo0MDoiaWdnVFBGeDhTVm0waTJLUjkwRUN1QWU1WW15NVFGNWZ0YURaeXBsOCI7czo5OiJfcHJldmlvdXMiO2E6MTp7czozOiJ1cmwiO3M6MjI6Imh0dHBzOi8vMTY0LjkyLjI0NC4xOTIiO31zOjY6Il9mbGFzaCI7YToyOntzOjM6Im9sZCI7YTowOnt9czozOiJuZXciO2E6MDp7fX19',1767262133),
('LYhlwDSNBwyiOT0qldDGI6Yl3FZdZpJfNSPzwvoB',NULL,'205.210.31.37','Hello from Palo Alto Networks, find out more about our scans in https://docs-cortex.paloaltonetworks.com/r/1/Cortex-Xpanse/Scanning-activity','YTozOntzOjY6Il90b2tlbiI7czo0MDoiMzNadXJVTUU2NVkzRDZnZVVISFNIOWxSaFFmOTFCa3RnN3pCYzMzRSI7czo5OiJfcHJldmlvdXMiO2E6MTp7czozOiJ1cmwiO3M6MjI6Imh0dHBzOi8vMTY0LjkyLjI0NC4xOTIiO31zOjY6Il9mbGFzaCI7YToyOntzOjM6Im9sZCI7YTowOnt9czozOiJuZXciO2E6MDp7fX19',1767124092),
('Lz8XXveIWmYz2UE4wbLCTH0VlhBvqrtsTmVVkd1l',NULL,'49.51.132.100','Mozilla/5.0 (iPhone; CPU iPhone OS 13_2_3 like Mac OS X) AppleWebKit/605.1.15 (KHTML, like Gecko) Version/13.0.3 Mobile/15E148 Safari/604.1','YTozOntzOjY6Il90b2tlbiI7czo0MDoiV0FCUjE1TDdOVVhTT2lMWlBHd2Z0WHJub2szVlEwb0hFUlZZUm5JYSI7czo5OiJfcHJldmlvdXMiO2E6MTp7czozOiJ1cmwiO3M6MjI6Imh0dHBzOi8vMTY0LjkyLjI0NC4xOTIiO31zOjY6Il9mbGFzaCI7YToyOntzOjM6Im9sZCI7YTowOnt9czozOiJuZXciO2E6MDp7fX19',1768754001),
('LZOEecUiHqjNug34GS9jOXLEihvdY4OeCaorshL4',NULL,'64.82.206.194','Mozilla/5.0 (Windows NT 10.0; Win64; x64) AppleWebKit/537.36 (KHTML, like Gecko) Chrome/120.0.0.0 Safari/537.36 Edg/120.0.0.0','YTozOntzOjY6Il90b2tlbiI7czo0MDoid1JFZlpRTFdYRzdielhIWHF1VFpjNWU1R2RyMnlOU2hyaGVxTnBsWSI7czo5OiJfcHJldmlvdXMiO2E6MTp7czozOiJ1cmwiO3M6MjI6Imh0dHBzOi8vMTY0LjkyLjI0NC4xOTIiO31zOjY6Il9mbGFzaCI7YToyOntzOjM6Im9sZCI7YTowOnt9czozOiJuZXciO2E6MDp7fX19',1767710585),
('M0z31qJoJC1doTbvYOtHcG1KRCh6RnvuiljXBr3Y',NULL,'16.148.67.46','Mozilla/5.0 (Macintosh; Intel Mac OS X 10_11_5) AppleWebKit/537.36 (KHTML, like Gecko) Chrome/50.0.2661.102 Safari/537.36','YTozOntzOjY6Il90b2tlbiI7czo0MDoiTDhCc05jd0kzVHJiMlVEc3JYTXVrNlYwc0hsZDY5cUx5M2ZPWXRXQiI7czo5OiJfcHJldmlvdXMiO2E6MTp7czozOiJ1cmwiO3M6MjI6Imh0dHBzOi8vMTY0LjkyLjI0NC4xOTIiO31zOjY6Il9mbGFzaCI7YToyOntzOjM6Im9sZCI7YTowOnt9czozOiJuZXciO2E6MDp7fX19',1768285669),
('M2ue8zELVKxat3LpyrsDtdgD6W5wIhAympPBgI0O',NULL,'195.184.76.83','Mozilla/5.0 (X11; Ubuntu; Linux x86_64; rv:134.0) Gecko/20100101 Firefox/134.0','YTozOntzOjY6Il90b2tlbiI7czo0MDoiZGxYTENlRmRzZXhsWDdhNk9JUnVMSXd4THE5em9qRXpYOVVRV3VNbCI7czo5OiJfcHJldmlvdXMiO2E6MTp7czozOiJ1cmwiO3M6MjI6Imh0dHBzOi8vMTY0LjkyLjI0NC4xOTIiO31zOjY6Il9mbGFzaCI7YToyOntzOjM6Im9sZCI7YTowOnt9czozOiJuZXciO2E6MDp7fX19',1768760117),
('m3sK50VhAvWohxn75ZCyaKa5xqJZoAeqh0zYndtp',NULL,'92.63.197.50','Mozilla/5.0 (Windows NT 10.0; Win64; x64) AppleWebKit/537.36 (KHTML, like Gecko) Chrome/140.0.0.0 Safari/537.36','YTozOntzOjY6Il90b2tlbiI7czo0MDoiZmJKSUdtTllZWDRuOWZuQzNlUHFIQXhrSEs3N0pyUWVWUDJUM1Q3dSI7czo5OiJfcHJldmlvdXMiO2E6MTp7czozOiJ1cmwiO3M6MjI6Imh0dHBzOi8vMTY0LjkyLjI0NC4xOTIiO31zOjY6Il9mbGFzaCI7YToyOntzOjM6Im9sZCI7YTowOnt9czozOiJuZXciO2E6MDp7fX19',1766891969),
('m5CJsZMpPHalutJmSHP3YiJTDZ7GIsgbwig94tbf',NULL,'5.21.229.132','Mozilla/5.0 (Windows NT 10.0; Win64; x64) AppleWebKit/537.36 (KHTML, like Gecko) Chrome/142.0.0.0 Safari/537.36','YTo0OntzOjY6Il90b2tlbiI7czo0MDoiSllQQ3Y5UXUwMkJ5MlJuQVpFS2FpUG1IRmpKeTFnTkplUEdOdzM2USI7czozOiJ1cmwiO2E6MTp7czo4OiJpbnRlbmRlZCI7czozNDoiaHR0cHM6Ly9laGthbS5hYnVraGFsaWwuYXBwL2thbmJhbiI7fXM6OToiX3ByZXZpb3VzIjthOjE6e3M6MzoidXJsIjtzOjMzOiJodHRwczovL2Voa2FtLmFidWtoYWxpbC5hcHAvbG9naW4iO31zOjY6Il9mbGFzaCI7YToyOntzOjM6Im9sZCI7YTowOnt9czozOiJuZXciO2E6MDp7fX19',1766469128),
('m5DcYj8wTPxdVRpMcpk4rUqmPmwy6YtTfpUicPGv',NULL,'185.12.59.118','Mozilla/5.0 (Windows NT 10.0; Win64; x64; rv:132.0) Gecko/20100101 Firefox/132.0','YTozOntzOjY6Il90b2tlbiI7czo0MDoiUmZwQTBDTVFYN1NaanpqNjVHVnFTclA3Q0oyemE0bTZSeExNMTJ3VSI7czo5OiJfcHJldmlvdXMiO2E6MTp7czozOiJ1cmwiO3M6MjI6Imh0dHBzOi8vMTY0LjkyLjI0NC4xOTIiO31zOjY6Il9mbGFzaCI7YToyOntzOjM6Im9sZCI7YTowOnt9czozOiJuZXciO2E6MDp7fX19',1767547740),
('ma0i8MBREkOWEthBmqEN5DpwTiUu0rrRiFHnPflp',NULL,'23.92.30.103','Mozilla/5.0 (Windows NT 10.0; Win64; x64) AppleWebKit/537.36 (KHTML, like Gecko) Chrome/83.0.4103.61 Safari/537.36','YTozOntzOjY6Il90b2tlbiI7czo0MDoiajhxUDJ2QkVpd0M5YXJtekpKUjJTY1huN3BFTWRYWFFuV2plVk1sdCI7czo5OiJfcHJldmlvdXMiO2E6MTp7czozOiJ1cmwiO3M6MjI6Imh0dHBzOi8vMTY0LjkyLjI0NC4xOTIiO31zOjY6Il9mbGFzaCI7YToyOntzOjM6Im9sZCI7YTowOnt9czozOiJuZXciO2E6MDp7fX19',1768724572),
('Ma2d8JqglSTNCHMRgwFd6xMhPNPpm6vh89D85qj9',NULL,'167.71.188.164','Mozilla/5.0 (Windows NT 10.0; Win64; x64) AppleWebKit/537.36 (KHTML, like Gecko) Chrome/108.0.0.0 Safari/537.36','YTozOntzOjY6Il90b2tlbiI7czo0MDoiejQzbnl3SEJWSm1LbWtEcm45Z2dLdjlvOVNvZm5BWFVJRWZFS2Y1ayI7czo5OiJfcHJldmlvdXMiO2E6MTp7czozOiJ1cmwiO3M6MjI6Imh0dHBzOi8vMTY0LjkyLjI0NC4xOTIiO31zOjY6Il9mbGFzaCI7YToyOntzOjM6Im9sZCI7YTowOnt9czozOiJuZXciO2E6MDp7fX19',1767231008),
('MakSNfkOjRt8jcyRIo1y3bzF3nvLTcmvUmf6De3b',NULL,'34.87.94.136','Mozilla/5.0 (compatible; Googlebot/2.1; +http://www.google.com/bot.html)','YTozOntzOjY6Il90b2tlbiI7czo0MDoiOVBrdGNzcENHTDRUejFhZlV5RkJTTzVMOGZaMUoyTDRDZHpueVJnTCI7czo5OiJfcHJldmlvdXMiO2E6MTp7czozOiJ1cmwiO3M6Mjg6Imh0dHBzOi8vZWhrYW0uYWJ1a2hhbGlsLnNpdGUiO31zOjY6Il9mbGFzaCI7YToyOntzOjM6Im9sZCI7YTowOnt9czozOiJuZXciO2E6MDp7fX19',1766802707),
('ManQq1oWuTDRHSu9GyjJqJx1gSNud0grULNDMD1v',NULL,'45.148.10.87','Mozilla/5.0 (Windows NT 10.0; Win64; x64) AppleWebKit/537.36','YToyOntzOjY6Il90b2tlbiI7czo0MDoiWTJCcGRyUGNtYmlNcXRLY2xDcEczall4MnRqZkZmTzgxT1pwckU0diI7czo2OiJfZmxhc2giO2E6Mjp7czozOiJvbGQiO2E6MDp7fXM6MzoibmV3IjthOjA6e319fQ==',1767218187),
('mbJbaTzWXH822G4LJqdStAf2nOl3v287lnTYwHaF',NULL,'3.18.186.238','air.ai/scanning Mozilla/5.0 (Macintosh; Intel Mac OS X 10_15_7) Chrome/126.0.0.0 Safari/537.36','YTozOntzOjY6Il90b2tlbiI7czo0MDoiTmZrVmFFRmJKTXNjQTZNWlh3YlJFek11M3ZjRlJGMkNpWkNUYlRVSCI7czo5OiJfcHJldmlvdXMiO2E6MTp7czozOiJ1cmwiO3M6Mjg6Imh0dHBzOi8vZWhrYW0uYWJ1a2hhbGlsLnNpdGUiO31zOjY6Il9mbGFzaCI7YToyOntzOjM6Im9sZCI7YTowOnt9czozOiJuZXciO2E6MDp7fX19',1768765317),
('mbWDQ2sG3ZQYi9Kddo7dthGqJrERGm5tRa5yrCb4',NULL,'172.236.11.8','Mozilla/5.0 (Windows NT 6.1; WOW64; rv:8.0) Gecko/20100101 Firefox/8.0','YTozOntzOjY6Il90b2tlbiI7czo0MDoiVVR6aDRSSTZLYUwyUXFsdGFJTDFSYWdLMXRMUlF2U1hTbk9mdW1hQiI7czo5OiJfcHJldmlvdXMiO2E6MTp7czozOiJ1cmwiO3M6MjI6Imh0dHBzOi8vMTY0LjkyLjI0NC4xOTIiO31zOjY6Il9mbGFzaCI7YToyOntzOjM6Im9sZCI7YTowOnt9czozOiJuZXciO2E6MDp7fX19',1767940073),
('mcrudeKGPFXXlItqMrl7dqVY3h4gaKGuUK0bYk8O',NULL,'18.235.110.182','RecordedFuture Global Inventory Crawler','YTozOntzOjY6Il90b2tlbiI7czo0MDoiUjlaWkJzaHNXRGtldW83YTJqYkxrc1Q3UUE3WlVQR3ZXZ3FKb0dwUyI7czo5OiJfcHJldmlvdXMiO2E6MTp7czozOiJ1cmwiO3M6NDc6Imh0dHBzOi8vYnJhdmUtbXVyZG9jay4xNjQtOTItMjQ0LTE5Mi5wbGVzay5wYWdlIjt9czo2OiJfZmxhc2giO2E6Mjp7czozOiJvbGQiO2E6MDp7fXM6MzoibmV3IjthOjA6e319fQ==',1768616837),
('mdgf34FxxO3cLmPuWlomVVwxow54dtMK1cyRcxeq',1,'188.66.225.211','Mozilla/5.0 (Windows NT 10.0; Win64; x64) AppleWebKit/537.36 (KHTML, like Gecko) Chrome/143.0.0.0 Safari/537.36','YTo0OntzOjY6Il90b2tlbiI7czo0MDoiWnU2WjNVMmlBWHhoOGxqMkxSdGhGbDA0eVZRR29zNHlUN3VqVlBUdyI7czo5OiJfcHJldmlvdXMiO2E6MTp7czozOiJ1cmwiO3M6NTM6Imh0dHBzOi8vZWhrYW0uYWJ1a2hhbGlsLnNpdGUvY2FsZW5kYXIvaW5kZXg/eWVhcj0yMDI2Ijt9czo2OiJfZmxhc2giO2E6Mjp7czozOiJvbGQiO2E6MDp7fXM6MzoibmV3IjthOjA6e319czo1MDoibG9naW5fd2ViXzU5YmEzNmFkZGMyYjJmOTQwMTU4MGYwMTRjN2Y1OGVhNGUzMDk4OWQiO2k6MTt9',1768841526),
('MdLF7k4saEnZrgzLgugbU9k5s6I4OS6SApyaQTSA',NULL,'204.76.203.25','Mozilla/5.0 (Windows NT 10.0; Win64; x64) AppleWebKit/537.36 (KHTML, like Gecko) Chrome/134.0.0.0 Safari/537.3','YTozOntzOjY6Il90b2tlbiI7czo0MDoiRFdoTUg1SHdiUDRSSXE1b1MzUjlMNmJIQUFUckNmTUdybVZBbHBYZiI7czo5OiJfcHJldmlvdXMiO2E6MTp7czozOiJ1cmwiO3M6Mjg6Imh0dHBzOi8vZWhrYW0uYWJ1a2hhbGlsLnNpdGUiO31zOjY6Il9mbGFzaCI7YToyOntzOjM6Im9sZCI7YTowOnt9czozOiJuZXciO2E6MDp7fX19',1768496812),
('mdtTRDcG0it3CDbaquqONNF5xLObOeEtB5FPxa0g',NULL,'64.62.197.29','Mozilla/5.0 (Windows NT 10.0; Win64; x64) AppleWebKit/537.36 (KHTML, like Gecko) Chrome/114.0.0.0 Safari/537.36','YTozOntzOjY6Il90b2tlbiI7czo0MDoia3BjdkJmTWk1VTlBeEY0dEhlRkVlN0xvRDdhMllwT1VnTGhvMXZhTCI7czo5OiJfcHJldmlvdXMiO2E6MTp7czozOiJ1cmwiO3M6MjI6Imh0dHBzOi8vMTY0LjkyLjI0NC4xOTIiO31zOjY6Il9mbGFzaCI7YToyOntzOjM6Im9sZCI7YTowOnt9czozOiJuZXciO2E6MDp7fX19',1767064871),
('MeNMola41cuzYAgCMsKJiTuGFTYnYJTCIhBTpVlU',NULL,'179.43.191.19','','YTozOntzOjY6Il90b2tlbiI7czo0MDoiYlpOYVdFR3QxUkdjYm5SaTBQcjJ1M04xQml4NDZtNU9wYmV0ZDZHZiI7czo5OiJfcHJldmlvdXMiO2E6MTp7czozOiJ1cmwiO3M6MjM6Imh0dHBzOi8vaGlsYXJpb25iZXQub3JnIjt9czo2OiJfZmxhc2giO2E6Mjp7czozOiJvbGQiO2E6MDp7fXM6MzoibmV3IjthOjA6e319fQ==',1767353840),
('MFxW3Ynz1yPxKm2n8D5mZwJ3P7BH2Jfp50kkYyT2',NULL,'98.84.1.175','RecordedFuture Global Inventory Crawler','YTozOntzOjY6Il90b2tlbiI7czo0MDoiSmFXM3kxc2hibnd3cUNrNHJvV3o1R2JFUjdreFoydFRoUllzcFhGRiI7czo5OiJfcHJldmlvdXMiO2E6MTp7czozOiJ1cmwiO3M6Mjg6Imh0dHBzOi8vZWhrYW0uYWJ1a2hhbGlsLnNpdGUiO31zOjY6Il9mbGFzaCI7YToyOntzOjM6Im9sZCI7YTowOnt9czozOiJuZXciO2E6MDp7fX19',1767698843),
('mg7KGgMRzgrqcacBrpJx3CmLcKLWFdyAukxNseEV',NULL,'34.194.151.175','Mozilla/5.0 (Macintosh; Intel Mac OS X 10_15_7) AppleWebKit/605.1.15 (KHTML, like Gecko) Version/17.2 Safari/605.1.15','YTozOntzOjY6Il90b2tlbiI7czo0MDoiR3pEYWthSzNrcG00TU8wRVZmYU5OMGhNczlCenhWcHhEWVFCWXczbyI7czo5OiJfcHJldmlvdXMiO2E6MTp7czozOiJ1cmwiO3M6MjI6Imh0dHBzOi8vMTY0LjkyLjI0NC4xOTIiO31zOjY6Il9mbGFzaCI7YToyOntzOjM6Im9sZCI7YTowOnt9czozOiJuZXciO2E6MDp7fX19',1767217238),
('MGbU99vTLJoOAajzqrPHwpsHIQAhfMDUPvGwGg0T',NULL,'195.178.110.132','Mozilla/5.0 (Macintosh; Intel Mac OS X 10_15_7) AppleWebKit/605.1.15 (KHTML, like Gecko) Version/18.2 Safari/605.1.15','YTozOntzOjY6Il90b2tlbiI7czo0MDoicGx1aU50c3pEejBTVk5ZeXNVclZYa05iUzhXZXBHRkZldENXQnpPdiI7czo5OiJfcHJldmlvdXMiO2E6MTp7czozOiJ1cmwiO3M6Mjg6Imh0dHBzOi8vZWhrYW0uYWJ1a2hhbGlsLnNpdGUiO31zOjY6Il9mbGFzaCI7YToyOntzOjM6Im9sZCI7YTowOnt9czozOiJuZXciO2E6MDp7fX19',1766811709),
('mgOK1BGVfMG9FUcOxWwKwFIHnYiDuTnrE5GV8Vzn',NULL,'165.22.72.144','Mozilla/5.0 (Windows NT 10.0; Win64; x64; rv:109.0) Gecko/20100101 Firefox/118.0','YTozOntzOjY6Il90b2tlbiI7czo0MDoiTHpvenNjQ200Um85QnV6OFZVS2JFdDNJTU9LbmpDd05vR0xPeW9WUCI7czo5OiJfcHJldmlvdXMiO2E6MTp7czozOiJ1cmwiO3M6MjI6Imh0dHBzOi8vMTY0LjkyLjI0NC4xOTIiO31zOjY6Il9mbGFzaCI7YToyOntzOjM6Im9sZCI7YTowOnt9czozOiJuZXciO2E6MDp7fX19',1768492298),
('mH0EbkWmUwkoCQIuvrFTrUzYAW8kJ4vG0XMm4Oiz',NULL,'149.57.180.155','Mozilla/5.0 (X11; Linux i686; rv:109.0) Gecko/20100101 Firefox/120.0','YTozOntzOjY6Il90b2tlbiI7czo0MDoiamU5Nnp0dW4zU0JmTEJyMlRVT2M0Y0J0MUJ3eEZ1SngwSkNmYW5pNSI7czo5OiJfcHJldmlvdXMiO2E6MTp7czozOiJ1cmwiO3M6Mjg6Imh0dHBzOi8vZWhrYW0uYWJ1a2hhbGlsLnNpdGUiO31zOjY6Il9mbGFzaCI7YToyOntzOjM6Im9sZCI7YTowOnt9czozOiJuZXciO2E6MDp7fX19',1767139508),
('Mi7sxDNGdJaQwjJrn8LHgtFhixXCgjaVMvAJf2Jx',NULL,'44.242.139.72','Mozilla/5.0 (compatible; wpbot/1.4; +https://forms.gle/ajBaxygz9jSR8p8G9)','YTozOntzOjY6Il90b2tlbiI7czo0MDoiV3lDVndqMlZMbllKQlp3ajZHc0pRSWtlRktMMFF4MDM0M0FTZ05XciI7czo5OiJfcHJldmlvdXMiO2E6MTp7czozOiJ1cmwiO3M6NTA6Imh0dHBzOi8vcmFzaHdhbmktc3R1ZGlvcy4xNjQtOTItMjQ0LTE5Mi5wbGVzay5wYWdlIjt9czo2OiJfZmxhc2giO2E6Mjp7czozOiJvbGQiO2E6MDp7fXM6MzoibmV3IjthOjA6e319fQ==',1768412343),
('miukOjO2rntUTb9Pr6khNX8A1QjgQkFnBNyMX7wb',NULL,'79.124.40.174','Mozilla/5.0 (Windows NT 10.0; Win64; x64) AppleWebKit/537.36 (KHTML, like Gecko) Chrome/78.0.3904.108 Safari/537.36','YTozOntzOjY6Il90b2tlbiI7czo0MDoiRDlHV0pJd1NkWEpGZjZtWHZJaFNkMHpTWkZJNWZlYTJHQWxIM3k5QyI7czo5OiJfcHJldmlvdXMiO2E6MTp7czozOiJ1cmwiO3M6NTM6Imh0dHBzOi8vMTY0LjkyLjI0NC4xOTIvP1hERUJVR19TRVNTSU9OX1NUQVJUPXBocHN0b3JtIjt9czo2OiJfZmxhc2giO2E6Mjp7czozOiJvbGQiO2E6MDp7fXM6MzoibmV3IjthOjA6e319fQ==',1767054089),
('mjD4DvTVSYP54NWFhfdgitylBrR2Hmzx5wbPisCW',NULL,'85.11.183.6','Mozilla/5.0 (Windows NT 10.0; Win64; x64) AppleWebKit/537.36 (KHTML, like Gecko) Chrome/140.0.0.0 Safari/537.36','YTozOntzOjY6Il90b2tlbiI7czo0MDoiOG5mRWxWenZzdDJhRUtOQW94UlhHdmJ2a2JzTW5KajRHTHY1WXdSdyI7czo5OiJfcHJldmlvdXMiO2E6MTp7czozOiJ1cmwiO3M6MjI6Imh0dHBzOi8vMTY0LjkyLjI0NC4xOTIiO31zOjY6Il9mbGFzaCI7YToyOntzOjM6Im9sZCI7YTowOnt9czozOiJuZXciO2E6MDp7fX19',1768861417),
('MjdBPrAStVvKfqFR8QWUk0KfRfpsleVK8pawuUAa',NULL,'178.131.170.35','Go-http-client/1.1','YTozOntzOjY6Il90b2tlbiI7czo0MDoiUzJGM3dEN2NSc3JjdXE3VGdRUkgxOWtCSGU0YlN0QXNWMHBtRmZUciI7czo5OiJfcHJldmlvdXMiO2E6MTp7czozOiJ1cmwiO3M6MzQ6Imh0dHBzOi8vYThjamg3YnM4by5mbG9uZHJlemlrLmluZm8iO31zOjY6Il9mbGFzaCI7YToyOntzOjM6Im9sZCI7YTowOnt9czozOiJuZXciO2E6MDp7fX19',1766956946),
('MK0twimKGgXjbee7eX20OBRRwJEDaILHblswR5Si',NULL,'106.161.68.130','Mozilla/5.0 (iPhone; CPU iPhone OS 13_2 like Mac OS X) AppleWebKit/605.1.15 (KHTML, like Gecko) CriOS/104.0.0.0 Mobile/15E148 Safari/604.1','YTozOntzOjY6Il90b2tlbiI7czo0MDoibzhyYzFwd1hwdUFqODZmRElMM2N4MnBDV3lsN1VTZGFrRFBiRXRkSCI7czo5OiJfcHJldmlvdXMiO2E6MTp7czozOiJ1cmwiO3M6Mjg6Imh0dHBzOi8vZWhrYW0uYWJ1a2hhbGlsLnNpdGUiO31zOjY6Il9mbGFzaCI7YToyOntzOjM6Im9sZCI7YTowOnt9czozOiJuZXciO2E6MDp7fX19',1766921791),
('mKkX9OcpOROtlv7PkdAuNtNkN84mFc2K8CmYbJOV',NULL,'185.107.57.5','Mozilla/5.0 (Windows NT 10.0; Win64; x64) AppleWebKit/537.36 (KHTML, like Gecko) Chrome/98.0.4758.102 Safari/537.36','YTozOntzOjY6Il90b2tlbiI7czo0MDoiVFpHSEQ0TkplM21abjhya2E0OVVTRW1HVXVHaHVPZ0RRMzlyekg1VyI7czo5OiJfcHJldmlvdXMiO2E6MTp7czozOiJ1cmwiO3M6MjI6Imh0dHBzOi8vMTY0LjkyLjI0NC4xOTIiO31zOjY6Il9mbGFzaCI7YToyOntzOjM6Im9sZCI7YTowOnt9czozOiJuZXciO2E6MDp7fX19',1768470771),
('MKLZvntNeQ4Zla3KWJhdzfa4RDwYvY3tuB9O5XJ2',NULL,'74.7.227.163','Mozilla/5.0 AppleWebKit/537.36 (KHTML, like Gecko; compatible; GPTBot/1.3; +https://openai.com/gptbot)','YTozOntzOjY6Il90b2tlbiI7czo0MDoiUVhYU3lUS1VzaWl6MGJ0MkxDZFBNSThIVXdpUDIwTWptN1J0T2tHcCI7czo5OiJfcHJldmlvdXMiO2E6MTp7czozOiJ1cmwiO3M6Mjg6Imh0dHBzOi8vZWhrYW0uYWJ1a2hhbGlsLnNpdGUiO31zOjY6Il9mbGFzaCI7YToyOntzOjM6Im9sZCI7YTowOnt9czozOiJuZXciO2E6MDp7fX19',1767525460),
('MkVux2I1jhXI2xm9dhPRXxXiqATEiv7QOU4STVWm',NULL,'111.7.96.184','curl/7.64.1','YTozOntzOjY6Il90b2tlbiI7czo0MDoiRTR6bkVaaVZIckVzTzhrOHlwb3lJc2dwdm5wbU90VUJEd3JXU0JZYiI7czo5OiJfcHJldmlvdXMiO2E6MTp7czozOiJ1cmwiO3M6MjI6Imh0dHBzOi8vMTY0LjkyLjI0NC4xOTIiO31zOjY6Il9mbGFzaCI7YToyOntzOjM6Im9sZCI7YTowOnt9czozOiJuZXciO2E6MDp7fX19',1767430123),
('mLNEPwmlis0HFbk5zMol4vMDv3QQJU77biojkzQ5',NULL,'185.10.68.229','Mozilla/5.0 (compatible; CensysInspect/1.1; +https://about.censys.io/)','YTozOntzOjY6Il90b2tlbiI7czo0MDoiMEl0dWhKVlBlYnB6aFJKOURjT1kyUjFKN0tGckNRRzh1ZzB1aDM2WiI7czo5OiJfcHJldmlvdXMiO2E6MTp7czozOiJ1cmwiO3M6MjI6Imh0dHBzOi8vMTY0LjkyLjI0NC4xOTIiO31zOjY6Il9mbGFzaCI7YToyOntzOjM6Im9sZCI7YTowOnt9czozOiJuZXciO2E6MDp7fX19',1766879957),
('MmJeCvXqHtFYYgQlowEgKdzfRhFKFgI1wzBUcYFy',NULL,'205.169.39.144','Mozilla/5.0 (Windows NT 10.0; Win64; x64) AppleWebKit/537.36 (KHTML, like Gecko) Chrome/79.0.3945.79 Safari/537.36','YTozOntzOjY6Il90b2tlbiI7czo0MDoiMndrUnF1SWd4OVEyNU9lOFZ0V1ZCbDdEanAycTFvQU1YdkdBT0ZxcSI7czo5OiJfcHJldmlvdXMiO2E6MTp7czozOiJ1cmwiO3M6Mjg6Imh0dHBzOi8vZWhrYW0uYWJ1a2hhbGlsLnNpdGUiO31zOjY6Il9mbGFzaCI7YToyOntzOjM6Im9sZCI7YTowOnt9czozOiJuZXciO2E6MDp7fX19',1766784046),
('mnpUZh84ObWMBnFBt3jSUX05ivQhuGcQwgQEJz3K',NULL,'45.156.129.46','python-requests/2.31.0','YTozOntzOjY6Il90b2tlbiI7czo0MDoieWY5akpNc21yTjBEN3hDU3JlbWczNXJ2RmxUQ1h2dzFmaEh2RWV5TyI7czo5OiJfcHJldmlvdXMiO2E6MTp7czozOiJ1cmwiO3M6MjI6Imh0dHBzOi8vMTY0LjkyLjI0NC4xOTIiO31zOjY6Il9mbGFzaCI7YToyOntzOjM6Im9sZCI7YTowOnt9czozOiJuZXciO2E6MDp7fX19',1767125992),
('MOBGsE5n70VTIjR3tLUj0WNFzH1DnegqEIQ4dLR6',NULL,'46.19.137.194','Mozilla/5.0 (X11; Linux x86_64; rv:89.0) Gecko/20100101 Firefox/89.0','YTozOntzOjY6Il90b2tlbiI7czo0MDoidjB5aDhvZ3BQR2pVSGp3RmNnZnNCZWhzZ3NFVWxHT01mNTRvNzhBViI7czo5OiJfcHJldmlvdXMiO2E6MTp7czozOiJ1cmwiO3M6MjI6Imh0dHBzOi8vMTY0LjkyLjI0NC4xOTIiO31zOjY6Il9mbGFzaCI7YToyOntzOjM6Im9sZCI7YTowOnt9czozOiJuZXciO2E6MDp7fX19',1767958431),
('MoDwmLcmgdcQNjwkzyczAYZoR3Lonw83xVCrj5Pn',NULL,'91.84.64.84','Mozilla/5.0 (Linux; Android 6.0; Nexus 5 Build/MRA58N) AppleWebKit/537.36 (KHTML, like Gecko) Chrome/130.0.0.0 Mobile Safari/537.36','YTozOntzOjY6Il90b2tlbiI7czo0MDoiM0J3Q3pKZGs0NThDSjBvTUF4RWtuZkxGY2Q0TlJ3emtqVFpISzJoNCI7czo5OiJfcHJldmlvdXMiO2E6MTp7czozOiJ1cmwiO3M6Mjg6Imh0dHBzOi8vZWhrYW0uYWJ1a2hhbGlsLnNpdGUiO31zOjY6Il9mbGFzaCI7YToyOntzOjM6Im9sZCI7YTowOnt9czozOiJuZXciO2E6MDp7fX19',1766791302),
('MP8lrZmNKJA06s8hfw1K4dNa1ZGjmadwGdMFXEOF',NULL,'206.168.34.203','Mozilla/5.0 (compatible; CensysInspect/1.1; +https://about.censys.io/)','YTozOntzOjY6Il90b2tlbiI7czo0MDoidklsZGJVNW8wVjRZejE3a0NzTWNlM1hhZjRqZUNISGNISk1SNXZ5NSI7czo5OiJfcHJldmlvdXMiO2E6MTp7czozOiJ1cmwiO3M6MjI6Imh0dHBzOi8vMTY0LjkyLjI0NC4xOTIiO31zOjY6Il9mbGFzaCI7YToyOntzOjM6Im9sZCI7YTowOnt9czozOiJuZXciO2E6MDp7fX19',1768153017),
('MQ2dHcB46xfXvCqIc9UGtZKFuccpzRvDBwnyUzsF',NULL,'57.131.35.166','Mozilla/5.0 (compatible; VertexWP/1.0; +https://vertexwp.com/bot)','YTozOntzOjY6Il90b2tlbiI7czo0MDoiRjhVZ2hYT2o2dEdIVXJJbUF2MTNjRTVlZVhST1JseVY1bVpqcE9BcyI7czo5OiJfcHJldmlvdXMiO2E6MTp7czozOiJ1cmwiO3M6Mjg6Imh0dHBzOi8vZWhrYW0uYWJ1a2hhbGlsLnNpdGUiO31zOjY6Il9mbGFzaCI7YToyOntzOjM6Im9sZCI7YTowOnt9czozOiJuZXciO2E6MDp7fX19',1766791489),
('MQ572lkNrl8WTI49S5NLrzyWHHVbzHMREwBB6mTT',NULL,'64.82.206.194','Mozilla/5.0 (Windows NT 10.0; Win64; x64; rv:121.0) Gecko/20100101 Firefox/121.0','YTozOntzOjY6Il90b2tlbiI7czo0MDoiZUp3Zmd3QTREZnlaT3lld3BPQTZaam9oT2JGbzI1dmttOFNIQll0RSI7czo5OiJfcHJldmlvdXMiO2E6MTp7czozOiJ1cmwiO3M6MjI6Imh0dHBzOi8vMTY0LjkyLjI0NC4xOTIiO31zOjY6Il9mbGFzaCI7YToyOntzOjM6Im9sZCI7YTowOnt9czozOiJuZXciO2E6MDp7fX19',1767072477),
('MRcaL7IyyNiVwhpiaXoFblhu4ZhYJqBEUOjVRtMq',NULL,'31.14.32.6','Mozilla/5.0 (compatible; ModatScanner/1.2; +https://modat.io/)','YTozOntzOjY6Il90b2tlbiI7czo0MDoibTkydmNtdXFVdG5pRUR3NVFUUlZuMjloUjB1T3FZc250RWlUMnhkcyI7czo5OiJfcHJldmlvdXMiO2E6MTp7czozOiJ1cmwiO3M6MjI6Imh0dHBzOi8vMTY0LjkyLjI0NC4xOTIiO31zOjY6Il9mbGFzaCI7YToyOntzOjM6Im9sZCI7YTowOnt9czozOiJuZXciO2E6MDp7fX19',1768702185),
('MSayxU2DvwZNMHeJQGGQvBreTV26XsM24VpHvYWV',NULL,'74.7.241.35','Mozilla/5.0 AppleWebKit/537.36 (KHTML, like Gecko; compatible; GPTBot/1.3; +https://openai.com/gptbot)','YTozOntzOjY6Il90b2tlbiI7czo0MDoicVBsdFZ2aWpNcjNSc1lEMXdXc0tyUXJsVFNlMDVpcGlpOWVZb1lGMCI7czo5OiJfcHJldmlvdXMiO2E6MTp7czozOiJ1cmwiO3M6Mjg6Imh0dHBzOi8vZWhrYW0uYWJ1a2hhbGlsLnNpdGUiO31zOjY6Il9mbGFzaCI7YToyOntzOjM6Im9sZCI7YTowOnt9czozOiJuZXciO2E6MDp7fX19',1767766266),
('mT7BSDkdkTJqfLuZ00f7ZGGboydo0Gqged5j6bPl',NULL,'5.189.130.33','Mozilla/5.0 (Macintosh; Intel Mac OS X 10_15_7) AppleWebKit/605.1.15 (KHTML, like Gecko) Version/17.4.1 Safari/605.1.46','YTozOntzOjY6Il90b2tlbiI7czo0MDoicnQ5WkM5cU9uNVVKM2ZhV2R2YVBhb3NZVGI0U2JFdDFsQlI1U2pCcyI7czo5OiJfcHJldmlvdXMiO2E6MTp7czozOiJ1cmwiO3M6MjI6Imh0dHBzOi8vMTY0LjkyLjI0NC4xOTIiO31zOjY6Il9mbGFzaCI7YToyOntzOjM6Im9sZCI7YTowOnt9czozOiJuZXciO2E6MDp7fX19',1767529594),
('MtBBn8vdD3A8ONoVpvy8KqfuiQLK3Y8YprbhtCUT',NULL,'185.180.140.106','Mozilla/5.0 (Windows NT 10.0; Win64; x64) AppleWebKit/537.36 (KHTML, like Gecko) Chrome/60.0.3112.113 Safari/537.36','YTozOntzOjY6Il90b2tlbiI7czo0MDoicDVIcjNSVWg0cDNOWlZjUmd1VUZJVmVQc3psS2VwdWlKZW1mVjdpeSI7czo5OiJfcHJldmlvdXMiO2E6MTp7czozOiJ1cmwiO3M6MjI6Imh0dHBzOi8vMTY0LjkyLjI0NC4xOTIiO31zOjY6Il9mbGFzaCI7YToyOntzOjM6Im9sZCI7YTowOnt9czozOiJuZXciO2E6MDp7fX19',1768806385),
('MuLwh8ByoBPqrnAfMoLR10UR7ZmzJnB0n8LCbHvz',NULL,'89.147.136.198','Mozilla/5.0 (Linux; Android 10; K) AppleWebKit/537.36 (KHTML, like Gecko) SamsungBrowser/29.0 Chrome/136.0.0.0 Mobile Safari/537.36','YTozOntzOjY6Il90b2tlbiI7czo0MDoiNDV0WFdrZVhXM2NZZTNodGk2MW1RRENaRVl3OGZPNHF1MTl6UzFXSCI7czo5OiJfcHJldmlvdXMiO2E6MTp7czozOiJ1cmwiO3M6Mjg6Imh0dHBzOi8vZWhrYW0uYWJ1a2hhbGlsLnNpdGUiO31zOjY6Il9mbGFzaCI7YToyOntzOjM6Im9sZCI7YTowOnt9czozOiJuZXciO2E6MDp7fX19',1768169469),
('mUtGbicGOKa8hkzWOb3HCY3XlOPizq4n62CYn5tR',NULL,'192.175.111.242','Mozilla/5.0 (Windows NT 10.0; Win64; x64) AppleWebKit/537.36 (KHTML, like Gecko) Chrome/143.0.0.0 Safari/537.36','YTozOntzOjY6Il90b2tlbiI7czo0MDoiZmQxcVV3MklIMzM4VkpSR1JXWHUxckxFNG5xRTd0NVBqUExMT25SaCI7czo5OiJfcHJldmlvdXMiO2E6MTp7czozOiJ1cmwiO3M6Mjg6Imh0dHBzOi8vZWhrYW0uYWJ1a2hhbGlsLnNpdGUiO31zOjY6Il9mbGFzaCI7YToyOntzOjM6Im9sZCI7YTowOnt9czozOiJuZXciO2E6MDp7fX19',1766794929),
('mVvcWv8OjKJ8TC2kGKdrsAUxNsG4GF5zl4bmV9Rk',NULL,'157.245.209.198','Mozilla/5.0 (X11; Linux x86_64) AppleWebKit/537.36 (KHTML, like Gecko) Chrome/142.0.0.0 Safari/537.36','YTozOntzOjY6Il90b2tlbiI7czo0MDoiNWREaUR0RHFtNnNYMDZXVXZIU2JxS2FEcUhaSXo5SDluSmt0SklsRiI7czo5OiJfcHJldmlvdXMiO2E6MTp7czozOiJ1cmwiO3M6MjI6Imh0dHBzOi8vMTY0LjkyLjI0NC4xOTIiO31zOjY6Il9mbGFzaCI7YToyOntzOjM6Im9sZCI7YTowOnt9czozOiJuZXciO2E6MDp7fX19',1766940034),
('mW58J8YZwCVWQTKNd3AymoZ5UlHaSoRgHKjYun0U',NULL,'169.38.66.211','Mozilla/5.0 (Windows NT 6.1; WOW64; rv:41.0) Gecko/20100101 Firefox/41.0','YTozOntzOjY6Il90b2tlbiI7czo0MDoiTGNXa1dwUjQxTWxvdnJvNkVDTGtleFRxbzlPOFRpa3h5YkhadEFBayI7czo5OiJfcHJldmlvdXMiO2E6MTp7czozOiJ1cmwiO3M6Mjg6Imh0dHBzOi8vZWhrYW0uYWJ1a2hhbGlsLnNpdGUiO31zOjY6Il9mbGFzaCI7YToyOntzOjM6Im9sZCI7YTowOnt9czozOiJuZXciO2E6MDp7fX19',1768801182),
('mw9jjcZoXapdjBOjtZ6ymNTVg0fVftJT85jZsyQl',NULL,'180.149.125.167','Mozilla/5.0 (Windows NT 5.1; Win64; x64) AppleWebKit/537.36 (KHTML, like Gecko) Chrome/60.0.3112.90 Safari/537.36','YTozOntzOjY6Il90b2tlbiI7czo0MDoiUHY3MndQSUJlalRhMHoyNWphbkl3d0xadkdOcEVCWU9zT1c4SVNXVCI7czo5OiJfcHJldmlvdXMiO2E6MTp7czozOiJ1cmwiO3M6MjI6Imh0dHBzOi8vMTY0LjkyLjI0NC4xOTIiO31zOjY6Il9mbGFzaCI7YToyOntzOjM6Im9sZCI7YTowOnt9czozOiJuZXciO2E6MDp7fX19',1768547070),
('MWgjffcaooDkiOUJBIrn4HX7LFdPCFqjlMkD646j',NULL,'85.11.183.6','Mozilla/5.0 (Windows NT 10.0; Win64; x64) AppleWebKit/537.36 (KHTML, like Gecko) Chrome/140.0.0.0 Safari/537.36','YTozOntzOjY6Il90b2tlbiI7czo0MDoiT3dadjh5cWMxZVBzSWlUdjV4UDJhSEVQWEx1M3hadTIzWDFxWGRjSiI7czo5OiJfcHJldmlvdXMiO2E6MTp7czozOiJ1cmwiO3M6MjI6Imh0dHBzOi8vMTY0LjkyLjI0NC4xOTIiO31zOjY6Il9mbGFzaCI7YToyOntzOjM6Im9sZCI7YTowOnt9czozOiJuZXciO2E6MDp7fX19',1768120430),
('myxwEPZiZ2MhZvhVITlTYHpPYkQdh2bcZ8a3f5Qb',NULL,'34.171.254.127','Mozilla/5.0 (X11; Linux x86_64) AppleWebKit/537.36 (KHTML, like Gecko) Chrome/34.0.1847.137 Safari/4E423F','YTozOntzOjY6Il90b2tlbiI7czo0MDoiRmYwUGZzUUVmZFRCcExTS2M5cU5qWFhzeUQ1ZjVWQmtQcTJweHZTZyI7czo5OiJfcHJldmlvdXMiO2E6MTp7czozOiJ1cmwiO3M6Mjg6Imh0dHBzOi8vZWhrYW0uYWJ1a2hhbGlsLnNpdGUiO31zOjY6Il9mbGFzaCI7YToyOntzOjM6Im9sZCI7YTowOnt9czozOiJuZXciO2E6MDp7fX19',1766790488),
('mZhibL8fYxBCZPrqbpf4tEJG0hheFsJx6sH4Ibv1',NULL,'64.62.197.77','Mozilla/5.0 (X11; Linux x86_64) AppleWebKit/537.36 (KHTML, like Gecko) Chrome/94.0.4606.85 Safari/537.36 OPR/80.0.4170.72','YTozOntzOjY6Il90b2tlbiI7czo0MDoiSVpMcE9nS3BwSXphQ3ZZUWFXZ3dtZEZtUGl4b2daN1J0SDdHd2dmTCI7czo5OiJfcHJldmlvdXMiO2E6MTp7czozOiJ1cmwiO3M6MjI6Imh0dHBzOi8vMTY0LjkyLjI0NC4xOTIiO31zOjY6Il9mbGFzaCI7YToyOntzOjM6Im9sZCI7YTowOnt9czozOiJuZXciO2E6MDp7fX19',1767866785),
('mzKC6leuk5GUXedAELcdTbf4GNVocHQ3KB8W0zU8',NULL,'167.99.202.247','Mozilla/4.0 (compatible; MSIE 9.0; Windows NT 10.0; .NET4.0C; .NET4.0E; .NET CLR 2.0.50727; .NET CLR 3.0.30729; .NET CLR 3.5.30729)','YTozOntzOjY6Il90b2tlbiI7czo0MDoiSmZsb3htcXh3Z1JqdklHSDd1TzEzVGFwR3liTFNEQVV6R1VLd0l5RCI7czo5OiJfcHJldmlvdXMiO2E6MTp7czozOiJ1cmwiO3M6MjI6Imh0dHBzOi8vMTY0LjkyLjI0NC4xOTIiO31zOjY6Il9mbGFzaCI7YToyOntzOjM6Im9sZCI7YTowOnt9czozOiJuZXciO2E6MDp7fX19',1767646511),
('N0a4k4rIkbOMZdXUIJcsMVfsaHdZYOVaKrMyHGAd',NULL,'159.89.127.84','Mozilla/5.0 (X11; Linux x86_64) AppleWebKit/537.36 (KHTML, like Gecko) Chrome/142.0.0.0 Safari/537.36','YTozOntzOjY6Il90b2tlbiI7czo0MDoiamRzUHhHSk9Idm10MDk0cTY3SXNxQUlGcXN4bGZlRklRSG9mdjhtOSI7czo5OiJfcHJldmlvdXMiO2E6MTp7czozOiJ1cmwiO3M6MjI6Imh0dHBzOi8vMTY0LjkyLjI0NC4xOTIiO31zOjY6Il9mbGFzaCI7YToyOntzOjM6Im9sZCI7YTowOnt9czozOiJuZXciO2E6MDp7fX19',1767535391),
('N30o4nC56IJN5N2PNHUjrBKXJVha0dZ9ZsD6W4xC',NULL,'3.134.148.59','cypex.ai/scanning Mozilla/5.0 (Macintosh; Intel Mac OS X 10_15_7) Chrome/126.0.0.0 Safari/537.36','YTozOntzOjY6Il90b2tlbiI7czo0MDoiVGlqVmxyMHpHcHE0a1lNSkxZYVc1U21qQmo0dm82M24wQzFxaW95SiI7czo5OiJfcHJldmlvdXMiO2E6MTp7czozOiJ1cmwiO3M6MjI6Imh0dHBzOi8vMTY0LjkyLjI0NC4xOTIiO31zOjY6Il9mbGFzaCI7YToyOntzOjM6Im9sZCI7YTowOnt9czozOiJuZXciO2E6MDp7fX19',1768878466),
('n3MIBAylEZMXQMBrU6F7OK6mVd173tDVLqIeHrLo',NULL,'64.62.197.223','Mozilla/5.0 (X11; Linux x86_64; rv:109.0) Gecko/20100101 Firefox/110.0','YTozOntzOjY6Il90b2tlbiI7czo0MDoiSVJRREVBcjlVYVVkMm16Q2RHeFZrdUFIRjV2bmdjTkpFZU5od3dRZyI7czo5OiJfcHJldmlvdXMiO2E6MTp7czozOiJ1cmwiO3M6MjI6Imh0dHBzOi8vMTY0LjkyLjI0NC4xOTIiO31zOjY6Il9mbGFzaCI7YToyOntzOjM6Im9sZCI7YTowOnt9czozOiJuZXciO2E6MDp7fX19',1768004503),
('N57UQK4Cq2EEC5M7n5GywSF9zK5WffeLi0BtcO7B',NULL,'104.155.20.12','python-requests/2.32.5','YTozOntzOjY6Il90b2tlbiI7czo0MDoidk9aQU4zeHl2VUZWVkxHT0RPWDd6MTE1dUEwbHFvaUt0SnlFOWkwbCI7czo5OiJfcHJldmlvdXMiO2E6MTp7czozOiJ1cmwiO3M6MjI6Imh0dHBzOi8vMTY0LjkyLjI0NC4xOTIiO31zOjY6Il9mbGFzaCI7YToyOntzOjM6Im9sZCI7YTowOnt9czozOiJuZXciO2E6MDp7fX19',1766810024),
('n78ZpyZ6NU2nCTkJdCc9bllTLXx1g27El1sdDBkZ',NULL,'3.134.148.59','cypex.ai/scanning Mozilla/5.0 (Macintosh; Intel Mac OS X 10_15_7) Chrome/126.0.0.0 Safari/537.36','YTozOntzOjY6Il90b2tlbiI7czo0MDoiVmxnVHFXS1k1aDBhaDdvcGt1ZXJISWg4VkhqaXV2VUF6TUEzOExDNSI7czo5OiJfcHJldmlvdXMiO2E6MTp7czozOiJ1cmwiO3M6MjI6Imh0dHBzOi8vMTY0LjkyLjI0NC4xOTIiO31zOjY6Il9mbGFzaCI7YToyOntzOjM6Im9sZCI7YTowOnt9czozOiJuZXciO2E6MDp7fX19',1767334459),
('N8kQdiHDKJN0VAiUYet5aQZvVsB0hdsuNr2UTbON',NULL,'167.71.142.173','Mozilla/5.0 (Windows NT 10.0; Win64; x64) AppleWebKit/537.36 (KHTML, like Gecko) Chrome/142.0.0.0 Safari/537.36','YTozOntzOjY6Il90b2tlbiI7czo0MDoiZ2VsRDZRZWZNdG9Zb0l0cXdUUUlSWTFvM3RkV1M2WDc3aVo3V0RqUyI7czo5OiJfcHJldmlvdXMiO2E6MTp7czozOiJ1cmwiO3M6MjI6Imh0dHBzOi8vMTY0LjkyLjI0NC4xOTIiO31zOjY6Il9mbGFzaCI7YToyOntzOjM6Im9sZCI7YTowOnt9czozOiJuZXciO2E6MDp7fX19',1768331896),
('n9Xg91qjo9ckwlNFXewvClWaDpqnq2GelHZDNFq8',NULL,'113.31.186.146','Mozilla/5.0 (Linux; Android 8.0; SM-G9650 Build/R16NW; wv) AppleWebKit/537.36 (KHTML, like Gecko) Version/4.0 Chrome/48.0.2564.116 Mobile Safari/537.36 T7/10.0 lite baiduboxapp/3.0.0.10 (Baidu; P1 8.0.0)','YTozOntzOjY6Il90b2tlbiI7czo0MDoiZU1LWDk2UmpoazNVdDIzUFpGeW9uSmM3OTl4cVVDellVMVhxUFdjUSI7czo5OiJfcHJldmlvdXMiO2E6MTp7czozOiJ1cmwiO3M6Mjg6Imh0dHBzOi8vZWhrYW0uYWJ1a2hhbGlsLnNpdGUiO31zOjY6Il9mbGFzaCI7YToyOntzOjM6Im9sZCI7YTowOnt9czozOiJuZXciO2E6MDp7fX19',1767832932),
('NABlMwFItRZcbmBeEHHoLlgJcT97x4UzBJW4O90i',NULL,'185.12.59.118','Mozilla/5.0 (Windows NT 10.0; Win64; x64; rv:132.0) Gecko/20100101 Firefox/132.0','YTozOntzOjY6Il90b2tlbiI7czo0MDoiUEVIcHhxeWJkYURHZ1M3aW1WaHdRVGRIWjBzSXdiUTk0Z29uTWRXTiI7czo5OiJfcHJldmlvdXMiO2E6MTp7czozOiJ1cmwiO3M6MjI6Imh0dHBzOi8vMTY0LjkyLjI0NC4xOTIiO31zOjY6Il9mbGFzaCI7YToyOntzOjM6Im9sZCI7YTowOnt9czozOiJuZXciO2E6MDp7fX19',1767377985),
('NAgX3fbjLi8ImcGU8RKbAfTt33mHrrFuBp6GbIXk',NULL,'66.132.153.112','Mozilla/5.0 (compatible; CensysInspect/1.1; +https://about.censys.io/)','YTozOntzOjY6Il90b2tlbiI7czo0MDoiWW43MkMwTEszWjJxZWo2WmV2T3A1aGh4UDFXRHQ5eDNodkY1YmFKRiI7czo5OiJfcHJldmlvdXMiO2E6MTp7czozOiJ1cmwiO3M6Mjg6Imh0dHBzOi8vZWhrYW0uYWJ1a2hhbGlsLnNpdGUiO31zOjY6Il9mbGFzaCI7YToyOntzOjM6Im9sZCI7YTowOnt9czozOiJuZXciO2E6MDp7fX19',1768244783),
('NApzyq4K8ix5dIG4PhWWCnPU0s1XWMcB1H6bXbOl',NULL,'23.226.212.6','Mozilla/5.0 (Windows NT 10.0; Win64; x64) AppleWebKit/537.36 (KHTML, like Gecko) Chrome/86.0.4240.111 Safari/537.36','YTozOntzOjY6Il90b2tlbiI7czo0MDoiQ0JsRGdPcjJHVlFyWUREMG1sT3owN0MxeEFPVDNKRTRCNzlvaUdXYSI7czo5OiJfcHJldmlvdXMiO2E6MTp7czozOiJ1cmwiO3M6Mjc6Imh0dHBzOi8vZWhrYW0uYWJ1a2hhbGlsLmFwcCI7fXM6NjoiX2ZsYXNoIjthOjI6e3M6Mzoib2xkIjthOjA6e31zOjM6Im5ldyI7YTowOnt9fX0=',1766594604),
('nAQKIArFhx5c6jwH0HZLV35irrQb2UVHsuLhz2GW',NULL,'98.173.42.60','Mozilla/5.0 (compatible; Nmap Scripting Engine; https://nmap.org/book/nse.html)','YTozOntzOjY6Il90b2tlbiI7czo0MDoiR3ZNTVpSQmtKRG1CRmNxam9IR0JFWHdCOGF5T1REWGMxMXBQVmhVRCI7czo5OiJfcHJldmlvdXMiO2E6MTp7czozOiJ1cmwiO3M6MjI6Imh0dHBzOi8vMTY0LjkyLjI0NC4xOTIiO31zOjY6Il9mbGFzaCI7YToyOntzOjM6Im9sZCI7YTowOnt9czozOiJuZXciO2E6MDp7fX19',1767035393),
('NbCKmqnhe1vxlwLrGaEPRa6i9hBcE9IWJW5ijYMF',NULL,'159.223.12.76','Mozilla/5.0 (X11; Linux x86_64; rv:142.0) Gecko/20100101 Firefox/142.0','YTozOntzOjY6Il90b2tlbiI7czo0MDoiekhWZVNvZjVSaVd1MU1aaVN4TjhTTmJNbGl0MWRJMWd4TUhUOG10cCI7czo5OiJfcHJldmlvdXMiO2E6MTp7czozOiJ1cmwiO3M6MjI6Imh0dHBzOi8vMTY0LjkyLjI0NC4xOTIiO31zOjY6Il9mbGFzaCI7YToyOntzOjM6Im9sZCI7YTowOnt9czozOiJuZXciO2E6MDp7fX19',1767683588),
('nDGK8fTDhjU6so82GA3g3HKNOysm4yG68GFf9zeW',NULL,'178.16.55.166','Mozilla/5.0 (Macintosh; Intel Mac OS X 10.15; rv:126.0) Gecko/20100101 Firefox/126.0','YTozOntzOjY6Il90b2tlbiI7czo0MDoiNUd5RXFoOUhBb3BNZnk4OVdvcFBkMFJadnlUQVR4N1VBeExJa045aCI7czo5OiJfcHJldmlvdXMiO2E6MTp7czozOiJ1cmwiO3M6Mzg6Imh0dHBzOi8vMTY0LjkyLjI0NC4xOTIvbG9naW4/cmVkaXI9JTJGIjt9czo2OiJfZmxhc2giO2E6Mjp7czozOiJvbGQiO2E6MDp7fXM6MzoibmV3IjthOjA6e319fQ==',1768409608),
('ndHcLaMK4mCkNKV1efARB8dfhLRpRynB1lxtM4ss',NULL,'79.124.40.174','Mozilla/5.0 (Windows NT 10.0; Win64; x64) AppleWebKit/537.36 (KHTML, like Gecko) Chrome/78.0.3904.108 Safari/537.36','YTozOntzOjY6Il90b2tlbiI7czo0MDoiVnppdGQ0b2JoVkFENHJDeTdHaTlTSGRtcWVYZGQ2ZFhqblNBUGlUNCI7czo5OiJfcHJldmlvdXMiO2E6MTp7czozOiJ1cmwiO3M6NTM6Imh0dHBzOi8vMTY0LjkyLjI0NC4xOTIvP1hERUJVR19TRVNTSU9OX1NUQVJUPXBocHN0b3JtIjt9czo2OiJfZmxhc2giO2E6Mjp7czozOiJvbGQiO2E6MDp7fXM6MzoibmV3IjthOjA6e319fQ==',1768799400),
('NdOqYhCWWhsxNa0kJjnchvFmqxPzwz5NMmNL15z1',NULL,'34.90.215.190','Scrapy/2.13.4 (+https://scrapy.org)','YTozOntzOjY6Il90b2tlbiI7czo0MDoiRkIxbk5LNnlqWlJDZzhvc1A4R0N1NlQ2TE9aMVBlQnU5YTlETFdNciI7czo5OiJfcHJldmlvdXMiO2E6MTp7czozOiJ1cmwiO3M6NTQ6Imh0dHBzOi8vd3d3Lm9iamVjdGl2ZS1wYXNjYWwuMTY0LTkyLTI0NC0xOTIucGxlc2sucGFnZSI7fXM6NjoiX2ZsYXNoIjthOjI6e3M6Mzoib2xkIjthOjA6e31zOjM6Im5ldyI7YTowOnt9fX0=',1766847835),
('ndQZwTl82RQ1jBZmPDLPUc6ABmlnbD5coGpM42df',NULL,'45.148.10.158','Mozilla/5.0','YTozOntzOjY6Il90b2tlbiI7czo0MDoiV3dJUngxcVgwNDZzVnJ4UXZaSGZTNmhybXk5SHpNQVc3N014SGF2ciI7czo5OiJfcHJldmlvdXMiO2E6MTp7czozOiJ1cmwiO3M6Mjg6Imh0dHBzOi8vZWhrYW0uYWJ1a2hhbGlsLnNpdGUiO31zOjY6Il9mbGFzaCI7YToyOntzOjM6Im9sZCI7YTowOnt9czozOiJuZXciO2E6MDp7fX19',1767209847),
('NeRv6zT0Ag3rX3Cia5UFno5shmeyPIH0lLqBmHMY',NULL,'178.22.24.64','Mozilla/5.0 (Windows NT 10.0; Win64; x64) AppleWebKit/537.36 (KHTML, like Gecko) Chrome/140.0.0.0 Safari/537.36','YTozOntzOjY6Il90b2tlbiI7czo0MDoiWnkxY0F0U3d5Q0RVZjNNNVRNQzVZTVV1bHFYZ3o3SzYzcUltWERVZyI7czo5OiJfcHJldmlvdXMiO2E6MTp7czozOiJ1cmwiO3M6MjI6Imh0dHBzOi8vMTY0LjkyLjI0NC4xOTIiO31zOjY6Il9mbGFzaCI7YToyOntzOjM6Im9sZCI7YTowOnt9czozOiJuZXciO2E6MDp7fX19',1768853087),
('nETUPCMpCKgMbTTiG7T1tcXmwz4BvD9coCRubpaR',NULL,'98.81.192.32','okhttp/5.3.0','YTozOntzOjY6Il90b2tlbiI7czo0MDoiZGJVUGxKbDNiZlRLYUN1eEY3YU5KTGJ4aVIxMGFIMEZmYTFDdHJZYyI7czo5OiJfcHJldmlvdXMiO2E6MTp7czozOiJ1cmwiO3M6MjI6Imh0dHBzOi8vYWJ1a2hhbGlsLnNpdGUiO31zOjY6Il9mbGFzaCI7YToyOntzOjM6Im9sZCI7YTowOnt9czozOiJuZXciO2E6MDp7fX19',1766834908),
('NEy1nFnl5MuJMzd02XORAiAuGSevZhnx5ylBeoEm',NULL,'92.63.197.50','Mozilla/5.0 (Windows NT 10.0; Win64; x64) AppleWebKit/537.36 (KHTML, like Gecko) Chrome/140.0.0.0 Safari/537.36','YTozOntzOjY6Il90b2tlbiI7czo0MDoiRWx2WjBUSEhiMlNJRHJwOUZNVEhxbTQ4VWZocmlPdE4zSE01Vlo0QyI7czo5OiJfcHJldmlvdXMiO2E6MTp7czozOiJ1cmwiO3M6MjI6Imh0dHBzOi8vMTY0LjkyLjI0NC4xOTIiO31zOjY6Il9mbGFzaCI7YToyOntzOjM6Im9sZCI7YTowOnt9czozOiJuZXciO2E6MDp7fX19',1766856842),
('nFS7y60ZPXN3HmXwQDHL8fylsB09BmaZl1QzpkFa',NULL,'20.65.194.73','Mozilla/5.0 zgrab/0.x','YTozOntzOjY6Il90b2tlbiI7czo0MDoiRjRnMUdHUExVekVBUGdYSWFVcDBRVFJEUjV1ZHRKbmlZa242UXdrcyI7czo5OiJfcHJldmlvdXMiO2E6MTp7czozOiJ1cmwiO3M6MjI6Imh0dHBzOi8vMTY0LjkyLjI0NC4xOTIiO31zOjY6Il9mbGFzaCI7YToyOntzOjM6Im9sZCI7YTowOnt9czozOiJuZXciO2E6MDp7fX19',1767817888),
('NHxKH1FXRk7YaFxZ9J6tpzd1mqQXqVXFwzOi26wr',NULL,'112.112.182.30','Mozilla/5.0 (Windows NT 6.1) AppleWebKit/537.36 (KHTML, like Gecko) Chrome/49.0.2623.112 Safari/537.36','YTozOntzOjY6Il90b2tlbiI7czo0MDoiU3hQaWZ5emM0YlJPc1Y2VHlMM0R5N3dvb2t0UVh5aFpxNUNuQVVYMSI7czo5OiJfcHJldmlvdXMiO2E6MTp7czozOiJ1cmwiO3M6Mjg6Imh0dHBzOi8vZWhrYW0uYWJ1a2hhbGlsLnNpdGUiO31zOjY6Il9mbGFzaCI7YToyOntzOjM6Im9sZCI7YTowOnt9czozOiJuZXciO2E6MDp7fX19',1767832123),
('Nji8PPdCP84bejK4LAsd9zVnwAHdHjwxh0wkJscF',NULL,'15.160.247.150','Mozilla/5.0 (Windows NT 10.0; Win64; x64) AppleWebKit/537.36 (KHTML, like Gecko) Chrome/60.0.3112.113 Safari/537.36 Assetnote/1.0.0','YTozOntzOjY6Il90b2tlbiI7czo0MDoidFNKcmdxTEFyMENuT3p0dW41cjdYZlVHQVhLTEUxMEd0bXdBTVhjeCI7czo5OiJfcHJldmlvdXMiO2E6MTp7czozOiJ1cmwiO3M6MjI6Imh0dHBzOi8vMTY0LjkyLjI0NC4xOTIiO31zOjY6Il9mbGFzaCI7YToyOntzOjM6Im9sZCI7YTowOnt9czozOiJuZXciO2E6MDp7fX19',1767856403),
('NKyfTxaTt96GkDgJFhZNmb8nqzURjaMvzdA5rfm6',NULL,'103.118.156.2','Mozilla/5.0 (Windows NT 10.0; Win64; x64) AppleWebKit/537.36 (KHTML, like Gecko) Chrome/120.0.0.0 Safari/537.36 Edg/120.0.0.0','YTozOntzOjY6Il90b2tlbiI7czo0MDoiWTFoaE5qYnJvZG9mclQ3TjVWMmxqMFlxSWlWZXZPNHJDVjE4VmcxcSI7czo5OiJfcHJldmlvdXMiO2E6MTp7czozOiJ1cmwiO3M6MjI6Imh0dHBzOi8vMTY0LjkyLjI0NC4xOTIiO31zOjY6Il9mbGFzaCI7YToyOntzOjM6Im9sZCI7YTowOnt9czozOiJuZXciO2E6MDp7fX19',1767908746),
('NOsywQR1tNv3Xb3gd8N19LActjplEQM5IgVL38bo',NULL,'47.236.227.116','Mozilla/5.0 (Macintosh; Intel Mac OS X 10_14_6) AppleWebKit/537.36 (KHTML, like Gecko) Chrome/76.0.3809.132 Safari/537.36','YTozOntzOjY6Il90b2tlbiI7czo0MDoiSWl1SnZNV291TTlsa1JYSU1EblBvTktiZ3I1a0dkdVE0b1FOODVZUSI7czo5OiJfcHJldmlvdXMiO2E6MTp7czozOiJ1cmwiO3M6Mjg6Imh0dHBzOi8vZWhrYW0uYWJ1a2hhbGlsLnNpdGUiO31zOjY6Il9mbGFzaCI7YToyOntzOjM6Im9sZCI7YTowOnt9czozOiJuZXciO2E6MDp7fX19',1767972267),
('NOz1t2oH7HhFwFLtiV07dXZoJjrwlCO0kaOWr8ua',NULL,'185.156.73.167','Go-http-client/1.1','YTozOntzOjY6Il90b2tlbiI7czo0MDoiNGQ5ZlhFNzNlV2JLYzNmYllqaDd1Q2FRdmVkZlRiNlV0c2ZmNDhkWiI7czo5OiJfcHJldmlvdXMiO2E6MTp7czozOiJ1cmwiO3M6MjI6Imh0dHBzOi8vMTY0LjkyLjI0NC4xOTIiO31zOjY6Il9mbGFzaCI7YToyOntzOjM6Im9sZCI7YTowOnt9czozOiJuZXciO2E6MDp7fX19',1768322210),
('NpvuvD6mO3Spc1ePlgsIR6GqYzRF6dTgkscehHzQ',NULL,'172.235.235.248','Mozilla/5.0 (Macintosh; Intel Mac OS X 13.7; rv:141.0) Gecko/20100101 Firefox/141.0','YTozOntzOjY6Il90b2tlbiI7czo0MDoiWEJQYzhzaXZKQnp2RUdQd0ZqQThzcUJpdXNnZjB1TVhUSzg0N1ZPbCI7czo5OiJfcHJldmlvdXMiO2E6MTp7czozOiJ1cmwiO3M6Mjg6Imh0dHBzOi8vMTY0LjkyLjI0NC4xOTIvbG9naW4iO31zOjY6Il9mbGFzaCI7YToyOntzOjM6Im9sZCI7YTowOnt9czozOiJuZXciO2E6MDp7fX19',1767161097),
('NRC7YUk62Kq5q31TC8W8FN0NzPbzBWZbUkwiXBX7',NULL,'85.217.140.15','Mozilla/5.0 (compatible; ModatScanner/1.2; +https://modat.io/)','YTozOntzOjY6Il90b2tlbiI7czo0MDoiNHdHMXV6QmZ1Z0plUHZTOEp4NGhETEhXWThPSXFWQ0laTVc4blNGUCI7czo5OiJfcHJldmlvdXMiO2E6MTp7czozOiJ1cmwiO3M6MjI6Imh0dHBzOi8vMTY0LjkyLjI0NC4xOTIiO31zOjY6Il9mbGFzaCI7YToyOntzOjM6Im9sZCI7YTowOnt9czozOiJuZXciO2E6MDp7fX19',1768791914),
('NrJkvqB6gE839jbLFq5aUONumP5Sqk06Gy42A6JF',NULL,'216.180.246.58','\'Mozilla/5.0 (compatible; GenomeCrawlerd/1.0; +https://www.nokia.com/genomecrawler)\'','YTozOntzOjY6Il90b2tlbiI7czo0MDoiZFZlTFJ3d0Y1Um56RmpySFhWZnZLVVlENjNldjlYRVJnVlZZbjllVCI7czo5OiJfcHJldmlvdXMiO2E6MTp7czozOiJ1cmwiO3M6MjI6Imh0dHBzOi8vMTY0LjkyLjI0NC4xOTIiO31zOjY6Il9mbGFzaCI7YToyOntzOjM6Im9sZCI7YTowOnt9czozOiJuZXciO2E6MDp7fX19',1768428818),
('nTNy43HdPs3ax5ZKVpogQSnQE1u8tFSoDgNBrOpL',NULL,'79.124.40.174','Mozilla/5.0 (Windows NT 10.0; Win64; x64) AppleWebKit/537.36 (KHTML, like Gecko) Chrome/78.0.3904.108 Safari/537.36','YTozOntzOjY6Il90b2tlbiI7czo0MDoicXNuSUNTb2w0U2xvMldiMDBPNndxUVZ4Y0Jub3JqQ2JUdVJGaG0yayI7czo5OiJfcHJldmlvdXMiO2E6MTp7czozOiJ1cmwiO3M6NTM6Imh0dHBzOi8vMTY0LjkyLjI0NC4xOTIvP1hERUJVR19TRVNTSU9OX1NUQVJUPXBocHN0b3JtIjt9czo2OiJfZmxhc2giO2E6Mjp7czozOiJvbGQiO2E6MDp7fXM6MzoibmV3IjthOjA6e319fQ==',1767239649),
('ntQPLnbokbl9vzUFZYT1X62BWjEqG7EDPApwe9q0',NULL,'82.15.95.133','Mozilla/5.0 (Windows NT 10.0; Win64; x64) AppleWebKit/537.36 (KHTML, like Gecko) Chrome/142.0.0.0 Safari/537.36','YTozOntzOjY6Il90b2tlbiI7czo0MDoidlJiV0ZaRFRQajR4cnF1bnN2bDFaT1FTczRDSFV4RDQyWU9vYkdIWSI7czo5OiJfcHJldmlvdXMiO2E6MTp7czozOiJ1cmwiO3M6Mjg6Imh0dHBzOi8vZWhrYW0uYWJ1a2hhbGlsLnNpdGUiO31zOjY6Il9mbGFzaCI7YToyOntzOjM6Im9sZCI7YTowOnt9czozOiJuZXciO2E6MDp7fX19',1768479892),
('nV5dRjB9fkqwuRf7AYOsX2oNLMT3VtzbHdEOg6mX',NULL,'34.38.246.252','python-requests/2.32.5','YTozOntzOjY6Il90b2tlbiI7czo0MDoiQlhYZlVEOUZ3YnFWVDdiSTNodmxXajV3NGVtM2RTSXU0WUlESnZvciI7czo5OiJfcHJldmlvdXMiO2E6MTp7czozOiJ1cmwiO3M6MjI6Imh0dHBzOi8vMTY0LjkyLjI0NC4xOTIiO31zOjY6Il9mbGFzaCI7YToyOntzOjM6Im9sZCI7YTowOnt9czozOiJuZXciO2E6MDp7fX19',1768394305),
('nVODcYtp4DqbTQnxcbSRwcUE257lepssZhqQ8MyY',NULL,'65.49.20.66','Mozilla/5.0 (Windows NT 10.0; Win64; x64) AppleWebKit/537.36 (KHTML, like Gecko) Chrome/114.0.0.0 YaBrowser/23.7.0.2534 Yowser/2.5 Safari/537.36','YTozOntzOjY6Il90b2tlbiI7czo0MDoiUEM3RnpZSXV0VFdpTUpCa2IxSjdEME1DTkZoOGozZXc0YTdodVp4WiI7czo5OiJfcHJldmlvdXMiO2E6MTp7czozOiJ1cmwiO3M6MjI6Imh0dHBzOi8vMTY0LjkyLjI0NC4xOTIiO31zOjY6Il9mbGFzaCI7YToyOntzOjM6Im9sZCI7YTowOnt9czozOiJuZXciO2E6MDp7fX19',1767000178),
('NVSYywXPdt1Zozby2avTAbbvB9cuYZglvUD6uvgA',NULL,'180.111.30.62','Mozilla/5.0 (Windows NT 6.1) AppleWebKit/537.36 (KHTML, like Gecko) Chrome/49.0.2623.112 Safari/537.36','YTozOntzOjY6Il90b2tlbiI7czo0MDoiUzk3cXl3TEpxWUdOT2Y0YW1qT3pxRVZ0c1hMOXFya05YM1ZtU2syTiI7czo5OiJfcHJldmlvdXMiO2E6MTp7czozOiJ1cmwiO3M6MjI6Imh0dHBzOi8vMTY0LjkyLjI0NC4xOTIiO31zOjY6Il9mbGFzaCI7YToyOntzOjM6Im9sZCI7YTowOnt9czozOiJuZXciO2E6MDp7fX19',1767832176),
('NxWvX3hdXIopFu4gj6eqBZ6JaSo6BUPfQ9GnqtzK',NULL,'66.240.236.116','Mozilla/5.0 zgrab/0.x','YTozOntzOjY6Il90b2tlbiI7czo0MDoieFZCQ0pOZENrYVB1VnYxMGFMbG9JZTVJdmNRRGhGWlREMnpzejhHRyI7czo5OiJfcHJldmlvdXMiO2E6MTp7czozOiJ1cmwiO3M6MjI6Imh0dHBzOi8vMTY0LjkyLjI0NC4xOTIiO31zOjY6Il9mbGFzaCI7YToyOntzOjM6Im9sZCI7YTowOnt9czozOiJuZXciO2E6MDp7fX19',1768367900),
('nYedc4sRgReGG9GiwN7pgygUy9F8onjUDSJBIIF1',NULL,'213.32.122.82','Mozilla/5.0 (Windows NT 6.1) AppleWebKit/537.36 (KHTML, like Gecko) Chrome/41.0.2228.0 Safari/537.36','YTozOntzOjY6Il90b2tlbiI7czo0MDoiWHBYTWZsY05EWlpQM0I2YmhDR3VLQWdpZ2VJZDkzR2g5Wm5vd0x4RSI7czo5OiJfcHJldmlvdXMiO2E6MTp7czozOiJ1cmwiO3M6MjI6Imh0dHBzOi8vMTY0LjkyLjI0NC4xOTIiO31zOjY6Il9mbGFzaCI7YToyOntzOjM6Im9sZCI7YTowOnt9czozOiJuZXciO2E6MDp7fX19',1767048115),
('NYGlAgiMtUwQDAH54h1xDpmz8ZvFf7kcigYc64xA',NULL,'50.116.28.4','Mozilla/5.0 (Macintosh; Intel Mac OS X 10_15_7) AppleWebKit/537.36 (KHTML, like Gecko) Chrome/92.0.4515.159 Safari/537.36','YTozOntzOjY6Il90b2tlbiI7czo0MDoiTkhMMWE0VFhVNzdIRmFRRUNGc1pITFhtSWVmUnhrMXBOUEF2WFh3RyI7czo5OiJfcHJldmlvdXMiO2E6MTp7czozOiJ1cmwiO3M6MjI6Imh0dHBzOi8vMTY0LjkyLjI0NC4xOTIiO31zOjY6Il9mbGFzaCI7YToyOntzOjM6Im9sZCI7YTowOnt9czozOiJuZXciO2E6MDp7fX19',1768393541),
('o0sB1CTlvqxukMgY4x4URQ5mgAtI3PtyylFT2pnE',NULL,'147.185.132.219','Hello from Palo Alto Networks, find out more about our scans in https://docs-cortex.paloaltonetworks.com/r/1/Cortex-Xpanse/Scanning-activity','YTozOntzOjY6Il90b2tlbiI7czo0MDoiOUhqZm9RWHdhVE00Q2RLYmFhU2Z6M2ZWaGszS2hicFltYk1Bd3ZSVSI7czo5OiJfcHJldmlvdXMiO2E6MTp7czozOiJ1cmwiO3M6Mjg6Imh0dHBzOi8vZWhrYW0uYWJ1a2hhbGlsLnNpdGUiO31zOjY6Il9mbGFzaCI7YToyOntzOjM6Im9sZCI7YTowOnt9czozOiJuZXciO2E6MDp7fX19',1767315474),
('O2CUE6wl6QwBRD2t5TXFDXv1z3g209k8R1kkyFc3',NULL,'5.149.130.174','Mozilla/5.0 (Macintosh; Intel Mac OS X 10_15_7) AppleWebKit/605.1.15 (KHTML, like Gecko) Version/17.2 Safari/605.1.15','YTozOntzOjY6Il90b2tlbiI7czo0MDoiaVNqR1k5aFFDaHRRZUpDTllJUDRkZEdzQWtyZ2tLYlNlTk5hNHBQYyI7czo5OiJfcHJldmlvdXMiO2E6MTp7czozOiJ1cmwiO3M6MjI6Imh0dHBzOi8vMTY0LjkyLjI0NC4xOTIiO31zOjY6Il9mbGFzaCI7YToyOntzOjM6Im9sZCI7YTowOnt9czozOiJuZXciO2E6MDp7fX19',1767365526),
('O2pOh29LUNr1ICS0Pk33NsGXLlzMQyeoLwcmNVWR',NULL,'35.187.31.145','python-requests/2.32.5','YTozOntzOjY6Il90b2tlbiI7czo0MDoiVGU0R0lOdEF6SklLbzZ0QzI1WjdiTk1aTTlvWWJDenptZU94UGNuZiI7czo5OiJfcHJldmlvdXMiO2E6MTp7czozOiJ1cmwiO3M6MjI6Imh0dHBzOi8vMTY0LjkyLjI0NC4xOTIiO31zOjY6Il9mbGFzaCI7YToyOntzOjM6Im9sZCI7YTowOnt9czozOiJuZXciO2E6MDp7fX19',1767203100),
('o34oRwylG2cmsn6VNHVxgqMXqksTQjMUlVcWTJRk',NULL,'162.216.150.32','Hello from Palo Alto Networks, find out more about our scans in https://docs-cortex.paloaltonetworks.com/r/1/Cortex-Xpanse/Scanning-activity','YTozOntzOjY6Il90b2tlbiI7czo0MDoid1pVcTVvZGlVeHlZVFJyVzJqcXFtdk9Hdm80Y1ZtekcwSFN0WHJlbyI7czo5OiJfcHJldmlvdXMiO2E6MTp7czozOiJ1cmwiO3M6MjI6Imh0dHBzOi8vMTY0LjkyLjI0NC4xOTIiO31zOjY6Il9mbGFzaCI7YToyOntzOjM6Im9sZCI7YTowOnt9czozOiJuZXciO2E6MDp7fX19',1767249661),
('O5m7jMfFI06pkCVYqmYB2tGyEsDeqX9ksXRoE1D1',NULL,'64.62.197.76','Mozilla/5.0 (X11; Linux x86_64; rv:142.0) Gecko/20100101 Firefox/142.0','YTozOntzOjY6Il90b2tlbiI7czo0MDoiajk1WVVWclE2eW9ZdWxTeW9nNGVjREtIMDFIVGFUWlpTUEpQS0piQiI7czo5OiJfcHJldmlvdXMiO2E6MTp7czozOiJ1cmwiO3M6MjI6Imh0dHBzOi8vMTY0LjkyLjI0NC4xOTIiO31zOjY6Il9mbGFzaCI7YToyOntzOjM6Im9sZCI7YTowOnt9czozOiJuZXciO2E6MDp7fX19',1767411088),
('o6V6MWO1EFGvFGEW5vDh1i2jiSGJrkeBQkfdx6n3',NULL,'172.235.168.35','','YTozOntzOjY6Il90b2tlbiI7czo0MDoiUk9hU3ZzY2hpWURpY2p1cmJUTXZVVkdQZmhOQUxaeTY2cngydU9rQyI7czo5OiJfcHJldmlvdXMiO2E6MTp7czozOiJ1cmwiO3M6Mjg6Imh0dHBzOi8vZWhrYW0uYWJ1a2hhbGlsLnNpdGUiO31zOjY6Il9mbGFzaCI7YToyOntzOjM6Im9sZCI7YTowOnt9czozOiJuZXciO2E6MDp7fX19',1767355952),
('O7MpgeWuTFT6SZnUjuJ0ZyAaSWF0CzMB0SDCr0ed',NULL,'194.187.176.104','Mozilla/5.0 (Windows NT 10.0; Win64; x64; rv:65.0) Gecko/20100101 Firefox/65.0','YTozOntzOjY6Il90b2tlbiI7czo0MDoicHlUYXJlTlFMNnRseVMzZXJrOE52c1NoUzc5ZkJzbjVvejFWNmQ0YyI7czo5OiJfcHJldmlvdXMiO2E6MTp7czozOiJ1cmwiO3M6MjI6Imh0dHBzOi8vMTY0LjkyLjI0NC4xOTIiO31zOjY6Il9mbGFzaCI7YToyOntzOjM6Im9sZCI7YTowOnt9czozOiJuZXciO2E6MDp7fX19',1767186460),
('oA2Ye8poYoTxUtSi9q7X3CAPXPMaNCkls3ZNhR3x',NULL,'216.218.206.69','Mozilla/5.0 (Macintosh; Intel Mac OS X 10_15_7) AppleWebKit/605.1.15 (KHTML, like Gecko) Version/16.0 Safari/605.1.15','YTozOntzOjY6Il90b2tlbiI7czo0MDoib3JVbVNxY0NhRmxXSlV0aGhsYUhDdFRFUkNBSEFTQW80YmQxeW8zdyI7czo5OiJfcHJldmlvdXMiO2E6MTp7czozOiJ1cmwiO3M6MjI6Imh0dHBzOi8vMTY0LjkyLjI0NC4xOTIiO31zOjY6Il9mbGFzaCI7YToyOntzOjM6Im9sZCI7YTowOnt9czozOiJuZXciO2E6MDp7fX19',1768556015),
('OAAgFz0uUOHysxBSOcYRDurOWEuxOc3r2EbHN7cf',NULL,'93.125.96.136','Mozilla/5.0 (Windows NT 10.0; Win64; x64) AppleWebKit/537.36 (KHTML, like Gecko) Chrome/91.0.4472.124 Safari/537.36','YTozOntzOjY6Il90b2tlbiI7czo0MDoicGI5aE1nUmpndDR6b1QxOTlQSm5sZFh2RmtrVWNmdEdEZ1pkb1MwRCI7czo5OiJfcHJldmlvdXMiO2E6MTp7czozOiJ1cmwiO3M6MjI6Imh0dHBzOi8vYWJ1a2hhbGlsLnNpdGUiO31zOjY6Il9mbGFzaCI7YToyOntzOjM6Im9sZCI7YTowOnt9czozOiJuZXciO2E6MDp7fX19',1766909053),
('oak8MDKXTqJhq48ztN9VMc5GoGEpPbr6W0WD8z5y',NULL,'149.57.180.139','Mozilla/5.0 (X11; Linux i686; rv:109.0) Gecko/20100101 Firefox/120.0','YTozOntzOjY6Il90b2tlbiI7czo0MDoiWllGZVc5UzNRemFTTkhWZkU1ZFBKQ0VTUGRFQWUwa1BrUUM1SmRNOCI7czo5OiJfcHJldmlvdXMiO2E6MTp7czozOiJ1cmwiO3M6Mjg6Imh0dHBzOi8vZWhrYW0uYWJ1a2hhbGlsLnNpdGUiO31zOjY6Il9mbGFzaCI7YToyOntzOjM6Im9sZCI7YTowOnt9czozOiJuZXciO2E6MDp7fX19',1767394758),
('ObKneozPP2ZJb6NAox0h1SJ0z9wfHaYl9Z0KwxYZ',NULL,'123.245.85.76','Mozilla/5.0 (Windows NT 6.1) AppleWebKit/537.36 (KHTML, like Gecko) Chrome/49.0.2623.112 Safari/537.36','YTozOntzOjY6Il90b2tlbiI7czo0MDoiTmFJcEpnTnI2Y3dPTDVISEFxU1l0STNhYUpvdmtNdFVXbHFjaVlWVSI7czo5OiJfcHJldmlvdXMiO2E6MTp7czozOiJ1cmwiO3M6MjI6Imh0dHBzOi8vMTY0LjkyLjI0NC4xOTIiO31zOjY6Il9mbGFzaCI7YToyOntzOjM6Im9sZCI7YTowOnt9czozOiJuZXciO2E6MDp7fX19',1767831953),
('ObtGK1qW4eQw0TUueRzTlTRFH1mOGsT4PYnBX2ci',NULL,'64.62.156.21','Mozilla/5.0 (Windows NT 10.0; Win64; x64) AppleWebKit/537.36 (KHTML, like Gecko) Chrome/139.0.0.0 Safari/537.36 Edg/139.0.0.0','YTozOntzOjY6Il90b2tlbiI7czo0MDoiVGVwV1ZoeUlYR0RubmdmRHNMeTQzdzNzSWZuVmZhemZtc25EWUNtbiI7czo5OiJfcHJldmlvdXMiO2E6MTp7czozOiJ1cmwiO3M6MjI6Imh0dHBzOi8vMTY0LjkyLjI0NC4xOTIiO31zOjY6Il9mbGFzaCI7YToyOntzOjM6Im9sZCI7YTowOnt9czozOiJuZXciO2E6MDp7fX19',1768722378),
('ODr0cq6ldGUenROXu4QLr5kdQsGBXujAbPGOUUca',NULL,'159.89.9.41','Go-http-client/1.1','YTozOntzOjY6Il90b2tlbiI7czo0MDoieU1ocUZpd0d6OFhkV1RmWDIxcHhZbjRSdEpFdm4xRHhzU1BrcFNOViI7czo5OiJfcHJldmlvdXMiO2E6MTp7czozOiJ1cmwiO3M6MjI6Imh0dHBzOi8vMTY0LjkyLjI0NC4xOTIiO31zOjY6Il9mbGFzaCI7YToyOntzOjM6Im9sZCI7YTowOnt9czozOiJuZXciO2E6MDp7fX19',1767884530),
('OeXeq6yWS2duIgIPyoxSDBdmo1eyOChbCH6l2b2V',NULL,'182.138.158.192','Mozilla/5.0 (Windows NT 6.1) AppleWebKit/537.36 (KHTML, like Gecko) Chrome/49.0.2623.112 Safari/537.36','YTozOntzOjY6Il90b2tlbiI7czo0MDoiZmdvMjZ2cmtlNTROUDYzRVM0R3VuTW43U01SdFRQTGRIdWtCV1dNMSI7czo5OiJfcHJldmlvdXMiO2E6MTp7czozOiJ1cmwiO3M6Mjg6Imh0dHBzOi8vZWhrYW0uYWJ1a2hhbGlsLnNpdGUiO31zOjY6Il9mbGFzaCI7YToyOntzOjM6Im9sZCI7YTowOnt9czozOiJuZXciO2E6MDp7fX19',1767831649),
('Ogs2QfivlBJLTfDoED6Li20atUYp3QTVySW5nj3b',NULL,'20.64.105.183','Mozilla/5.0 zgrab/0.x','YTozOntzOjY6Il90b2tlbiI7czo0MDoia1h2R0NGS3RWdU1xSEZ1V3Azd2JYMU5wdzJGbHFkZUt4WWRSY2U4ZSI7czo5OiJfcHJldmlvdXMiO2E6MTp7czozOiJ1cmwiO3M6MjI6Imh0dHBzOi8vMTY0LjkyLjI0NC4xOTIiO31zOjY6Il9mbGFzaCI7YToyOntzOjM6Im9sZCI7YTowOnt9czozOiJuZXciO2E6MDp7fX19',1767717197),
('OhhTeDlkJcChUaJ1zLePoBFw9bzS5dWrnGqrCve0',1,'89.147.136.198','Mozilla/5.0 (Linux; Android 10; K) AppleWebKit/537.36 (KHTML, like Gecko) SamsungBrowser/29.0 Chrome/136.0.0.0 Mobile Safari/537.36','YTo0OntzOjY6Il90b2tlbiI7czo0MDoicHJGR0MzQVl5QjB4czNZY25UUVRkWThDYTMyN3JTeWpVWEI0YjNNUyI7czo5OiJfcHJldmlvdXMiO2E6MTp7czozOiJ1cmwiO3M6NDI6Imh0dHBzOi8vZWhrYW0uYWJ1a2hhbGlsLnNpdGUvc3RlcC9pbmRleC8xNCI7fXM6NjoiX2ZsYXNoIjthOjI6e3M6Mzoib2xkIjthOjA6e31zOjM6Im5ldyI7YTowOnt9fXM6NTA6ImxvZ2luX3dlYl81OWJhMzZhZGRjMmIyZjk0MDE1ODBmMDE0YzdmNThlYTRlMzA5ODlkIjtpOjE7fQ==',1768169563),
('ohTmSZlEYCbR8JPyW0DOwknDBKAMgkWlqjRGL9gY',NULL,'205.210.31.154','','YTozOntzOjY6Il90b2tlbiI7czo0MDoiZEpXYnc4TEdRNkc0Q1pOVFl3aW5zeUtlZGZDWWxhbTJKTEVjanYxUyI7czo5OiJfcHJldmlvdXMiO2E6MTp7czozOiJ1cmwiO3M6NTE6Imh0dHBzOi8vd3d3LmJyYXZlLW11cmRvY2suMTY0LTkyLTI0NC0xOTIucGxlc2sucGFnZSI7fXM6NjoiX2ZsYXNoIjthOjI6e3M6Mzoib2xkIjthOjA6e31zOjM6Im5ldyI7YTowOnt9fX0=',1767570446),
('OiTRFdj6eW1aLbPgbr4g8ymrC268B8xzBh44Hysn',NULL,'45.79.150.226','Mozilla/5.0 (Windows NT 10.0; Win64; x64) AppleWebKit/537.36 (KHTML, like Gecko) Chrome/83.0.4103.61 Safari/537.36','YTozOntzOjY6Il90b2tlbiI7czo0MDoidXBNaFk1NERoS3NGeFI3S3JUUUZyOXppdVVmVkNhMkNWMWhtakg2OCI7czo5OiJfcHJldmlvdXMiO2E6MTp7czozOiJ1cmwiO3M6MjI6Imh0dHBzOi8vMTY0LjkyLjI0NC4xOTIiO31zOjY6Il9mbGFzaCI7YToyOntzOjM6Im9sZCI7YTowOnt9czozOiJuZXciO2E6MDp7fX19',1768393889),
('ojn2nS4hM5fQ94LA36HDoXlC2KXb5Iiyj59c48UT',NULL,'5.37.231.169','Mozilla/5.0 (Linux; Android 10; K) AppleWebKit/537.36 (KHTML, like Gecko) Chrome/143.0.0.0 Mobile Safari/537.36','YTo0OntzOjY6Il90b2tlbiI7czo0MDoiS3I2QUI2eHdXVHd2U29MQ2ZLbkIxTllza1NiTU5QN01UUGcxVG11VyI7czo5OiJfcHJldmlvdXMiO2E6MTp7czozOiJ1cmwiO3M6Nzg6Imh0dHBzOi8vZWhrYW0uYWJ1a2hhbGlsLnNpdGUvc3dvdC9ib2FyZC91elBFRVpISkpnS3hVTGJtYWJGUUVJM2tCRTFKM0E3Si9pdGVtcyI7fXM6NjoiX2ZsYXNoIjthOjI6e3M6Mzoib2xkIjthOjA6e31zOjM6Im5ldyI7YTowOnt9fXM6MTg6InN3b3RfcGFydGljaXBhbnRfMSI7YTozOntzOjQ6Im5hbWUiO3M6Mjoi2YQiO3M6MjoiaXAiO3M6MTQ6IjE4OC4xMzUuNTAuMjQzIjtzOjEwOiJzZXNzaW9uX2lkIjtzOjQwOiJvam4yblM0aE01ZlE5NExBMzZIRG9YbEMyS1hiNUlpeWo1OWM0OFVUIjt9fQ==',1767138627),
('ojUAxb3O2M9MgK6Jbn0X8kdeyY82g1pFDTw2CegE',NULL,'64.62.197.205','Mozilla/5.0 (Windows NT 10.0; Win64; x64; rv:109.0) Gecko/20100101 Firefox/116.0','YTozOntzOjY6Il90b2tlbiI7czo0MDoiZkJ1dUxQWXMwNmdQVmllQ3hEQktQUm42Q01HeHVKTzJWdmRiY0Z1UCI7czo5OiJfcHJldmlvdXMiO2E6MTp7czozOiJ1cmwiO3M6MjI6Imh0dHBzOi8vMTY0LjkyLjI0NC4xOTIiO31zOjY6Il9mbGFzaCI7YToyOntzOjM6Im9sZCI7YTowOnt9czozOiJuZXciO2E6MDp7fX19',1766827173),
('OkrG2axEtkkpZbNPxMBpTOeImoUOzjzu6DzatyhJ',NULL,'185.142.236.41','Mozilla/5.0 (X11; Linux x86_64) AppleWebKit/537.36 (KHTML, like Gecko) Chrome/98.0.4758.102 Safari/537.36','YTozOntzOjY6Il90b2tlbiI7czo0MDoiODZhTXE4MEFtZHRSZWYzcmhkVDBTeVZpQUhUSXQ0Q2FzUkU2MEhBZyI7czo5OiJfcHJldmlvdXMiO2E6MTp7czozOiJ1cmwiO3M6MjI6Imh0dHBzOi8vMTY0LjkyLjI0NC4xOTIiO31zOjY6Il9mbGFzaCI7YToyOntzOjM6Im9sZCI7YTowOnt9czozOiJuZXciO2E6MDp7fX19',1767557153),
('OLGtqzf6XPCfCgcxPgAK1JPpiWgmWv6UynJZJWFA',NULL,'79.124.40.174','Mozilla/5.0 (Windows NT 10.0; Win64; x64) AppleWebKit/537.36 (KHTML, like Gecko) Chrome/78.0.3904.108 Safari/537.36','YTozOntzOjY6Il90b2tlbiI7czo0MDoidG4zWkowdllPT1B1OGJHYnV3RHgzWFAyUnFRM2Jsc2oyVndRUlhDdSI7czo5OiJfcHJldmlvdXMiO2E6MTp7czozOiJ1cmwiO3M6NTM6Imh0dHBzOi8vMTY0LjkyLjI0NC4xOTIvP1hERUJVR19TRVNTSU9OX1NUQVJUPXBocHN0b3JtIjt9czo2OiJfZmxhc2giO2E6Mjp7czozOiJvbGQiO2E6MDp7fXM6MzoibmV3IjthOjA6e319fQ==',1768522649),
('oLNEeG1EEbo989D4E2ucScVx3kGMXKArkz6rz7sA',NULL,'178.22.24.64','Mozilla/5.0 (Windows NT 10.0; Win64; x64) AppleWebKit/537.36 (KHTML, like Gecko) Chrome/140.0.0.0 Safari/537.36','YTozOntzOjY6Il90b2tlbiI7czo0MDoiNzJTbHRrSVV2ZTBzenVwR3ZaZWhHb0ZieVdRaVVKZGVzNVo0TG1zdyI7czo5OiJfcHJldmlvdXMiO2E6MTp7czozOiJ1cmwiO3M6MjI6Imh0dHBzOi8vMTY0LjkyLjI0NC4xOTIiO31zOjY6Il9mbGFzaCI7YToyOntzOjM6Im9sZCI7YTowOnt9czozOiJuZXciO2E6MDp7fX19',1768319776),
('OmkMjPLac7Kvz7pUqwAtmELhs3fAxzNgnsZgkrCX',NULL,'92.63.197.197','Mozilla/5.0 (Windows NT 6.1; Win64; x64; rv:25.7) Gecko/20150824 Firefox/31.9 PaleMoon/25.7.0','YTozOntzOjY6Il90b2tlbiI7czo0MDoiNVV5eEZOTzZHZUxua3BPdm44dXl0dVllV2lHcmVYcTZGdEVWeTFCSiI7czo5OiJfcHJldmlvdXMiO2E6MTp7czozOiJ1cmwiO3M6MjI6Imh0dHBzOi8vMTY0LjkyLjI0NC4xOTIiO31zOjY6Il9mbGFzaCI7YToyOntzOjM6Im9sZCI7YTowOnt9czozOiJuZXciO2E6MDp7fX19',1767879752),
('OmxFwZMaCShzT5ioKvcVvQqvIAzeGkc6bE7S0yIQ',NULL,'123.144.23.59','Mozilla/5.0 (Windows NT 6.1) AppleWebKit/537.36 (KHTML, like Gecko) Chrome/49.0.2623.112 Safari/537.36','YTozOntzOjY6Il90b2tlbiI7czo0MDoiWG1ZVG9ZNWtaUUhwWjF3TGtJOXdtbmdvalRvWkZ6UXI1RHV1bG92NyI7czo5OiJfcHJldmlvdXMiO2E6MTp7czozOiJ1cmwiO3M6Mjg6Imh0dHBzOi8vZWhrYW0uYWJ1a2hhbGlsLnNpdGUiO31zOjY6Il9mbGFzaCI7YToyOntzOjM6Im9sZCI7YTowOnt9czozOiJuZXciO2E6MDp7fX19',1767831822),
('ONAJhRqckKEVDZBL8LUvX1eYX7kgcaDLhqMHR1ST',NULL,'172.104.30.66','','YTozOntzOjY6Il90b2tlbiI7czo0MDoiMEM2SWQ0eWFRYWtVUnZFY0xiaHBOUmM5Y0NyTlVVeVRPYjhmRFRCViI7czo5OiJfcHJldmlvdXMiO2E6MTp7czozOiJ1cmwiO3M6Mjg6Imh0dHBzOi8vZWhrYW0uYWJ1a2hhbGlsLnNpdGUiO31zOjY6Il9mbGFzaCI7YToyOntzOjM6Im9sZCI7YTowOnt9czozOiJuZXciO2E6MDp7fX19',1768188603),
('oNKxEQUupiI5VTcocYflcoYvsH4F1fJXHFKDz9Vj',NULL,'172.104.30.66','','YTozOntzOjY6Il90b2tlbiI7czo0MDoiT0dNSFFMdVh3U21CbE4wU0Z4c1hIT0ZsMEpaUklSVVVjRTdXZ3M4ZyI7czo5OiJfcHJldmlvdXMiO2E6MTp7czozOiJ1cmwiO3M6MjI6Imh0dHBzOi8vMTY0LjkyLjI0NC4xOTIiO31zOjY6Il9mbGFzaCI7YToyOntzOjM6Im9sZCI7YTowOnt9czozOiJuZXciO2E6MDp7fX19',1768188604),
('oO6UhiHSdZOkxxSxkl0e2geQAnJnXSpvQpViEHph',NULL,'172.235.235.248','Mozilla/5.0 (Android 15; Mobile; rv:126.0.0) Gecko/126.0.0 Firefox/126.0.0','YTozOntzOjY6Il90b2tlbiI7czo0MDoiNm1qY0N4eFh3NnYzUjU4dXpXRnFXbGZJOTZ3MmFwbHpESEI1MXNjNCI7czo5OiJfcHJldmlvdXMiO2E6MTp7czozOiJ1cmwiO3M6MjI6Imh0dHBzOi8vMTY0LjkyLjI0NC4xOTIiO31zOjY6Il9mbGFzaCI7YToyOntzOjM6Im9sZCI7YTowOnt9czozOiJuZXciO2E6MDp7fX19',1767500423),
('OPIt6VL5dkm5cxiQ2Ss79ZIZHrryKvrMyObBmohy',NULL,'79.124.40.174','Mozilla/5.0 (Windows NT 10.0; Win64; x64) AppleWebKit/537.36 (KHTML, like Gecko) Chrome/78.0.3904.108 Safari/537.36','YTozOntzOjY6Il90b2tlbiI7czo0MDoiQTVNNWJFazljU2NzRE1NZ2FiUTVydE1pZG12U0NXeVAxam9UanhiNyI7czo5OiJfcHJldmlvdXMiO2E6MTp7czozOiJ1cmwiO3M6NTM6Imh0dHBzOi8vMTY0LjkyLjI0NC4xOTIvP1hERUJVR19TRVNTSU9OX1NUQVJUPXBocHN0b3JtIjt9czo2OiJfZmxhc2giO2E6Mjp7czozOiJvbGQiO2E6MDp7fXM6MzoibmV3IjthOjA6e319fQ==',1766963784),
('oRmoaangioP1vA5FOyzAZjPIoU9AxRuQK2vADRYh',1,'188.66.225.211','Mozilla/5.0 (Windows NT 10.0; Win64; x64) AppleWebKit/537.36 (KHTML, like Gecko) Chrome/143.0.0.0 Safari/537.36','YTo1OntzOjY6Il90b2tlbiI7czo0MDoiRGpITFNtNGZZWVZwNllNdzJySlhRTVJKaDlqMzY3cW1GeUNVZDd4ZCI7czozOiJ1cmwiO2E6MDp7fXM6OToiX3ByZXZpb3VzIjthOjE6e3M6MzoidXJsIjtzOjQzOiJodHRwczovL2Voa2FtLmFidWtoYWxpbC5hcHAvbWlzc2lvbnMvdGFzay8yIjt9czo2OiJfZmxhc2giO2E6Mjp7czozOiJvbGQiO2E6MDp7fXM6MzoibmV3IjthOjA6e319czo1MDoibG9naW5fd2ViXzU5YmEzNmFkZGMyYjJmOTQwMTU4MGYwMTRjN2Y1OGVhNGUzMDk4OWQiO2k6MTt9',1766753164),
('OS8PTa6OZwpMYZUkn9kCQNPFVzrl1BFqk0PHPRYv',NULL,'104.252.191.196','Mozilla/5.0 (X11; Linux x86_64) AppleWebKit/537.36 (KHTML, like Gecko) Chrome/117.0.0.0 Safari/537.36','YTozOntzOjY6Il90b2tlbiI7czo0MDoiY3hmdWhpN0E1VkZwaG12U2JVYmszZXJ4SHhkVUhJQjlleHlwYnZuSCI7czo5OiJfcHJldmlvdXMiO2E6MTp7czozOiJ1cmwiO3M6Mjg6Imh0dHBzOi8vZWhrYW0uYWJ1a2hhbGlsLnNpdGUiO31zOjY6Il9mbGFzaCI7YToyOntzOjM6Im9sZCI7YTowOnt9czozOiJuZXciO2E6MDp7fX19',1766819529),
('OtkOJ2Rfv2qnzcF2wtQHvxvSTBhEzsQU0lFzCzhQ',NULL,'45.142.154.102','','YTozOntzOjY6Il90b2tlbiI7czo0MDoiQ243MjhNZnFwOVhHN2lOODZXOHFaWU94ZU9HcUlUS2ZlaGNBclhqeiI7czo5OiJfcHJldmlvdXMiO2E6MTp7czozOiJ1cmwiO3M6MjI6Imh0dHBzOi8vMTY0LjkyLjI0NC4xOTIiO31zOjY6Il9mbGFzaCI7YToyOntzOjM6Im9sZCI7YTowOnt9czozOiJuZXciO2E6MDp7fX19',1768760015),
('OTnkI1omrE82icszQGQzva6To0fCof55XaWZ7pO0',NULL,'66.132.153.139','Mozilla/5.0 (compatible; CensysInspect/1.1; +https://about.censys.io/)','YTozOntzOjY6Il90b2tlbiI7czo0MDoiOWhxMzdOQTU5RUFYWWk5dlFFSTRMUHc2N3BKSUVSdTF4QzJscEc2dyI7czo5OiJfcHJldmlvdXMiO2E6MTp7czozOiJ1cmwiO3M6MjI6Imh0dHBzOi8vMTY0LjkyLjI0NC4xOTIiO31zOjY6Il9mbGFzaCI7YToyOntzOjM6Im9sZCI7YTowOnt9czozOiJuZXciO2E6MDp7fX19',1767786805),
('ou0a0WoNlGedy3A4jPA2FoKS6xFtiAjWxAU08dLf',NULL,'64.82.206.195','Mozilla/5.0 (Windows NT 10.0; Win64; x64) AppleWebKit/537.36 (KHTML, like Gecko) Chrome/120.0.0.0 Safari/537.36 Edg/120.0.0.0','YTozOntzOjY6Il90b2tlbiI7czo0MDoiWTBhakVKVUhsRGszUHdyUzJCRUpqVUN2eDFRNmhRZ1ZOcFhLOU9NSiI7czo5OiJfcHJldmlvdXMiO2E6MTp7czozOiJ1cmwiO3M6MjI6Imh0dHBzOi8vMTY0LjkyLjI0NC4xOTIiO31zOjY6Il9mbGFzaCI7YToyOntzOjM6Im9sZCI7YTowOnt9czozOiJuZXciO2E6MDp7fX19',1768846703),
('oV64jPlZfCsSdgZnxPpGkaNO9PG1Rw1HqCJZKsM1',NULL,'185.180.140.105','Mozilla/5.0 (Windows NT 10.0; Win64; x64) AppleWebKit/537.36 (KHTML, like Gecko) Chrome/60.0.3112.113 Safari/537.36','YTozOntzOjY6Il90b2tlbiI7czo0MDoiUlhPTGFyRHRaWVdqN2VVNHNpbjhyVG1panNsSDB2UnNkaVJCcGZGcSI7czo5OiJfcHJldmlvdXMiO2E6MTp7czozOiJ1cmwiO3M6MjI6Imh0dHBzOi8vMTY0LjkyLjI0NC4xOTIiO31zOjY6Il9mbGFzaCI7YToyOntzOjM6Im9sZCI7YTowOnt9czozOiJuZXciO2E6MDp7fX19',1768612913),
('oVVcBzV5BS89v4zEimGcN8TpKJPdlg41WWDBNxMn',NULL,'142.250.33.39','Mozilla/5.0 (Linux; Android 10; K) AppleWebKit/537.36 (KHTML, like Gecko) Chrome/138.0.0.0 Mobile Safari/537.36 (compatible; Google-Read-Aloud; +https://support.google.com/webmasters/answer/1061943)','YTozOntzOjY6Il90b2tlbiI7czo0MDoibTEzUGo4eEkwZWlPd0F4ejJyam0zaTZoSnJNWEFycnVWYlFocmN2MiI7czo5OiJfcHJldmlvdXMiO2E6MTp7czozOiJ1cmwiO3M6Mjg6Imh0dHBzOi8vZWhrYW0uYWJ1a2hhbGlsLnNpdGUiO31zOjY6Il9mbGFzaCI7YToyOntzOjM6Im9sZCI7YTowOnt9czozOiJuZXciO2E6MDp7fX19',1768801209),
('OxnRwrqMO1052n1aqvshSFDP9jL2F0cPzNvV53S5',NULL,'14.135.74.150','Mozilla/5.0 (Windows NT 6.1) AppleWebKit/537.36 (KHTML, like Gecko) Chrome/49.0.2623.112 Safari/537.36','YTozOntzOjY6Il90b2tlbiI7czo0MDoiUVozMFBCcTAwelR5MG1RSlBod3I1aWlmMTVDbmRPYzJyUGhpVVljSiI7czo5OiJfcHJldmlvdXMiO2E6MTp7czozOiJ1cmwiO3M6Mjg6Imh0dHBzOi8vZWhrYW0uYWJ1a2hhbGlsLnNpdGUiO31zOjY6Il9mbGFzaCI7YToyOntzOjM6Im9sZCI7YTowOnt9czozOiJuZXciO2E6MDp7fX19',1767831517),
('OZc32HxmUAkEjFnV5iTtAykiRcsGs6CVvAyx13X8',NULL,'43.159.145.153','Mozilla/5.0 (iPhone; CPU iPhone OS 13_2_3 like Mac OS X) AppleWebKit/605.1.15 (KHTML, like Gecko) Version/13.0.3 Mobile/15E148 Safari/604.1','YTozOntzOjY6Il90b2tlbiI7czo0MDoiaFBmOHZvcHJnamdEd2FNUFdtSFdQZ1NFajNSampwTFRIMjd5UEhQSyI7czo5OiJfcHJldmlvdXMiO2E6MTp7czozOiJ1cmwiO3M6NTE6Imh0dHBzOi8vMTY0LjkyLjI0NC4xOTIvd29ya3Nob3dfYXR0ZW5kYW5jZV9yZWdpc3RlciI7fXM6NjoiX2ZsYXNoIjthOjI6e3M6Mzoib2xkIjthOjA6e31zOjM6Im5ldyI7YTowOnt9fX0=',1768754867),
('P1Zj5NXHnPlZjhdAd67uaHy5Z8wbhq5cDWImALtA',NULL,'45.156.128.130','Mozilla/5.0 (Windows NT 10.0; Win64; x64) AppleWebKit/537.36 (KHTML, like Gecko) Chrome/60.0.3112.113 Safari/537.36','YTozOntzOjY6Il90b2tlbiI7czo0MDoicHhWckE3RGhWc2VHbGJOM1B3MmM0WElia29lMGFjQUVvQzFSYWV4cSI7czo5OiJfcHJldmlvdXMiO2E6MTp7czozOiJ1cmwiO3M6MjI6Imh0dHBzOi8vMTY0LjkyLjI0NC4xOTIiO31zOjY6Il9mbGFzaCI7YToyOntzOjM6Im9sZCI7YTowOnt9czozOiJuZXciO2E6MDp7fX19',1768683770),
('p5yyQrFv835gclnGIbzhlMlV24gjGLFwmK1ygq8X',NULL,'91.231.89.189','Mozilla/5.0 (X11; Ubuntu; Linux x86_64; rv:134.0) Gecko/20100101 Firefox/134.0','YTozOntzOjY6Il90b2tlbiI7czo0MDoiaFphZ0o1emt3ZDFJMUNEQ0Q2anRvNTRSN0g3OWZyekU3aDJ2a1pKOSI7czo5OiJfcHJldmlvdXMiO2E6MTp7czozOiJ1cmwiO3M6MjI6Imh0dHBzOi8vMTY0LjkyLjI0NC4xOTIiO31zOjY6Il9mbGFzaCI7YToyOntzOjM6Im9sZCI7YTowOnt9czozOiJuZXciO2E6MDp7fX19',1768455581),
('p5zDTSZtGZG27mOaFESwVPGxxCAQ9paBa2INS9ef',NULL,'45.139.104.171','Mozilla/5.0 (Linux; Android 9; Redmi Note 7 Build/PKQ1.180904.001) AppleWebKit/537.36 (KHTML, like Gecko) SamsungBrowser/9.4 Chrome/67.0.3396.87 Mobile Safari/537.36','YTozOntzOjY6Il90b2tlbiI7czo0MDoieTZJVk5xYXBDcjBuVWZBc0hkZm1UTmdjWng1b3k5SWhCQ2FhREpLaiI7czo5OiJfcHJldmlvdXMiO2E6MTp7czozOiJ1cmwiO3M6Mjg6Imh0dHBzOi8vZWhrYW0uYWJ1a2hhbGlsLnNpdGUiO31zOjY6Il9mbGFzaCI7YToyOntzOjM6Im9sZCI7YTowOnt9czozOiJuZXciO2E6MDp7fX19',1767363689),
('p9JoSQo7AXipChAqHt847nCnyhzgsmVrQi63qhST',NULL,'165.227.139.38','','YTozOntzOjY6Il90b2tlbiI7czo0MDoiOGoxUG9LSXZQeGk5dUQ4QWRVNFNjUUl0azJ5Q3NmTzJtMnVsMVFtZSI7czo5OiJfcHJldmlvdXMiO2E6MTp7czozOiJ1cmwiO3M6MjI6Imh0dHBzOi8vMTY0LjkyLjI0NC4xOTIiO31zOjY6Il9mbGFzaCI7YToyOntzOjM6Im9sZCI7YTowOnt9czozOiJuZXciO2E6MDp7fX19',1767226104),
('pAcVq7qxe2Jm5cIrlc0t3BHjZ6HkvMts1rTmeiw0',NULL,'216.180.246.37','\'Mozilla/5.0 (compatible; GenomeCrawlerd/1.0; +https://www.nokia.com/genomecrawler)\'','YTozOntzOjY6Il90b2tlbiI7czo0MDoiSFVEanBpaFhhVVVYWmd0eThXUUlJeGVnQ0N2NmJkdEJNSjBQTnV6TSI7czo5OiJfcHJldmlvdXMiO2E6MTp7czozOiJ1cmwiO3M6MjI6Imh0dHBzOi8vMTY0LjkyLjI0NC4xOTIiO31zOjY6Il9mbGFzaCI7YToyOntzOjM6Im9sZCI7YTowOnt9czozOiJuZXciO2E6MDp7fX19',1767463060),
('pB78jhf46nssBFFBqX4Ox5Ay5pHnQTxc21Nt9jg9',NULL,'43.153.10.83','Mozilla/5.0 (iPhone; CPU iPhone OS 13_2_3 like Mac OS X) AppleWebKit/605.1.15 (KHTML, like Gecko) Version/13.0.3 Mobile/15E148 Safari/604.1','YTozOntzOjY6Il90b2tlbiI7czo0MDoidzA4NVE0U3c3WThYd2U2MFZ2aEdQTVdUWEh0NjQwc3RWY3N3QlUzRCI7czo5OiJfcHJldmlvdXMiO2E6MTp7czozOiJ1cmwiO3M6Mjg6Imh0dHBzOi8vMTY0LjkyLjI0NC4xOTIvbG9naW4iO31zOjY6Il9mbGFzaCI7YToyOntzOjM6Im9sZCI7YTowOnt9czozOiJuZXciO2E6MDp7fX19',1767005739),
('pB7gKz5aLwkNN2d7rDqcUQPzHK3gcxTiebrcYDzW',NULL,'195.184.76.212','Mozilla/5.0 (X11; Ubuntu; Linux x86_64; rv:134.0) Gecko/20100101 Firefox/134.0','YTozOntzOjY6Il90b2tlbiI7czo0MDoiWUxRMmJ4cnRLa2ptUnhHY2VSVU1QckVOS3J4RnpSNnJwM3pOaXlhciI7czo5OiJfcHJldmlvdXMiO2E6MTp7czozOiJ1cmwiO3M6MjI6Imh0dHBzOi8vMTY0LjkyLjI0NC4xOTIiO31zOjY6Il9mbGFzaCI7YToyOntzOjM6Im9sZCI7YTowOnt9czozOiJuZXciO2E6MDp7fX19',1766975930),
('PBeYl0SUlgev2Svr07V7SB3cc4hSXAyEn2yaTSoa',NULL,'66.132.153.126','Mozilla/5.0 (compatible; CensysInspect/1.1; +https://about.censys.io/)','YTozOntzOjY6Il90b2tlbiI7czo0MDoiWGV6cG1nSThabTNPQzVzNDB4emVWRWY0eVhDaUU0cEloSzdMRXQxaCI7czo5OiJfcHJldmlvdXMiO2E6MTp7czozOiJ1cmwiO3M6Mjg6Imh0dHBzOi8vMTY0LjkyLjI0NC4xOTIvbG9naW4iO31zOjY6Il9mbGFzaCI7YToyOntzOjM6Im9sZCI7YTowOnt9czozOiJuZXciO2E6MDp7fX19',1767563647),
('pbhVfVTKpgDAJB5bKIOXIFQYPe3XZfSzjY8XHHbU',NULL,'92.63.197.50','Mozilla/5.0 (Windows NT 10.0; Win64; x64) AppleWebKit/537.36 (KHTML, like Gecko) Chrome/140.0.0.0 Safari/537.36','YTozOntzOjY6Il90b2tlbiI7czo0MDoibFhCMWMzb2Q5Y2ZGVjUzVXdVdWNYVHhkdE4zU3Y3WGFnWmlMVGI1TiI7czo5OiJfcHJldmlvdXMiO2E6MTp7czozOiJ1cmwiO3M6MjI6Imh0dHBzOi8vMTY0LjkyLjI0NC4xOTIiO31zOjY6Il9mbGFzaCI7YToyOntzOjM6Im9sZCI7YTowOnt9czozOiJuZXciO2E6MDp7fX19',1766813263),
('PBnzECKMK3hYl9pYWowzpkONfA8u5DIwGsN4YT6n',NULL,'107.172.195.178','Mozilla/5.0 (Macintosh; Intel Mac OS X 10_15_7) AppleWebKit/537.36 (KHTML, like Gecko) Chrome/116.0.0.0 Safari/537.36','YTozOntzOjY6Il90b2tlbiI7czo0MDoiejRmVXZEN2ptNXZPcm5QYVVwVThEVVQ2MlV5bVRodmpkS3R4VHJNdyI7czo5OiJfcHJldmlvdXMiO2E6MTp7czozOiJ1cmwiO3M6Mjg6Imh0dHBzOi8vZWhrYW0uYWJ1a2hhbGlsLnNpdGUiO31zOjY6Il9mbGFzaCI7YToyOntzOjM6Im9sZCI7YTowOnt9czozOiJuZXciO2E6MDp7fX19',1766849585),
('pc3URgSTzWt93EDjbtyavfnio446o0gTv7kHx9Ua',NULL,'103.124.109.94','Mozilla/5.0 (Windows NT 10.0; Win64; x64) AppleWebKit/537.36 (KHTML, like Gecko) Chrome/120.0.0.0 Safari/537.36','YTozOntzOjY6Il90b2tlbiI7czo0MDoiVjZSOG9KSTRCS09BcWlXOWd0RzBKMWwwMUNUMlpsVDRhNGN4dWxnYyI7czo5OiJfcHJldmlvdXMiO2E6MTp7czozOiJ1cmwiO3M6MjI6Imh0dHBzOi8vMTY0LjkyLjI0NC4xOTIiO31zOjY6Il9mbGFzaCI7YToyOntzOjM6Im9sZCI7YTowOnt9czozOiJuZXciO2E6MDp7fX19',1768577585),
('pcTc31QGm2sBVTonXWRRA4knJQmLJHgAj0HEok9U',NULL,'205.169.39.144','Mozilla/5.0 (Windows NT 6.1; Win64; x64) AppleWebKit/537.36 (KHTML, like Gecko) Chrome/83.0.4103.61 Safari/537.36','YTozOntzOjY6Il90b2tlbiI7czo0MDoiQklqTGZtOGgwNEQ3a2IxY3c1U0hWb09QUnJSRm8wQlRaaVdkeFVqTSI7czo5OiJfcHJldmlvdXMiO2E6MTp7czozOiJ1cmwiO3M6Mjg6Imh0dHBzOi8vZWhrYW0uYWJ1a2hhbGlsLnNpdGUiO31zOjY6Il9mbGFzaCI7YToyOntzOjM6Im9sZCI7YTowOnt9czozOiJuZXciO2E6MDp7fX19',1766784043),
('PDai4r4I3KOyB2Z4z9dO2tkfnmvU6UIefdhUeuXV',NULL,'85.217.140.11','Mozilla/5.0 (compatible; ModatScanner/1.2; +https://modat.io/)','YTozOntzOjY6Il90b2tlbiI7czo0MDoiaHdCdkpldEpHdm1Pb0ROZDc0ODUxQTFoTG45UkRKOTRRMTVVY2k0MCI7czo5OiJfcHJldmlvdXMiO2E6MTp7czozOiJ1cmwiO3M6MjI6Imh0dHBzOi8vMTY0LjkyLjI0NC4xOTIiO31zOjY6Il9mbGFzaCI7YToyOntzOjM6Im9sZCI7YTowOnt9czozOiJuZXciO2E6MDp7fX19',1768814024),
('Pee9S3ScHdaLjFU0TFnVY0pOCXNOgs2r2vjZgEUL',NULL,'43.130.228.73','Mozilla/5.0 (iPhone; CPU iPhone OS 13_2_3 like Mac OS X) AppleWebKit/605.1.15 (KHTML, like Gecko) Version/13.0.3 Mobile/15E148 Safari/604.1','YTozOntzOjY6Il90b2tlbiI7czo0MDoiWklVTThuY05GdDRHeWdpN3JqTXNoMWNCV2FQbmJpbXVNTUxmdlh2SiI7czo5OiJfcHJldmlvdXMiO2E6MTp7czozOiJ1cmwiO3M6NTE6Imh0dHBzOi8vMTY0LjkyLjI0NC4xOTIvd29ya3Nob3dfYXR0ZW5kYW5jZV9yZWdpc3RlciI7fXM6NjoiX2ZsYXNoIjthOjI6e3M6Mzoib2xkIjthOjA6e31zOjM6Im5ldyI7YTowOnt9fX0=',1767547755),
('PfGMFK8o0PAWcXvOTChn0fWQRURXKl6muVwjAlcs',NULL,'71.6.199.65','Mozilla/5.0 zgrab/0.x','YTozOntzOjY6Il90b2tlbiI7czo0MDoicjdDTWRMMjV2MFVreVcxUlIzUzF0UHJJNmRvTm1GeElqVFpXR00wbyI7czo5OiJfcHJldmlvdXMiO2E6MTp7czozOiJ1cmwiO3M6MjI6Imh0dHBzOi8vMTY0LjkyLjI0NC4xOTIiO31zOjY6Il9mbGFzaCI7YToyOntzOjM6Im9sZCI7YTowOnt9czozOiJuZXciO2E6MDp7fX19',1768549510),
('pFkccpYyPMYjuyGNw4jBzmLPgnfz5ByAgGZ1aSyC',NULL,'111.243.118.180','python-requests/2.32.5','YTozOntzOjY6Il90b2tlbiI7czo0MDoieFJTTzY4NDg3WUYyMFRobTczZDZucGNtaU5BV3hBR2Z3bElrYzFLNSI7czo5OiJfcHJldmlvdXMiO2E6MTp7czozOiJ1cmwiO3M6MjI6Imh0dHBzOi8vYWJ1a2hhbGlsLnNpdGUiO31zOjY6Il9mbGFzaCI7YToyOntzOjM6Im9sZCI7YTowOnt9czozOiJuZXciO2E6MDp7fX19',1766795872),
('Pfu0mlJElhmy0DMFhbBrbhymlTLlWNiT2kZOvt2T',NULL,'188.66.225.211','WhatsApp/2.23.20.0','YTozOntzOjY6Il90b2tlbiI7czo0MDoiVzh1V0R5QnZDUGp1ZHpSSGpHeERvaHhuTHhTaGk5THZ5QzlSQTJoeCI7czo5OiJfcHJldmlvdXMiO2E6MTp7czozOiJ1cmwiO3M6MzQ6Imh0dHBzOi8vZWhrYW0uYWJ1a2hhbGlsLnNpdGUvbG9naW4iO31zOjY6Il9mbGFzaCI7YToyOntzOjM6Im9sZCI7YTowOnt9czozOiJuZXciO2E6MDp7fX19',1766905734),
('Phw7SoVeu7xiRIIKOFxSTf7cy6lpmnFCScc0tFmW',NULL,'96.126.106.7','','YTozOntzOjY6Il90b2tlbiI7czo0MDoiT1lNMnMxTjZwdXZVMEFRS3RDeUN4SDJzZEFINURpYWtkT2ZPcEhJbiI7czo5OiJfcHJldmlvdXMiO2E6MTp7czozOiJ1cmwiO3M6Mjg6Imh0dHBzOi8vZWhrYW0uYWJ1a2hhbGlsLnNpdGUiO31zOjY6Il9mbGFzaCI7YToyOntzOjM6Im9sZCI7YTowOnt9czozOiJuZXciO2E6MDp7fX19',1768732293),
('pJulTOWPxtRB8L531pi5TTS7GwVxUVDO4FJ21IpA',NULL,'203.161.30.164','Mozilla/5.0 (Macintosh; Intel Mac OS X 10_15_7) AppleWebKit/605.1.15 (KHTML, like Gecko) Version/17.2 Safari/605.1.15','YTozOntzOjY6Il90b2tlbiI7czo0MDoicmtTQ2VUZFRkdTZwNzRjYVlGWVFSczFWcWY4OHhmekh3Z0JLdFhQWCI7czo5OiJfcHJldmlvdXMiO2E6MTp7czozOiJ1cmwiO3M6MjI6Imh0dHBzOi8vMTY0LjkyLjI0NC4xOTIiO31zOjY6Il9mbGFzaCI7YToyOntzOjM6Im9sZCI7YTowOnt9czozOiJuZXciO2E6MDp7fX19',1767751429),
('pkWWypdzmaHB8nGdB8pTTY0lyNV4AaH8nuIEdI6z',NULL,'79.124.40.174','Mozilla/5.0 (Windows NT 10.0; Win64; x64) AppleWebKit/537.36 (KHTML, like Gecko) Chrome/78.0.3904.108 Safari/537.36','YTozOntzOjY6Il90b2tlbiI7czo0MDoiR1FnYjRWRFY2WVlSTkF2R00xRXFDaFA0M2hNNlBMaHlVbWx4Q2JKRyI7czo5OiJfcHJldmlvdXMiO2E6MTp7czozOiJ1cmwiO3M6MjI6Imh0dHBzOi8vMTY0LjkyLjI0NC4xOTIiO31zOjY6Il9mbGFzaCI7YToyOntzOjM6Im9sZCI7YTowOnt9czozOiJuZXciO2E6MDp7fX19',1766788304),
('pLkEry6gDlt2UpoBzHJJk4w5KuGMJqDcOpuyr3M2',NULL,'217.24.232.63','','YTozOntzOjY6Il90b2tlbiI7czo0MDoiakc0VWprYUlzVFZMVEkzQW56TmtJdlM5Uks2eEZXMVhORElaRnp1VSI7czo5OiJfcHJldmlvdXMiO2E6MTp7czozOiJ1cmwiO3M6MjI6Imh0dHBzOi8vMTY0LjkyLjI0NC4xOTIiO31zOjY6Il9mbGFzaCI7YToyOntzOjM6Im9sZCI7YTowOnt9czozOiJuZXciO2E6MDp7fX19',1767915610),
('PMa79s3RKt5W5V2au5VUmlpvi3SLNascaDyaG5Ru',NULL,'149.57.180.22','Mozilla/5.0 (X11; Linux i686; rv:109.0) Gecko/20100101 Firefox/120.0','YTozOntzOjY6Il90b2tlbiI7czo0MDoiU2M4Qm5ZYW5Ea0k2S25NZmcwUEhEOTJHM3dQUmdyTVJIUUo3OEZYcyI7czo5OiJfcHJldmlvdXMiO2E6MTp7czozOiJ1cmwiO3M6MjI6Imh0dHBzOi8vYWJ1a2hhbGlsLnNpdGUiO31zOjY6Il9mbGFzaCI7YToyOntzOjM6Im9sZCI7YTowOnt9czozOiJuZXciO2E6MDp7fX19',1766932620),
('Pmme9VAKyyz8Kj6f09rub30FKknb5BqaXwkkUM6x',NULL,'212.146.177.93','WhatsApp/2.23.20.0','YTozOntzOjY6Il90b2tlbiI7czo0MDoiRnhEQ3l1S0ltUFpEM2ZES2hTc1B2U0FLSUNDRURHRE1raWFRTnhhcSI7czo5OiJfcHJldmlvdXMiO2E6MTp7czozOiJ1cmwiO3M6NzI6Imh0dHBzOi8vZWhrYW0uYWJ1a2hhbGlsLnNpdGUvc3dvdC9ib2FyZC8wbXhGaVlrM25ETUszZEVSblN2TEQ2SzZ0UG9wMFdRUSI7fXM6NjoiX2ZsYXNoIjthOjI6e3M6Mzoib2xkIjthOjA6e31zOjM6Im5ldyI7YTowOnt9fX0=',1767594866),
('Pn57zNOmpISQh3399QyOUGA1AwRn95UGYVwsXJiG',NULL,'185.10.68.229','Mozilla/5.0 (compatible; CensysInspect/1.1; +https://about.censys.io/)','YTozOntzOjY6Il90b2tlbiI7czo0MDoiYnc4OHBtMThKeFdvczJjNEVBUzdlbzVzRU44djlweW9QZUZyOHRXOCI7czo5OiJfcHJldmlvdXMiO2E6MTp7czozOiJ1cmwiO3M6MjI6Imh0dHBzOi8vMTY0LjkyLjI0NC4xOTIiO31zOjY6Il9mbGFzaCI7YToyOntzOjM6Im9sZCI7YTowOnt9czozOiJuZXciO2E6MDp7fX19',1767903704),
('pnBgRhSCxZlUQk3AWPPxTkRNhshr2NsjFS2TrxiZ',NULL,'92.63.197.50','Mozilla/5.0 (Windows NT 10.0; Win64; x64) AppleWebKit/537.36 (KHTML, like Gecko) Chrome/140.0.0.0 Safari/537.36','YTozOntzOjY6Il90b2tlbiI7czo0MDoiRWRrZFFpa2lLRTYza3IxcVdQQjhtZ0VZb1FtVVhMTkk5VkVZT2ZlcSI7czo5OiJfcHJldmlvdXMiO2E6MTp7czozOiJ1cmwiO3M6MjI6Imh0dHBzOi8vMTY0LjkyLjI0NC4xOTIiO31zOjY6Il9mbGFzaCI7YToyOntzOjM6Im9sZCI7YTowOnt9czozOiJuZXciO2E6MDp7fX19',1767086459),
('PnXWVwYWsB5wrSAjPlfZzOrZ4pVPWN94VRXQjUqm',NULL,'89.147.136.198','WhatsApp/2.23.20.0','YTo0OntzOjY6Il90b2tlbiI7czo0MDoiMWJRdkY3bHp2UmpEeFplSWZDbW9RZGN3bjhLYXlESmpZTzhFUlI0bCI7czozOiJ1cmwiO2E6MTp7czo4OiJpbnRlbmRlZCI7czo0MzoiaHR0cHM6Ly9laGthbS5hYnVraGFsaWwuYXBwL3F1ZXN0aW9uX3Jlc3VsdCI7fXM6OToiX3ByZXZpb3VzIjthOjE6e3M6MzoidXJsIjtzOjQzOiJodHRwczovL2Voa2FtLmFidWtoYWxpbC5hcHAvcXVlc3Rpb25fcmVzdWx0Ijt9czo2OiJfZmxhc2giO2E6Mjp7czozOiJvbGQiO2E6MDp7fXM6MzoibmV3IjthOjA6e319fQ==',1766422928),
('PoAzvsqSIF772oOQeo9A6EP2sVXrtbc3x4s7HJ7A',NULL,'165.154.182.92','curl/7.29.0','YTozOntzOjY6Il90b2tlbiI7czo0MDoiZ1NDaXJTakZ6eGZSaTZRNjlsNERJelRtN2k1NFhCRVluNXFBdHQ4eSI7czo5OiJfcHJldmlvdXMiO2E6MTp7czozOiJ1cmwiO3M6Mjg6Imh0dHBzOi8vZWhrYW0uYWJ1a2hhbGlsLnNpdGUiO31zOjY6Il9mbGFzaCI7YToyOntzOjM6Im9sZCI7YTowOnt9czozOiJuZXciO2E6MDp7fX19',1767734526),
('pOuQpTLEBGg8PsVhHnp8azbzirNfj2ddWO4dvnP3',NULL,'103.203.59.1','HTTP Banner Detection (https://security.ipip.net)','YTozOntzOjY6Il90b2tlbiI7czo0MDoiOHdLMXlDbnlWNE1OMGRMYTc0T0wyMDNhbEZna0lWbzVHWjFaUUlTbSI7czo5OiJfcHJldmlvdXMiO2E6MTp7czozOiJ1cmwiO3M6MjI6Imh0dHBzOi8vMTY0LjkyLjI0NC4xOTIiO31zOjY6Il9mbGFzaCI7YToyOntzOjM6Im9sZCI7YTowOnt9czozOiJuZXciO2E6MDp7fX19',1768836886),
('PoVce6sD37wtqS5fccTiZDj3yiw2GBy190Qilq1p',NULL,'205.210.31.174','','YTozOntzOjY6Il90b2tlbiI7czo0MDoiNUV4eWplR3hIUXdGdWdSUjlIZ1lWdDFld242Z2lQR3l3RjNob2d2eSI7czo5OiJfcHJldmlvdXMiO2E6MTp7czozOiJ1cmwiO3M6MzM6Imh0dHBzOi8vMTY0LTkyLTI0NC0xOTIucGxlc2sucGFnZSI7fXM6NjoiX2ZsYXNoIjthOjI6e3M6Mzoib2xkIjthOjA6e31zOjM6Im5ldyI7YTowOnt9fX0=',1767574974),
('ppwkTf0Qm65q3xSpvxwfdNQGzbz7CdSVBmZ09YOm',NULL,'162.216.150.101','Hello from Palo Alto Networks, find out more about our scans in https://docs-cortex.paloaltonetworks.com/r/1/Cortex-Xpanse/Scanning-activity','YTozOntzOjY6Il90b2tlbiI7czo0MDoidE9zVHVZamduVlBRNkx0THMyYWZIWGtsREdJM0Z3MlJwc3NPMnlJSCI7czo5OiJfcHJldmlvdXMiO2E6MTp7czozOiJ1cmwiO3M6MjI6Imh0dHBzOi8vMTY0LjkyLjI0NC4xOTIiO31zOjY6Il9mbGFzaCI7YToyOntzOjM6Im9sZCI7YTowOnt9czozOiJuZXciO2E6MDp7fX19',1767826621),
('pQ29f5NkYfCcAeR9Uk63cCXZPZBUeg2Ga7Wp4EY8',NULL,'5.189.130.33','Mozilla/5.0 (Macintosh; Intel Mac OS X 10_15_7) AppleWebKit/605.1.15 (KHTML, like Gecko) Version/18.0 Safari/605.1.15','YTozOntzOjY6Il90b2tlbiI7czo0MDoiZG1oWmQ5QnhTU3lWakozTERRcjZwOHpWdVc5ZEhLTUFqYWhaY1JUUiI7czo5OiJfcHJldmlvdXMiO2E6MTp7czozOiJ1cmwiO3M6MjI6Imh0dHBzOi8vMTY0LjkyLjI0NC4xOTIiO31zOjY6Il9mbGFzaCI7YToyOntzOjM6Im9sZCI7YTowOnt9czozOiJuZXciO2E6MDp7fX19',1768301418),
('pqPlUL6ufnT9FKpFOVuHfB7jqUgUJyJE37jdAMSy',NULL,'172.235.168.35','','YTozOntzOjY6Il90b2tlbiI7czo0MDoidnFkSjJGMENRTGxIOUlZb2RmOFJrUU15aGlHbWxIYllkN2pVZEhIcyI7czo5OiJfcHJldmlvdXMiO2E6MTp7czozOiJ1cmwiO3M6MjI6Imh0dHBzOi8vMTY0LjkyLjI0NC4xOTIiO31zOjY6Il9mbGFzaCI7YToyOntzOjM6Im9sZCI7YTowOnt9czozOiJuZXciO2E6MDp7fX19',1767355984),
('PSCBniYmPkwRIn7mNldK7O2AXi2Vk8xwQdtbb4H8',NULL,'89.147.136.198','Mozilla/5.0 (Linux; Android 10; K) AppleWebKit/537.36 (KHTML, like Gecko) Chrome/143.0.0.0 Mobile Safari/537.36','YTozOntzOjY6Il90b2tlbiI7czo0MDoiRFlhVzB6WlRYc0NYdTMyRnpWaGJGOGU2bWRhbEY5VTdUNzVZc1hQbSI7czo5OiJfcHJldmlvdXMiO2E6MTp7czozOiJ1cmwiO3M6NDI6Imh0dHBzOi8vYWJ1a2hhbGlsLnNpdGUvY29tcGV0ZS9qb2luL0E2VzhQUSI7fXM6NjoiX2ZsYXNoIjthOjI6e3M6Mzoib2xkIjthOjA6e31zOjM6Im5ldyI7YTowOnt9fX0=',1766955555),
('PSGjEeHHgjTwTIEaTnHDkOTo7IidQyoprmdmtHl3',NULL,'87.121.84.44','Mozilla/5.0 (X11; Linux x86_64; rv:140.0) Gecko/20100101 Firefox/140.0','YTozOntzOjY6Il90b2tlbiI7czo0MDoiYTB2eUtYNWZrbGxhSDYyY2NSemUzV2RkN1h2bmYzWlNVOFdNbjZ3NCI7czo5OiJfcHJldmlvdXMiO2E6MTp7czozOiJ1cmwiO3M6MjI6Imh0dHBzOi8vMTY0LjkyLjI0NC4xOTIiO31zOjY6Il9mbGFzaCI7YToyOntzOjM6Im9sZCI7YTowOnt9czozOiJuZXciO2E6MDp7fX19',1767052600),
('pTfiTYUTtSRgMNsFKNu7OWIuUVhnrV5f2sqVxcuM',NULL,'92.63.197.50','Mozilla/5.0 (Windows NT 10.0; Win64; x64) AppleWebKit/537.36 (KHTML, like Gecko) Chrome/140.0.0.0 Safari/537.36','YTozOntzOjY6Il90b2tlbiI7czo0MDoiWkNNOTNSQkllU1poWjNFS1k1dzFvSG1IUTRYQjU1QzQ4ZVRWQ0JvMyI7czo5OiJfcHJldmlvdXMiO2E6MTp7czozOiJ1cmwiO3M6MjI6Imh0dHBzOi8vMTY0LjkyLjI0NC4xOTIiO31zOjY6Il9mbGFzaCI7YToyOntzOjM6Im9sZCI7YTowOnt9czozOiJuZXciO2E6MDp7fX19',1767630746),
('Pu1uvId9F5CsiY8QCgcyzDidi8JUEvTznCAuX6aB',NULL,'79.124.40.174','Mozilla/5.0 (Windows NT 10.0; Win64; x64) AppleWebKit/537.36 (KHTML, like Gecko) Chrome/78.0.3904.108 Safari/537.36','YTozOntzOjY6Il90b2tlbiI7czo0MDoidlhyekprNEg2eFJFWjJxS3B2R0N4eldOODlrZzBXNnBNdVZsSDNORSI7czo5OiJfcHJldmlvdXMiO2E6MTp7czozOiJ1cmwiO3M6NTM6Imh0dHBzOi8vMTY0LjkyLjI0NC4xOTIvP1hERUJVR19TRVNTSU9OX1NUQVJUPXBocHN0b3JtIjt9czo2OiJfZmxhc2giO2E6Mjp7czozOiJvbGQiO2E6MDp7fXM6MzoibmV3IjthOjA6e319fQ==',1767697823),
('PW0M1YFSmDSKak2AUWvAfY3lQpsSe7c1M2Ip26y9',NULL,'3.143.33.63','cypex.ai/scanning Mozilla/5.0 (Macintosh; Intel Mac OS X 10_15_7) Chrome/126.0.0.0 Safari/537.36','YTozOntzOjY6Il90b2tlbiI7czo0MDoiRTU3U3hmekU4S2EzOFo4R3VtNEpIblRuVEt5TGtNQVFTbjV0YkpxbyI7czo5OiJfcHJldmlvdXMiO2E6MTp7czozOiJ1cmwiO3M6MjI6Imh0dHBzOi8vMTY0LjkyLjI0NC4xOTIiO31zOjY6Il9mbGFzaCI7YToyOntzOjM6Im9sZCI7YTowOnt9czozOiJuZXciO2E6MDp7fX19',1766983588),
('PYgzPmmWyvnRIMBLS8vca94lmRcDSjV6rTV4qQhg',NULL,'216.73.216.173','Mozilla/5.0 AppleWebKit/537.36 (KHTML, like Gecko; compatible; ClaudeBot/1.0; +claudebot@anthropic.com)','YTozOntzOjY6Il90b2tlbiI7czo0MDoiak5CUmQ1QlAwSFBicUhScVVqYjk3WXFEOHc0WDJmOFhvVW83ZkloTyI7czo5OiJfcHJldmlvdXMiO2E6MTp7czozOiJ1cmwiO3M6NTc6Imh0dHBzOi8vZWhrYW0uYWJ1a2hhbGlsLnNpdGUvd29ya3Nob3dfYXR0ZW5kYW5jZV9yZWdpc3RlciI7fXM6NjoiX2ZsYXNoIjthOjI6e3M6Mzoib2xkIjthOjA6e31zOjM6Im5ldyI7YTowOnt9fX0=',1766799234),
('Q1xzp1KTb82nj1pMlI0IWQHMwKhFg07JmNv4vxsY',NULL,'34.221.21.250','Mozilla/5.0 (X11; Linux i686; rv:124.0) Gecko/20100101 Firefox/124.0','YTozOntzOjY6Il90b2tlbiI7czo0MDoieUVOajIwMTBiUDNORXpGV2NCaks1bTJxS1RHY3hlQzlPaDJwUHVYcyI7czo5OiJfcHJldmlvdXMiO2E6MTp7czozOiJ1cmwiO3M6Mjg6Imh0dHBzOi8vZWhrYW0uYWJ1a2hhbGlsLnNpdGUiO31zOjY6Il9mbGFzaCI7YToyOntzOjM6Im9sZCI7YTowOnt9czozOiJuZXciO2E6MDp7fX19',1767345778),
('q2pbbGaw2rg3Eoi1tEzkGMKLtOzgxy61hvwEkoSE',NULL,'204.76.203.25','Mozilla/5.0 (Windows NT 10.0; Win64; x64) AppleWebKit/537.36 (KHTML, like Gecko) Chrome/134.0.0.0 Safari/537.3','YTozOntzOjY6Il90b2tlbiI7czo0MDoiYUh6Y2luclE4RWlNSE80dlRPUno2bEpyaVljR2VYWkxLU2dRbU9lWSI7czo5OiJfcHJldmlvdXMiO2E6MTp7czozOiJ1cmwiO3M6Mjg6Imh0dHBzOi8vZWhrYW0uYWJ1a2hhbGlsLnNpdGUiO31zOjY6Il9mbGFzaCI7YToyOntzOjM6Im9sZCI7YTowOnt9czozOiJuZXciO2E6MDp7fX19',1767508267),
('Q2QlJffVOhIsjkcBkG67ks1xA12523W6elSIPOXj',NULL,'171.37.47.176','Mozilla/5.0 (Windows NT 6.1) AppleWebKit/537.36 (KHTML, like Gecko) Chrome/49.0.2623.112 Safari/537.36','YTozOntzOjY6Il90b2tlbiI7czo0MDoiV2VjUFRsM2N3Wk9uSTNNY1Q1bzZ5RExJQ2QwZ2dJMmowNnZwWTM0VyI7czo5OiJfcHJldmlvdXMiO2E6MTp7czozOiJ1cmwiO3M6Mjg6Imh0dHBzOi8vZWhrYW0uYWJ1a2hhbGlsLnNpdGUiO31zOjY6Il9mbGFzaCI7YToyOntzOjM6Im9sZCI7YTowOnt9czozOiJuZXciO2E6MDp7fX19',1767831938),
('q3N9Ls4hfWwEGSlYiJHO93Y9elyQInBOsyFLYdrA',NULL,'123.58.196.49','Mozilla/5.0 (Macintosh; Intel Mac OS X 10_15_7) AppleWebKit/537.36 (KHTML, like Gecko) Chrome/120.0.0.0 Safari/537.36 Edg/120.0.0.0','YTozOntzOjY6Il90b2tlbiI7czo0MDoiTnNaS2xSUmpsUDVBNGZlNHp0VE84NkdFNU9uSTU1YnpVYmVMRGtGbSI7czo5OiJfcHJldmlvdXMiO2E6MTp7czozOiJ1cmwiO3M6MjI6Imh0dHBzOi8vMTY0LjkyLjI0NC4xOTIiO31zOjY6Il9mbGFzaCI7YToyOntzOjM6Im9sZCI7YTowOnt9czozOiJuZXciO2E6MDp7fX19',1766862298),
('q4suviVTcZZ6RFdwu3u64yn6DLn8vLNU1wbNTn80',NULL,'179.43.191.19','Mozilla/5.0 (Windows NT 10.0; Win64; x64; rv:137.0) Gecko/20100101 Firefox/137.0','YTozOntzOjY6Il90b2tlbiI7czo0MDoiTUw3UXJ6QW5LUFNGdTdlcXNuNVpwaUFndnpXemUzTFU2ZEdiSzA0YSI7czo5OiJfcHJldmlvdXMiO2E6MTp7czozOiJ1cmwiO3M6MjM6Imh0dHBzOi8vaGlsYXJpb25iZXQub3JnIjt9czo2OiJfZmxhc2giO2E6Mjp7czozOiJvbGQiO2E6MDp7fXM6MzoibmV3IjthOjA6e319fQ==',1767366182),
('Q51alP1luv6Xx48D8CGUR46DRLK2wZR3zPV6YE7m',NULL,'89.147.136.198','WhatsApp/2.23.20.0','YTozOntzOjY6Il90b2tlbiI7czo0MDoiVmNObmdCQ1NhOEdYYTJMQlR1Q2J2bUdVS2JVV1g1ZDJUU3BZaDhjMyI7czo5OiJfcHJldmlvdXMiO2E6MTp7czozOiJ1cmwiO3M6MzQ6Imh0dHBzOi8vZWhrYW0uYWJ1a2hhbGlsLnNpdGUvbG9naW4iO31zOjY6Il9mbGFzaCI7YToyOntzOjM6Im9sZCI7YTowOnt9czozOiJuZXciO2E6MDp7fX19',1767166476),
('q6blnZzC1RDlccvo3fnuJ3TduxJPb6m01112OV52',NULL,'118.81.85.145','Mozilla/5.0 (Windows NT 6.1) AppleWebKit/537.36 (KHTML, like Gecko) Chrome/49.0.2623.112 Safari/537.36','YTozOntzOjY6Il90b2tlbiI7czo0MDoibnJadDNLdWVNT1NsNmFRUUt4ZkNIVG1Ld2NwV05JSEl3UHVsVkxFOCI7czo5OiJfcHJldmlvdXMiO2E6MTp7czozOiJ1cmwiO3M6Mjg6Imh0dHBzOi8vZWhrYW0uYWJ1a2hhbGlsLnNpdGUiO31zOjY6Il9mbGFzaCI7YToyOntzOjM6Im9sZCI7YTowOnt9czozOiJuZXciO2E6MDp7fX19',1767831988),
('q6ZtQZY8vmBWtFqHe2kwbf4BOTPplnbs0uxbfXR2',NULL,'178.142.74.184','','YTozOntzOjY6Il90b2tlbiI7czo0MDoiNTd2YzZySzIzMnROWWdJWENZTHpCSDJ2bFdFV2U3bkdCZ2d3VDM3eiI7czo5OiJfcHJldmlvdXMiO2E6MTp7czozOiJ1cmwiO3M6MjI6Imh0dHBzOi8vMTY0LjkyLjI0NC4xOTIiO31zOjY6Il9mbGFzaCI7YToyOntzOjM6Im9sZCI7YTowOnt9czozOiJuZXciO2E6MDp7fX19',1768547323),
('q7qKIf7NkUrb8qCT9KrTAAP16lcwblAJFqxQ1guH',NULL,'3.137.73.221','cypex.ai/scanning Mozilla/5.0 (Macintosh; Intel Mac OS X 10_15_7) Chrome/126.0.0.0 Safari/537.36','YTozOntzOjY6Il90b2tlbiI7czo0MDoiQ29LZ2VaQlV1dmxIRVlUNmlvcTdQcXhDclZDbDdyVG5RcTBPQllxaCI7czo5OiJfcHJldmlvdXMiO2E6MTp7czozOiJ1cmwiO3M6MjI6Imh0dHBzOi8vMTY0LjkyLjI0NC4xOTIiO31zOjY6Il9mbGFzaCI7YToyOntzOjM6Im9sZCI7YTowOnt9czozOiJuZXciO2E6MDp7fX19',1767247675),
('qAQJQDEOlrKT997VmiSXYU2EfUNGEvwhNVcxGDll',NULL,'212.146.178.200','Mozilla/5.0 (iPhone; CPU iPhone OS 18_1_1 like Mac OS X) AppleWebKit/605.1.15 (KHTML, like Gecko) Version/18.1.1 Mobile/15E148 Safari/604.1','YTo0OntzOjY6Il90b2tlbiI7czo0MDoiV3U5N2RpcFY5VDZQcXppTDF6cTNjelRFYWM1c2taWDJaSTI3d09TTSI7czo5OiJfcHJldmlvdXMiO2E6MTp7czozOiJ1cmwiO3M6Nzg6Imh0dHBzOi8vZWhrYW0uYWJ1a2hhbGlsLnNpdGUvc3dvdC9ib2FyZC8wbXhGaVlrM25ETUszZEVSblN2TEQ2SzZ0UG9wMFdRUS9pdGVtcyI7fXM6NjoiX2ZsYXNoIjthOjI6e3M6Mzoib2xkIjthOjA6e31zOjM6Im5ldyI7YTowOnt9fXM6MTg6InN3b3RfcGFydGljaXBhbnRfNSI7YTozOntzOjQ6Im5hbWUiO3M6ODoi2K3ZhdmK2K8iO3M6MjoiaXAiO3M6MTU6IjIxMi4xNDYuMTc4LjIwMCI7czoxMDoic2Vzc2lvbl9pZCI7czo0MDoicUFRSlFERU9scktUOTk3Vm1pU1hZVTJFZlVOR0V2d2hOVmN4R0RsbCI7fX0=',1767596857),
('QayTJ2Iw8fwpmf1xGBfsyyGeABO46jonzRQ7ynZ5',NULL,'59.52.37.242','Mozilla/5.0 (Windows NT 6.1) AppleWebKit/537.36 (KHTML, like Gecko) Chrome/49.0.2623.112 Safari/537.36','YTozOntzOjY6Il90b2tlbiI7czo0MDoiSGViUGpwU2w1bnNmYUpjd3Vxa0w2NXRkZFI3UjNLR2NiWWlVRVFqciI7czo5OiJfcHJldmlvdXMiO2E6MTp7czozOiJ1cmwiO3M6Mjg6Imh0dHBzOi8vZWhrYW0uYWJ1a2hhbGlsLnNpdGUiO31zOjY6Il9mbGFzaCI7YToyOntzOjM6Im9sZCI7YTowOnt9czozOiJuZXciO2E6MDp7fX19',1767831886),
('QB1VnA26odBmEMdCvvntcmTQQx1v5mTk38qc9zaw',NULL,'172.235.235.248','','YTozOntzOjY6Il90b2tlbiI7czo0MDoicVdwcHpkaERnakx6UFlYN25SSHY0cDZIZkVXNTUwaXd5OFR6MDNRZiI7czo5OiJfcHJldmlvdXMiO2E6MTp7czozOiJ1cmwiO3M6Mjg6Imh0dHBzOi8vZWhrYW0uYWJ1a2hhbGlsLnNpdGUiO31zOjY6Il9mbGFzaCI7YToyOntzOjM6Im9sZCI7YTowOnt9czozOiJuZXciO2E6MDp7fX19',1767500415),
('QCTUBOkPTovlPBFRqT9EEdRxoFhgvOu7Zj7UbMzv',NULL,'34.22.151.143','python-requests/2.32.5','YTozOntzOjY6Il90b2tlbiI7czo0MDoidHROeVhPSkFFeUFrR0JYZTNpdTlJd2UzenpQc0t3SGlVSUM4YUtyVSI7czo5OiJfcHJldmlvdXMiO2E6MTp7czozOiJ1cmwiO3M6MjI6Imh0dHBzOi8vMTY0LjkyLjI0NC4xOTIiO31zOjY6Il9mbGFzaCI7YToyOntzOjM6Im9sZCI7YTowOnt9czozOiJuZXciO2E6MDp7fX19',1768760736),
('QDA4p6vUyL917worxT86VCpkljyjiAL3J9uVEYd1',NULL,'47.245.117.221','Go-http-client/1.1','YTozOntzOjY6Il90b2tlbiI7czo0MDoiRVFxUkVJV3lJMFc4eUVZdExvT1VaQXNSc0d3RW1VRmZiaDlWN1RVUCI7czo5OiJfcHJldmlvdXMiO2E6MTp7czozOiJ1cmwiO3M6ODM6Imh0dHBzOi8vMTY0LjkyLjI0NC4xOTIvP2Rucz1fSE1CQUFBQkFBQUFBQUFBQVRFRWIyUnVjd0Z0Q21SdWMyMWxZWE4xY21VRGRHOXdBQUFCQUFFIjt9czo2OiJfZmxhc2giO2E6Mjp7czozOiJvbGQiO2E6MDp7fXM6MzoibmV3IjthOjA6e319fQ==',1767174595),
('qEIy27kfc8F6JnVcnYRStay3lNa6eIwo6rMPiz3N',NULL,'44.243.51.166','Mozilla/5.0 (compatible; wpbot/1.4; +https://forms.gle/ajBaxygz9jSR8p8G9)','YTozOntzOjY6Il90b2tlbiI7czo0MDoiNVdNTVZIN1RMYkppQ3A2NWZmdXpjU2J6VjlLV2x4M2E3Tm9USDNBRyI7czo5OiJfcHJldmlvdXMiO2E6MTp7czozOiJ1cmwiO3M6NDc6Imh0dHBzOi8vYnJhdmUtbXVyZG9jay4xNjQtOTItMjQ0LTE5Mi5wbGVzay5wYWdlIjt9czo2OiJfZmxhc2giO2E6Mjp7czozOiJvbGQiO2E6MDp7fXM6MzoibmV3IjthOjA6e319fQ==',1768314872),
('QF9ugRb0wX67WCPcLpRmjIERKBK6pMiMPQWWraQq',NULL,'84.254.106.197','Mozilla/5.0 (Linux; Android 6.0; Nexus 5 Build/MRA58N) AppleWebKit/537.36 (KHTML, like Gecko) Chrome/130.0.0.0 Mobile Safari/537.36','YTozOntzOjY6Il90b2tlbiI7czo0MDoiOHIwNUJyQklFZFlYNVV4clZoSUJiQ1NKelNZSjhocWZiMjZPRjVsWSI7czo5OiJfcHJldmlvdXMiO2E6MTp7czozOiJ1cmwiO3M6Mjg6Imh0dHBzOi8vZWhrYW0uYWJ1a2hhbGlsLnNpdGUiO31zOjY6Il9mbGFzaCI7YToyOntzOjM6Im9sZCI7YTowOnt9czozOiJuZXciO2E6MDp7fX19',1767996688),
('QFkej3SOpTFZ3MFtQSUwOCI59zoOcLobz7FP9ahO',NULL,'92.63.197.50','Mozilla/5.0 (Windows NT 10.0; Win64; x64) AppleWebKit/537.36 (KHTML, like Gecko) Chrome/140.0.0.0 Safari/537.36','YTozOntzOjY6Il90b2tlbiI7czo0MDoieHVSdld0S3l4VE5QQ1FTS29hSXdGeFRHV25MdVZ3MTR3Q0tHYzQ3eCI7czo5OiJfcHJldmlvdXMiO2E6MTp7czozOiJ1cmwiO3M6MjI6Imh0dHBzOi8vMTY0LjkyLjI0NC4xOTIiO31zOjY6Il9mbGFzaCI7YToyOntzOjM6Im9sZCI7YTowOnt9czozOiJuZXciO2E6MDp7fX19',1767529806),
('QHcbbctdyfq1bMQbgk1qBTz9mNY6TbxzjZ774DKn',NULL,'34.172.66.16','Mozilla/5.0 (Windows NT 10.0; Win64; x64) AppleWebKit/537.36 (KHTML, like Gecko) Chrome/78.0.3904.108 Safari/537.36','YTozOntzOjY6Il90b2tlbiI7czo0MDoiQkhiYnZEdVBzRGdMSHptNmF1WG8zTFl5NEVLdnBNZHlLSTVFM1RtYSI7czo5OiJfcHJldmlvdXMiO2E6MTp7czozOiJ1cmwiO3M6Mjg6Imh0dHBzOi8vZWhrYW0uYWJ1a2hhbGlsLnNpdGUiO31zOjY6Il9mbGFzaCI7YToyOntzOjM6Im9sZCI7YTowOnt9czozOiJuZXciO2E6MDp7fX19',1767716429),
('QIN4vSOHDlxsmmXPsRTN58lAM3FIsfZWthb81Zcr',NULL,'42.48.38.232','Mozilla/5.0 (Windows NT 6.1) AppleWebKit/537.36 (KHTML, like Gecko) Chrome/49.0.2623.112 Safari/537.36','YTozOntzOjY6Il90b2tlbiI7czo0MDoiZ3Y4OVAzNHJhSjFQUTNoU254ZkQwcko3dHR6TXJmZ1JqZGVDTjZJaiI7czo5OiJfcHJldmlvdXMiO2E6MTp7czozOiJ1cmwiO3M6MjI6Imh0dHBzOi8vMTY0LjkyLjI0NC4xOTIiO31zOjY6Il9mbGFzaCI7YToyOntzOjM6Im9sZCI7YTowOnt9czozOiJuZXciO2E6MDp7fX19',1767832529),
('qj260YdzaNOddwoAY81Jx0avAlWa1r3evDqyzkEg',NULL,'3.132.23.201','cypex.ai/scanning Mozilla/5.0 (Macintosh; Intel Mac OS X 10_15_7) Chrome/126.0.0.0 Safari/537.36','YTozOntzOjY6Il90b2tlbiI7czo0MDoibUFHSzlCcjN4Y2VQZDg2TGY2VkVzaEZwSjJzaHM1SjRuN2pEbkVrQyI7czo5OiJfcHJldmlvdXMiO2E6MTp7czozOiJ1cmwiO3M6MjI6Imh0dHBzOi8vMTY0LjkyLjI0NC4xOTIiO31zOjY6Il9mbGFzaCI7YToyOntzOjM6Im9sZCI7YTowOnt9czozOiJuZXciO2E6MDp7fX19',1768451525),
('QKyXaTKRzU5rqiuOFVwubGMkqGuJMkFPJsqajfAA',NULL,'64.15.129.124','Mozilla/5.0 (Windows NT 10.0; Win64; x64) AppleWebKit/537.36 (KHTML, like Gecko) Chrome/143.0.0.0 Safari/537.36','YTozOntzOjY6Il90b2tlbiI7czo0MDoiazJieGZKRG9sb1Q2Q1M4UGRPbFFGYktuQlZQMlEwVmM5SmJnM1FIayI7czo5OiJfcHJldmlvdXMiO2E6MTp7czozOiJ1cmwiO3M6MjI6Imh0dHBzOi8vYWJ1a2hhbGlsLnNpdGUiO31zOjY6Il9mbGFzaCI7YToyOntzOjM6Im9sZCI7YTowOnt9czozOiJuZXciO2E6MDp7fX19',1766831362),
('QlVSEhdIaXJzkO4mdApNJw1zIOvuLgwE8gnNZDZT',NULL,'79.135.105.144','Mozilla/5.0 (Windows NT 10.0; Win64; x64) AppleWebKit/537.36 (KHTML, like Gecko) Chrome/143.0.0.0 Safari/537.36','YTozOntzOjY6Il90b2tlbiI7czo0MDoiR2FScHZVRU1sa3FBbFVCNkVBNTJkMlRkd3FpU205aUNsUER4TEpIZiI7czo5OiJfcHJldmlvdXMiO2E6MTp7czozOiJ1cmwiO3M6Mjg6Imh0dHBzOi8vZWhrYW0uYWJ1a2hhbGlsLnNpdGUiO31zOjY6Il9mbGFzaCI7YToyOntzOjM6Im9sZCI7YTowOnt9czozOiJuZXciO2E6MDp7fX19',1768479889),
('Qn1kSbiCJTbIHR9DaahXK3NsvWOnKHiT7gbzeKXc',NULL,'35.233.94.99','python-requests/2.32.5','YTozOntzOjY6Il90b2tlbiI7czo0MDoibkNpREhTM09NaFE2UEFuSVJodXVIZlJSWnV1Uk1IRkxUenBsemI2SyI7czo5OiJfcHJldmlvdXMiO2E6MTp7czozOiJ1cmwiO3M6MjI6Imh0dHBzOi8vMTY0LjkyLjI0NC4xOTIiO31zOjY6Il9mbGFzaCI7YToyOntzOjM6Im9sZCI7YTowOnt9czozOiJuZXciO2E6MDp7fX19',1768347901),
('qnJ6XcRgSxqo5OwpTvj2jsHCIKigzayXsRYsCDGC',NULL,'172.235.168.35','Mozilla/5.0 (iPhone; CPU iPhone OS 18_3 like Mac OS X) AppleWebKit/605.1.15 (KHTML','YTo0OntzOjY6Il90b2tlbiI7czo0MDoiN2psMEhpWlZ6eVQxdVpzTVBRRDNvQldac0JGcjNERjJ5eERsQlJwNyI7czozOiJ1cmwiO2E6MTp7czo4OiJpbnRlbmRlZCI7czozMjoiaHR0cHM6Ly8xNjQuOTIuMjQ0LjE5Mi9kYXNoYm9hcmQiO31zOjk6Il9wcmV2aW91cyI7YToxOntzOjM6InVybCI7czozMjoiaHR0cHM6Ly8xNjQuOTIuMjQ0LjE5Mi9kYXNoYm9hcmQiO31zOjY6Il9mbGFzaCI7YToyOntzOjM6Im9sZCI7YTowOnt9czozOiJuZXciO2E6MDp7fX19',1767355957),
('QNMkG6FyBwFGtIltcD48qgfnWWSYsfwVGjw9g7hZ',NULL,'109.105.210.102','python-requests/2.31.0','YTozOntzOjY6Il90b2tlbiI7czo0MDoiNGtDWmpaY1BLaTlibmEzT1l6UnF4ZWZaSng0MVhYcDhsUEVzS0t5VyI7czo5OiJfcHJldmlvdXMiO2E6MTp7czozOiJ1cmwiO3M6MjI6Imh0dHBzOi8vMTY0LjkyLjI0NC4xOTIiO31zOjY6Il9mbGFzaCI7YToyOntzOjM6Im9sZCI7YTowOnt9czozOiJuZXciO2E6MDp7fX19',1766827974),
('QNsXcyJqzoJlz8D2lu3mwtkbiPxsSR6LKAvGHaAO',NULL,'176.53.222.7','Mozilla/5.0 (Windows NT 10.0; Win64; x64) AppleWebKit/537.36 (KHTML, like Gecko) Chrome/94.0.4606.61 Safari/537.36','YTozOntzOjY6Il90b2tlbiI7czo0MDoiaDdTYkhlZWQ4Vm1ZV3ZlTXNGZmNld21vN1NMUXAzS2NKbm1yR01tdiI7czo5OiJfcHJldmlvdXMiO2E6MTp7czozOiJ1cmwiO3M6Mjg6Imh0dHBzOi8vZWhrYW0uYWJ1a2hhbGlsLnNpdGUiO31zOjY6Il9mbGFzaCI7YToyOntzOjM6Im9sZCI7YTowOnt9czozOiJuZXciO2E6MDp7fX19',1766999056),
('qo2bv7JE5rkg7QrOwgPjcMGudWUZDxydVeFytH7f',NULL,'216.180.246.91','\'Mozilla/5.0 (compatible; GenomeCrawlerd/1.0; +https://www.nokia.com/genomecrawler)\'','YTozOntzOjY6Il90b2tlbiI7czo0MDoicldrU1l6YXFyY1E2UDNsaUZRMnRaYnB1RDRsdkR4dU5QQ3FLZjFMOCI7czo5OiJfcHJldmlvdXMiO2E6MTp7czozOiJ1cmwiO3M6MjI6Imh0dHBzOi8vMTY0LjkyLjI0NC4xOTIiO31zOjY6Il9mbGFzaCI7YToyOntzOjM6Im9sZCI7YTowOnt9czozOiJuZXciO2E6MDp7fX19',1768054324),
('QOr9Wt0in6cUlUvFRkyYA2IChKyRnIReD56vmg3L',NULL,'152.53.210.225','Mozilla/5.0 (Linux; Android 14) AppleWebKit/537.36 (KHTML, like Gecko) Chrome/118.0.5993.80 Mobile Safari/537.36','YTozOntzOjY6Il90b2tlbiI7czo0MDoianJaaU5OQWFmQ1dMalJDQUU0RWo5U09pRnFSRUJIRFN2Q2c1NmJXRCI7czo5OiJfcHJldmlvdXMiO2E6MTp7czozOiJ1cmwiO3M6Mjg6Imh0dHBzOi8vZWhrYW0uYWJ1a2hhbGlsLnNpdGUiO31zOjY6Il9mbGFzaCI7YToyOntzOjM6Im9sZCI7YTowOnt9czozOiJuZXciO2E6MDp7fX19',1767112285),
('qQnM4UalBoeMh3rqeGTHjuGHJg5tkaTrNyAyzajt',NULL,'165.154.227.205','Mozilla/5.0 (Windows NT 10.0; Win64; x64) AppleWebKit/537.36 (KHTML, like Gecko) Chrome/125.0.0.0 Safari/537.36','YTozOntzOjY6Il90b2tlbiI7czo0MDoiU3hOWDdERXlZYjg3b2RueTdEbU9QYlRhZkxvMTBHdWw3aWxkQ3hZOCI7czo5OiJfcHJldmlvdXMiO2E6MTp7czozOiJ1cmwiO3M6MjI6Imh0dHBzOi8vMTY0LjkyLjI0NC4xOTIiO31zOjY6Il9mbGFzaCI7YToyOntzOjM6Im9sZCI7YTowOnt9czozOiJuZXciO2E6MDp7fX19',1768396109),
('QQz8NPEAKcgMX5S7HGVQkbcTTlNnoULgzxXe4vS5',NULL,'167.94.138.126','Mozilla/5.0 (compatible; CensysInspect/1.1; +https://about.censys.io/)','YTozOntzOjY6Il90b2tlbiI7czo0MDoiTFowRHNDU0E1SXBSQmJQY1V6Q05EajlsVEd5WUdFNkN0TEdnaTRlaCI7czo5OiJfcHJldmlvdXMiO2E6MTp7czozOiJ1cmwiO3M6MjI6Imh0dHBzOi8vMTY0LjkyLjI0NC4xOTIiO31zOjY6Il9mbGFzaCI7YToyOntzOjM6Im9sZCI7YTowOnt9czozOiJuZXciO2E6MDp7fX19',1768300687),
('QrjXEYR4w0fTr1Gwiiwj2vJGRtTjS5nvjhL6zWOF',NULL,'106.75.70.23','Mozilla/5.0 (Windows NT 7_2_2; Win64; x64) AppleWebKit/561.42 (KHTML, like Gecko) Chrome/61.0.2287 Safari/537.36','YTozOntzOjY6Il90b2tlbiI7czo0MDoic0ozZ3VLQzZTZUN5TlJLU1N6dkVVNVN6WXFXTTVOejEyTnRtQWQ3MyI7czo5OiJfcHJldmlvdXMiO2E6MTp7czozOiJ1cmwiO3M6Mjg6Imh0dHBzOi8vZWhrYW0uYWJ1a2hhbGlsLnNpdGUiO31zOjY6Il9mbGFzaCI7YToyOntzOjM6Im9sZCI7YTowOnt9czozOiJuZXciO2E6MDp7fX19',1768598169),
('QsJyQyPw6UTXJ9Uc05qp8aX3swXcU56EUWIL3RA6',NULL,'89.147.136.198','WhatsApp/2.23.20.0','YTozOntzOjY6Il90b2tlbiI7czo0MDoiM09YdnAybjJQeUFzZ0RSckdjeTdvTkVVc040MmxjQjJaUjlxdEtWRyI7czo5OiJfcHJldmlvdXMiO2E6MTp7czozOiJ1cmwiO3M6MzM6Imh0dHBzOi8vZWhrYW0uYWJ1a2hhbGlsLmFwcC9sb2dpbiI7fXM6NjoiX2ZsYXNoIjthOjI6e3M6Mzoib2xkIjthOjA6e31zOjM6Im5ldyI7YTowOnt9fX0=',1766380020),
('quP89gDnGsEimCkolyYjBNsdeYHs0ExbVRx3zTjm',NULL,'18.144.155.67','Mozilla/5.0 (Windows NT 10.0; Win64; x64) AppleWebKit/537.36 (KHTML, like Gecko) Chrome/60.0.3112.113 Safari/537.36 Assetnote/1.0.0','YTozOntzOjY6Il90b2tlbiI7czo0MDoiZ1VlNTVOSEs3aEhXSDh5YjlhMEFnM2Rsck16YVY1ZDB1eDhzZVhyYSI7czo5OiJfcHJldmlvdXMiO2E6MTp7czozOiJ1cmwiO3M6Mjg6Imh0dHBzOi8vZWhrYW0uYWJ1a2hhbGlsLnNpdGUiO31zOjY6Il9mbGFzaCI7YToyOntzOjM6Im9sZCI7YTowOnt9czozOiJuZXciO2E6MDp7fX19',1766895656),
('Qvt1bnjKPNCGNviSC3SE16NtcuzNMxCE3CfGe7Q8',NULL,'92.63.197.50','Mozilla/5.0 (Windows NT 10.0; Win64; x64) AppleWebKit/537.36 (KHTML, like Gecko) Chrome/140.0.0.0 Safari/537.36','YTozOntzOjY6Il90b2tlbiI7czo0MDoicW1ocGVCQUNNSnFwM1dlRWhxSm9wcnNqTVA5OUxhcmVmZ2tPdjV2VCI7czo5OiJfcHJldmlvdXMiO2E6MTp7czozOiJ1cmwiO3M6MjI6Imh0dHBzOi8vMTY0LjkyLjI0NC4xOTIiO31zOjY6Il9mbGFzaCI7YToyOntzOjM6Im9sZCI7YTowOnt9czozOiJuZXciO2E6MDp7fX19',1767291890),
('qxGl9Cu4jIN9HjXt4t2FoBzORAvEx7DKuNYCU6TU',NULL,'64.62.197.224','Mozilla/5.0 (Macintosh; Intel Mac OS X 10_15_7) AppleWebKit/537.36 (KHTML, like Gecko) Chrome/107.0.0.0 Safari/537.36','YTozOntzOjY6Il90b2tlbiI7czo0MDoiUnc2VGxKMXdnTUxBZU9YRVNOUVJyV2h3bTRjbG9jeW5qb3RtcjV2MiI7czo5OiJfcHJldmlvdXMiO2E6MTp7czozOiJ1cmwiO3M6MjI6Imh0dHBzOi8vMTY0LjkyLjI0NC4xOTIiO31zOjY6Il9mbGFzaCI7YToyOntzOjM6Im9sZCI7YTowOnt9czozOiJuZXciO2E6MDp7fX19',1767313135),
('QxiHVEpsWBQ58aMdzxBjM0zjRX95dmix7Rz5y6SI',NULL,'89.147.136.198','WhatsApp/2.23.20.0','YTo0OntzOjY6Il90b2tlbiI7czo0MDoiUFJpQWR4MFVDZnZMUTBZZVM4ZXg3U1ZJYnJndDJBS1IwQ0ROOU1WcyI7czozOiJ1cmwiO2E6MTp7czo4OiJpbnRlbmRlZCI7czo0MToiaHR0cHM6Ly9laGthbS5hYnVraGFsaWwuc2l0ZS9zd290L2FkbWluLzEiO31zOjk6Il9wcmV2aW91cyI7YToxOntzOjM6InVybCI7czo0MToiaHR0cHM6Ly9laGthbS5hYnVraGFsaWwuc2l0ZS9zd290L2FkbWluLzEiO31zOjY6Il9mbGFzaCI7YToyOntzOjM6Im9sZCI7YTowOnt9czozOiJuZXciO2E6MDp7fX19',1767166475),
('qyNbfpA0kjMAS5DPa83hS5Tm6TNkc38VBIs3vOY3',NULL,'18.183.232.27','Mozilla/5.0 (Windows NT 10.0; Win64; x64) AppleWebKit/537.36 (KHTML, like Gecko) Chrome/60.0.3112.113 Safari/537.36 Assetnote/1.0.0','YTozOntzOjY6Il90b2tlbiI7czo0MDoiUXF4b2NDc2ZOSWtBV1lUeUpXM0k3WEQ1NjkyZm8ybU1DSTBHaE0zSCI7czo5OiJfcHJldmlvdXMiO2E6MTp7czozOiJ1cmwiO3M6Mjc6Imh0dHBzOi8vZWhrYW0uYWJ1a2hhbGlsLmFwcCI7fXM6NjoiX2ZsYXNoIjthOjI6e3M6Mzoib2xkIjthOjA6e31zOjM6Im5ldyI7YTowOnt9fX0=',1766683472),
('qZ9fe3NWOub5QE5g5uLvWb9N5MQ6A4NS0XPF7qnh',NULL,'80.82.77.202','fasthttp','YTozOntzOjY6Il90b2tlbiI7czo0MDoidGsyWFgxcDNtbE9XSXo1YktyY0FmMk9VcVVtallWQkw4TlFxenNMZCI7czo5OiJfcHJldmlvdXMiO2E6MTp7czozOiJ1cmwiO3M6MjI6Imh0dHBzOi8vMTY0LjkyLjI0NC4xOTIiO31zOjY6Il9mbGFzaCI7YToyOntzOjM6Im9sZCI7YTowOnt9czozOiJuZXciO2E6MDp7fX19',1767727473),
('qzwP3OPLKRCvm4s40EGC0QnjybyVdmuONWP74UtD',NULL,'3.140.182.19','cypex.ai/scanning Mozilla/5.0 (Macintosh; Intel Mac OS X 10_15_7) Chrome/126.0.0.0 Safari/537.36','YTozOntzOjY6Il90b2tlbiI7czo0MDoiQTlKcVFnZXE5NXZzUkZhVFM3ZDJwNU5yN0dGVkE5YkNEdFd0ZmJ1TyI7czo5OiJfcHJldmlvdXMiO2E6MTp7czozOiJ1cmwiO3M6Mjc6Imh0dHBzOi8vZWhrYW0uYWJ1a2hhbGlsLmFwcCI7fXM6NjoiX2ZsYXNoIjthOjI6e3M6Mzoib2xkIjthOjA6e31zOjM6Im5ldyI7YTowOnt9fX0=',1766526745),
('r24oODfEpF4GsGfA59BnQsHPO2navhqlHXy3nHPm',NULL,'65.49.1.222','Mozilla/5.0 (Windows NT 10.0; rv:109.0) Gecko/20100101 Firefox/115.0','YTozOntzOjY6Il90b2tlbiI7czo0MDoiS2o1a2lUdUk3Y3d4czJtVlc5NVh1bndFOHRnTmVsWXhPYXRCYTdxYyI7czo5OiJfcHJldmlvdXMiO2E6MTp7czozOiJ1cmwiO3M6MjI6Imh0dHBzOi8vMTY0LjkyLjI0NC4xOTIiO31zOjY6Il9mbGFzaCI7YToyOntzOjM6Im9sZCI7YTowOnt9czozOiJuZXciO2E6MDp7fX19',1768867405),
('r2H3C7CO251YpViux7yrjzcxEaDdUwNiJtOye7PK',NULL,'37.209.161.228','','YTozOntzOjY6Il90b2tlbiI7czo0MDoiTkREaUlpbEdYaXFlaHpXRERLUHZ3eVZZU2t5aWZQZEJTSHVhMWs3SSI7czo5OiJfcHJldmlvdXMiO2E6MTp7czozOiJ1cmwiO3M6MjI6Imh0dHBzOi8vMTY0LjkyLjI0NC4xOTIiO31zOjY6Il9mbGFzaCI7YToyOntzOjM6Im9sZCI7YTowOnt9czozOiJuZXciO2E6MDp7fX19',1767700156),
('r2hp0xejUbNtrjKl73e8ElA21LOh2bK8dgALCT7L',NULL,'172.235.235.248','Mozilla/5.0 (Android 15; Mobile; rv:126.0.0) Gecko/126.0.0 Firefox/126.0.0','YTozOntzOjY6Il90b2tlbiI7czo0MDoidkN5WWpVVkdXa1dyUnd5eThqeG9YSWlsSjNBbkZCdXlIS3N6SFZZViI7czo5OiJfcHJldmlvdXMiO2E6MTp7czozOiJ1cmwiO3M6Mjg6Imh0dHBzOi8vMTY0LjkyLjI0NC4xOTIvbG9naW4iO31zOjY6Il9mbGFzaCI7YToyOntzOjM6Im9sZCI7YTowOnt9czozOiJuZXciO2E6MDp7fX19',1767500423),
('r3hmxXPPaiqLovuaVQg1vppS5GHJAcMB5MHL3TjE',NULL,'84.254.106.197','Mozilla/5.0 (Linux; Android 6.0; Nexus 5 Build/MRA58N) AppleWebKit/537.36 (KHTML, like Gecko) Chrome/130.0.0.0 Mobile Safari/537.36','YTozOntzOjY6Il90b2tlbiI7czo0MDoiRGgxNkgxcHBxSUxDejJpb0JoWG1JZzRmSnNocG9xVk94SnJmdmR1YyI7czo5OiJfcHJldmlvdXMiO2E6MTp7czozOiJ1cmwiO3M6Mjg6Imh0dHBzOi8vZWhrYW0uYWJ1a2hhbGlsLnNpdGUiO31zOjY6Il9mbGFzaCI7YToyOntzOjM6Im9sZCI7YTowOnt9czozOiJuZXciO2E6MDp7fX19',1768599889),
('r6rnDsX7LYQGal5wFkogsRflEG0WvyQKVJ645OGG',NULL,'185.12.59.118','Mozilla/5.0 (Windows NT 10.0; Win64; x64; rv:132.0) Gecko/20100101 Firefox/132.0','YTozOntzOjY6Il90b2tlbiI7czo0MDoiRFVSeWtJalY0ZVk3MVF6bnE3dlA4c2c0S0hFZ2djWk0zYXh2a0E0TSI7czo5OiJfcHJldmlvdXMiO2E6MTp7czozOiJ1cmwiO3M6MjI6Imh0dHBzOi8vMTY0LjkyLjI0NC4xOTIiO31zOjY6Il9mbGFzaCI7YToyOntzOjM6Im9sZCI7YTowOnt9czozOiJuZXciO2E6MDp7fX19',1766856597),
('r6TaSKCQCVGJwciwX1tt86TRnS994iLHjcws9uMH',NULL,'142.250.33.41','Mozilla/5.0 (Linux; Android 10; K) AppleWebKit/537.36 (KHTML, like Gecko) Chrome/138.0.0.0 Mobile Safari/537.36 (compatible; Google-Read-Aloud; +https://support.google.com/webmasters/answer/1061943)','YTozOntzOjY6Il90b2tlbiI7czo0MDoiUHpRNjh0blhKcUVRZ01adEFWb1I3NkFXcDRZYnBXSVVPdXQ5OTIzYyI7czo5OiJfcHJldmlvdXMiO2E6MTp7czozOiJ1cmwiO3M6NzI6Imh0dHBzOi8vZWhrYW0uYWJ1a2hhbGlsLnNpdGUvc3dvdC9ib2FyZC9LQmdzekVFTXdGakUxaXZzb0hTUlFvTTBGWHRNV1lEViI7fXM6NjoiX2ZsYXNoIjthOjI6e3M6Mzoib2xkIjthOjA6e31zOjM6Im5ldyI7YTowOnt9fX0=',1766987974),
('r8mv0lKmNqy53lTJGZJ9c3PGDJg10nw1bROJfT4J',NULL,'205.210.31.171','Hello from Palo Alto Networks, find out more about our scans in https://docs-cortex.paloaltonetworks.com/r/1/Cortex-Xpanse/Scanning-activity','YTozOntzOjY6Il90b2tlbiI7czo0MDoiemhEV09sTzhicHQ4V054YnJ1eExqUFdSUExoUFUwandxM3RUMDNOeCI7czo5OiJfcHJldmlvdXMiO2E6MTp7czozOiJ1cmwiO3M6MjI6Imh0dHBzOi8vMTY0LjkyLjI0NC4xOTIiO31zOjY6Il9mbGFzaCI7YToyOntzOjM6Im9sZCI7YTowOnt9czozOiJuZXciO2E6MDp7fX19',1767943829),
('RAO6BQSRFXYseQZj4MdPlCmcQPcDTvBErfJF4Bdh',NULL,'85.217.140.13','Mozilla/5.0 (compatible; ModatScanner/1.2; +https://modat.io/)','YTozOntzOjY6Il90b2tlbiI7czo0MDoiQnRxZ05KUXFObXJSU2VHM2ZUMmNWQWxXMk5tYVVqV2Y5SlZydFROMiI7czo5OiJfcHJldmlvdXMiO2E6MTp7czozOiJ1cmwiO3M6MjI6Imh0dHBzOi8vMTY0LjkyLjI0NC4xOTIiO31zOjY6Il9mbGFzaCI7YToyOntzOjM6Im9sZCI7YTowOnt9czozOiJuZXciO2E6MDp7fX19',1768716889),
('rAu9c3gQ8rINkW5n3PO5tidvvJ83knr9tJ6rdkn3',NULL,'34.147.91.161','Scrapy/2.13.4 (+https://scrapy.org)','YTozOntzOjY6Il90b2tlbiI7czo0MDoiQlRFUWpXOXpZa1lnYkl3M0x2d3VyNkd3NmhHUTJnOFBDbks3dXBPUiI7czo5OiJfcHJldmlvdXMiO2E6MTp7czozOiJ1cmwiO3M6NTE6Imh0dHBzOi8vd3d3LmJyYXZlLW11cmRvY2suMTY0LTkyLTI0NC0xOTIucGxlc2sucGFnZSI7fXM6NjoiX2ZsYXNoIjthOjI6e3M6Mzoib2xkIjthOjA6e31zOjM6Im5ldyI7YTowOnt9fX0=',1766847482),
('rBTdx0ntjDp59YGzU1gd6W0GOmGT1GWQlkeWjTmr',NULL,'109.196.101.80','Mozilla/5.0 (Windows NT 10.0; Win64; x64; Xbox; Xbox One) AppleWebKit/537.36 (KHTML, like Gecko) Chrome/134.0.0.0 Safari/537.36 Edge/44.18363.8131','YTozOntzOjY6Il90b2tlbiI7czo0MDoieUpqQVhpWk1NdGZ2bDB5SEt3UnZsT0pZZGMyVUxudGlSd2VBZmE3QyI7czo5OiJfcHJldmlvdXMiO2E6MTp7czozOiJ1cmwiO3M6MjI6Imh0dHBzOi8vMTY0LjkyLjI0NC4xOTIiO31zOjY6Il9mbGFzaCI7YToyOntzOjM6Im9sZCI7YTowOnt9czozOiJuZXciO2E6MDp7fX19',1768555638),
('rC02NaUxGWb3XKcocKsdKf95otOMep1MZgDrBM0W',NULL,'65.49.20.66','Mozilla/5.0 (Windows NT 10.0; Win64; x64) AppleWebKit/537.36 (KHTML, like Gecko) Chrome/114.0.0.0 YaBrowser/23.7.0.2534 Yowser/2.5 Safari/537.36','YTozOntzOjY6Il90b2tlbiI7czo0MDoiQzlFVmRqZXVVdXlWMjRDT3hmU3VjWXRoT09zcUZNVVY0YXFLVlFpdCI7czo5OiJfcHJldmlvdXMiO2E6MTp7czozOiJ1cmwiO3M6MjI6Imh0dHBzOi8vMTY0LjkyLjI0NC4xOTIiO31zOjY6Il9mbGFzaCI7YToyOntzOjM6Im9sZCI7YTowOnt9czozOiJuZXciO2E6MDp7fX19',1766999743),
('RdN6CiWysTXHXnPAmjnP9dKvLPr9am9pifaejuzY',1,'89.147.136.198','Mozilla/5.0 (Windows NT 10.0; Win64; x64; rv:146.0) Gecko/20100101 Firefox/146.0','YTo0OntzOjY6Il90b2tlbiI7czo0MDoiSkd1QjFET01IVUp5YWY5Vm1CS1FVYm1tcjBPd1RPNjlHbVNONHVNVSI7czo5OiJfcHJldmlvdXMiO2E6MTp7czozOiJ1cmwiO3M6NDg6Imh0dHBzOi8vZWhrYW0uYWJ1a2hhbGlsLmFwcC9pbmRpY2F0b3IvYWNoaWV2ZWQvNCI7fXM6NjoiX2ZsYXNoIjthOjI6e3M6Mzoib2xkIjthOjA6e31zOjM6Im5ldyI7YTowOnt9fXM6NTA6ImxvZ2luX3dlYl81OWJhMzZhZGRjMmIyZjk0MDE1ODBmMDE0YzdmNThlYTRlMzA5ODlkIjtpOjE7fQ==',1766557151),
('rdPnHNi2PgbJQ3ESHBJ0iJ9ngpXcv0WvDbOX7PZ6',NULL,'133.242.174.119','Mozilla/5.0 (Linux; Android 10; K) AppleWebKit/537.36 (KHTML, like Gecko) Chrome/142.0.0.0 Mobile Safari/537.36','YTozOntzOjY6Il90b2tlbiI7czo0MDoiYm82MDl0UFJ3dnEzUDBzc0Zsc2d3U2NGblRaM09iTlJJbE9sbGU5UyI7czo5OiJfcHJldmlvdXMiO2E6MTp7czozOiJ1cmwiO3M6Mjg6Imh0dHBzOi8vZWhrYW0uYWJ1a2hhbGlsLnNpdGUiO31zOjY6Il9mbGFzaCI7YToyOntzOjM6Im9sZCI7YTowOnt9czozOiJuZXciO2E6MDp7fX19',1766817288),
('remUG9KkyHkK1QSUlfXxJnpfTZVF5n45mxUHFFeJ',NULL,'85.217.140.1','Mozilla/5.0 (compatible; ModatScanner/1.2; +https://modat.io/)','YTozOntzOjY6Il90b2tlbiI7czo0MDoiUlJIckd1WXpwR2g4S3MzSWxIeXF3Y2pvWGI1NXpPdFJZRll6dmF2TCI7czo5OiJfcHJldmlvdXMiO2E6MTp7czozOiJ1cmwiO3M6MjI6Imh0dHBzOi8vMTY0LjkyLjI0NC4xOTIiO31zOjY6Il9mbGFzaCI7YToyOntzOjM6Im9sZCI7YTowOnt9czozOiJuZXciO2E6MDp7fX19',1768691297),
('REVz3XVxKi1S228FaUm1ss1i2MdZEhMUzhHRzokZ',NULL,'185.226.196.28','Mozilla/5.0 (Windows NT 10.0; Win64; x64) AppleWebKit/537.36 (KHTML, like Gecko) Chrome/60.0.3112.113 Safari/537.36','YTozOntzOjY6Il90b2tlbiI7czo0MDoiUWZNVmRKZ3hXaFp5M29WYkFiTDZja2M2QlU5amxHRlV4a1VDTEc3MCI7czo5OiJfcHJldmlvdXMiO2E6MTp7czozOiJ1cmwiO3M6MjI6Imh0dHBzOi8vMTY0LjkyLjI0NC4xOTIiO31zOjY6Il9mbGFzaCI7YToyOntzOjM6Im9sZCI7YTowOnt9czozOiJuZXciO2E6MDp7fX19',1766852523),
('rGZGsr37J3kdKhfrVdMLlkesZVKsBsm8yLXr3hLf',NULL,'43.157.149.188','Mozilla/5.0 (iPhone; CPU iPhone OS 13_2_3 like Mac OS X) AppleWebKit/605.1.15 (KHTML, like Gecko) Version/13.0.3 Mobile/15E148 Safari/604.1','YTozOntzOjY6Il90b2tlbiI7czo0MDoiMFdGVThvNlM0TERtUFgzQjBhZEVoYlh6R1ZwclNnTWpkaU9sUHpxWSI7czo5OiJfcHJldmlvdXMiO2E6MTp7czozOiJ1cmwiO3M6Mjg6Imh0dHBzOi8vMTY0LjkyLjI0NC4xOTIvbG9naW4iO31zOjY6Il9mbGFzaCI7YToyOntzOjM6Im9sZCI7YTowOnt9czozOiJuZXciO2E6MDp7fX19',1768755357),
('rilUqUDhv6jeAPtgjK0JlQpTV3DfPQsETBR7UB2r',NULL,'104.168.28.15','Mozilla/5.0','YTozOntzOjY6Il90b2tlbiI7czo0MDoiS1NaNXJHdFJXbmRtM0w2Q2J4S2IxNXZUdlJBQWtHSDd1d1dlWGdhRyI7czo5OiJfcHJldmlvdXMiO2E6MTp7czozOiJ1cmwiO3M6Mjg6Imh0dHBzOi8vZWhrYW0uYWJ1a2hhbGlsLnNpdGUiO31zOjY6Il9mbGFzaCI7YToyOntzOjM6Im9sZCI7YTowOnt9czozOiJuZXciO2E6MDp7fX19',1767586166),
('Rj1irqjVox9COXqgee5FI4npRvJzRMAcpC384p1Q',NULL,'85.11.183.6','Mozilla/5.0 (Windows NT 10.0; Win64; x64) AppleWebKit/537.36 (KHTML, like Gecko) Chrome/140.0.0.0 Safari/537.36','YTozOntzOjY6Il90b2tlbiI7czo0MDoiSXBMeDFBcVNCUEFCM3FUZnJpd2hEZThRcGpOZGx5RW5hWllQdU9tbyI7czo5OiJfcHJldmlvdXMiO2E6MTp7czozOiJ1cmwiO3M6MjI6Imh0dHBzOi8vMTY0LjkyLjI0NC4xOTIiO31zOjY6Il9mbGFzaCI7YToyOntzOjM6Im9sZCI7YTowOnt9czozOiJuZXciO2E6MDp7fX19',1768151240),
('RjcBmSlJsOYRrys9sxvlToe2OiOzu3H2w9A3wwS3',NULL,'3.138.185.30','cypex.ai/scanning Mozilla/5.0 (Macintosh; Intel Mac OS X 10_15_7) Chrome/126.0.0.0 Safari/537.36','YTozOntzOjY6Il90b2tlbiI7czo0MDoidFJBRnEwNUVUY1JsdHhpT2VCRU1DeXZjc0VtVlNZOHRBcWpSWVNjVyI7czo5OiJfcHJldmlvdXMiO2E6MTp7czozOiJ1cmwiO3M6Mjg6Imh0dHBzOi8vZWhrYW0uYWJ1a2hhbGlsLnNpdGUiO31zOjY6Il9mbGFzaCI7YToyOntzOjM6Im9sZCI7YTowOnt9czozOiJuZXciO2E6MDp7fX19',1768129142),
('RkewDiBv7g3IAMZxL333xq6c6PWONWQoDuB8Unb1',NULL,'85.217.140.12','Mozilla/5.0 (compatible; ModatScanner/1.2; +https://modat.io/)','YTozOntzOjY6Il90b2tlbiI7czo0MDoiQ2dZSkpIaE9KN1lHWk1xaUJCMm4ySTBIYmFxd2FudUY1UVdwQ2J2YSI7czo5OiJfcHJldmlvdXMiO2E6MTp7czozOiJ1cmwiO3M6MjI6Imh0dHBzOi8vMTY0LjkyLjI0NC4xOTIiO31zOjY6Il9mbGFzaCI7YToyOntzOjM6Im9sZCI7YTowOnt9czozOiJuZXciO2E6MDp7fX19',1768595748),
('rlUtRQDFxD88QNsIYyN1y8zYq3sJG8x6Wt3EOoFh',NULL,'45.142.154.42','Mozilla/5.0 (Windows NT 6.1) AppleWebKit/537.36 (KHTML, like Gecko) Chrome/49.0.2623.112 Safari/537.36','YTozOntzOjY6Il90b2tlbiI7czo0MDoibnBBeDJjQzFIcHRneWtVdldjOXV2SkNaNFZObzdKZFJMeVhMSUNiZSI7czo5OiJfcHJldmlvdXMiO2E6MTp7czozOiJ1cmwiO3M6MjI6Imh0dHBzOi8vMTY0LjkyLjI0NC4xOTIiO31zOjY6Il9mbGFzaCI7YToyOntzOjM6Im9sZCI7YTowOnt9czozOiJuZXciO2E6MDp7fX19',1767477860),
('RmmsnoXn1stConlOpuNbDydBI6ZcTpCLrpmrIyt9',NULL,'172.235.235.248','Mozilla/5.0 (Android 15; Mobile; rv:126.0.0) Gecko/126.0.0 Firefox/126.0.0','YTozOntzOjY6Il90b2tlbiI7czo0MDoibDhUYnNKaWNiSjl0RHRtNDNGREwyYXo4ZENaOGVjSmFxbFdKQ09lUCI7czo5OiJfcHJldmlvdXMiO2E6MTp7czozOiJ1cmwiO3M6MjI6Imh0dHBzOi8vMTY0LjkyLjI0NC4xOTIiO31zOjY6Il9mbGFzaCI7YToyOntzOjM6Im9sZCI7YTowOnt9czozOiJuZXciO2E6MDp7fX19',1767500417),
('rmSjP4Waron5bGoT30uZPe5yHbMlUewgjCXLSqA8',NULL,'8.148.208.38','Mozilla/5.0 (Windows NT 10.0; Win64; x64) AppleWebKit/537.36 (KHTML, like Gecko) Chrome/129.0.0.0 Safari/537.36 Edg/129.0.0.0','YTozOntzOjY6Il90b2tlbiI7czo0MDoiNnBid3ZGYlJNVGdMemhqVFZIY29QcW5xR3hNRUZVQ3R0UHR6a0xnbCI7czo5OiJfcHJldmlvdXMiO2E6MTp7czozOiJ1cmwiO3M6Mjg6Imh0dHBzOi8vZWhrYW0uYWJ1a2hhbGlsLnNpdGUiO31zOjY6Il9mbGFzaCI7YToyOntzOjM6Im9sZCI7YTowOnt9czozOiJuZXciO2E6MDp7fX19',1767994599),
('rn3uQxU8LO3nzpxCwaOSEtmHMJ4FxPdTQu0uw26T',NULL,'87.236.176.70','Mozilla/5.0 (compatible; InternetMeasurement/1.0; +https://internet-measurement.com/)','YTozOntzOjY6Il90b2tlbiI7czo0MDoiSGl1UWJvSlhWN0FFRHRpY1Jua0FrU2FWR0FqTzFaaVpyWmlscmd6SiI7czo5OiJfcHJldmlvdXMiO2E6MTp7czozOiJ1cmwiO3M6MjI6Imh0dHBzOi8vMTY0LjkyLjI0NC4xOTIiO31zOjY6Il9mbGFzaCI7YToyOntzOjM6Im9sZCI7YTowOnt9czozOiJuZXciO2E6MDp7fX19',1767243620),
('RNcDKZJn9IM4q8AQAsmHhvcDNvjOqP6lrivfjr7t',NULL,'45.56.69.101','Mozilla/5.0 (Macintosh; Intel Mac OS X 10_15_7) AppleWebKit/537.36 (KHTML, like Gecko) Chrome/92.0.4515.159 Safari/537.36','YTozOntzOjY6Il90b2tlbiI7czo0MDoia0w3UW8weFZNT0NEbDNvVGlrUmxGU2Z2S2gya0ttN1htQXBPWHBsMSI7czo5OiJfcHJldmlvdXMiO2E6MTp7czozOiJ1cmwiO3M6MjI6Imh0dHBzOi8vMTY0LjkyLjI0NC4xOTIiO31zOjY6Il9mbGFzaCI7YToyOntzOjM6Im9sZCI7YTowOnt9czozOiJuZXciO2E6MDp7fX19',1768393754),
('RNJAbdJeBD0CtdcMSaxKqqHvcQpVCdlXlr8J053x',NULL,'178.142.74.184','','YTozOntzOjY6Il90b2tlbiI7czo0MDoiVlVjZ0tQUmtra2g1M2o0TEx5MGVrTkEwbTlrcWUzSTlUOTQ2VXBiOCI7czo5OiJfcHJldmlvdXMiO2E6MTp7czozOiJ1cmwiO3M6MjI6Imh0dHBzOi8vMTY0LjkyLjI0NC4xOTIiO31zOjY6Il9mbGFzaCI7YToyOntzOjM6Im9sZCI7YTowOnt9czozOiJuZXciO2E6MDp7fX19',1766817796),
('rP8XEUhDHgf8MDuBXivvIP8NrGELQMwMfyM1PahZ',NULL,'45.141.215.97','Mozilla/5.0 (Macintosh; Intel Mac OS X 10_15_7) AppleWebKit/605.1.15 (KHTML, like Gecko) Version/26.0 Safari/605.1.15','YTozOntzOjY6Il90b2tlbiI7czo0MDoicGJpMUllOW96dU9QRm1WNmxTdHdSNHA1ektLbGl5WmU2c3BJbWw5YSI7czo5OiJfcHJldmlvdXMiO2E6MTp7czozOiJ1cmwiO3M6MjI6Imh0dHBzOi8vYWJ1a2hhbGlsLnNpdGUiO31zOjY6Il9mbGFzaCI7YToyOntzOjM6Im9sZCI7YTowOnt9czozOiJuZXciO2E6MDp7fX19',1766976194),
('RPs1jQMdP4qfJnnfbO0kqnCebELKzww28gt6BDtj',NULL,'151.115.91.2','Mozilla/5.0 (X11; Linux x86_64) AppleWebKit/537.36 (KHTML, like Gecko) Chrome/132.0.0.0 Safari/537.3','YTozOntzOjY6Il90b2tlbiI7czo0MDoieUdPV0E2N3lLeFFRaUdIZXB3dHRTUTd6d09TTTQ1bUU1bVZoSklsaiI7czo5OiJfcHJldmlvdXMiO2E6MTp7czozOiJ1cmwiO3M6MjI6Imh0dHBzOi8vYWJ1a2hhbGlsLnNpdGUiO31zOjY6Il9mbGFzaCI7YToyOntzOjM6Im9sZCI7YTowOnt9czozOiJuZXciO2E6MDp7fX19',1766817089),
('rqTUfiSbqrcxAi8rU52cjzu8McqRboM4Rb7y5SeY',NULL,'162.142.125.218','Mozilla/5.0 (compatible; CensysInspect/1.1; +https://about.censys.io/)','YTozOntzOjY6Il90b2tlbiI7czo0MDoicXJkUnZnZGRVbmtxSmZUTGtFajdXU1dmNWlhUXlKMnlUdTViR0ZCQiI7czo5OiJfcHJldmlvdXMiO2E6MTp7czozOiJ1cmwiO3M6Mjg6Imh0dHBzOi8vMTY0LjkyLjI0NC4xOTIvbG9naW4iO31zOjY6Il9mbGFzaCI7YToyOntzOjM6Im9sZCI7YTowOnt9czozOiJuZXciO2E6MDp7fX19',1767786866),
('Rr9eYIvRki9eBSCLMXMgt3CtiuAN35BFXCFWTLby',NULL,'157.245.186.51','Mozilla/4.0 (compatible; MSIE 9.0; Windows NT 10.0; .NET4.0C; .NET4.0E; .NET CLR 2.0.50727; .NET CLR 3.0.30729; .NET CLR 3.5.30729)','YTozOntzOjY6Il90b2tlbiI7czo0MDoiekFrSG4yeEVZM2xRMjlqTmtaODFnWHlweFJRcEdLNkxqakUzWDFubyI7czo5OiJfcHJldmlvdXMiO2E6MTp7czozOiJ1cmwiO3M6MjI6Imh0dHBzOi8vMTY0LjkyLjI0NC4xOTIiO31zOjY6Il9mbGFzaCI7YToyOntzOjM6Im9sZCI7YTowOnt9czozOiJuZXciO2E6MDp7fX19',1768164523),
('rs5XWeQrJMKbzt8K6zTH4l1shyOn3PcODjudOHDI',NULL,'157.230.116.91','Go-http-client/1.1','YTozOntzOjY6Il90b2tlbiI7czo0MDoiYzJXQVpSbm1PcHJ3b1FJTVNyUTBxeHdVZUNCVFUzQnEzckdaRHo2SCI7czo5OiJfcHJldmlvdXMiO2E6MTp7czozOiJ1cmwiO3M6MjI6Imh0dHBzOi8vMTY0LjkyLjI0NC4xOTIiO31zOjY6Il9mbGFzaCI7YToyOntzOjM6Im9sZCI7YTowOnt9czozOiJuZXciO2E6MDp7fX19',1768429241),
('RTP6exMypAwp1ItRWvg8qKeHX7KLr8P9ChBlonSn',NULL,'23.88.69.86','Mozilla/5.0 (Windows NT 10.0; Win64; x64) AppleWebKit/537.36 (KHTML, like Gecko) Chrome/120.0.0.0 Safari/537.36 Edg/120.0.0.0','YTozOntzOjY6Il90b2tlbiI7czo0MDoiWllNM3RvbVN0UkEySE00a014QzQyN3dWN2pYcm5MMmo0U3ZhWFpSZiI7czo5OiJfcHJldmlvdXMiO2E6MTp7czozOiJ1cmwiO3M6Mjg6Imh0dHBzOi8vZWhrYW0uYWJ1a2hhbGlsLnNpdGUiO31zOjY6Il9mbGFzaCI7YToyOntzOjM6Im9sZCI7YTowOnt9czozOiJuZXciO2E6MDp7fX19',1766820681),
('rUxdN9we0q0jlBZjZI3KCE4ULKbDORYrpOKg46iU',NULL,'35.86.218.191','Mozilla/5.0 (compatible; wpbot/1.4; +https://forms.gle/ajBaxygz9jSR8p8G9)','YTozOntzOjY6Il90b2tlbiI7czo0MDoiOTVuU2JqUXhCbUFHMkp5WER2N2hsaGduRjBEZU5ET0pDRml5bDZtVSI7czo5OiJfcHJldmlvdXMiO2E6MTp7czozOiJ1cmwiO3M6Mjg6Imh0dHBzOi8vZWhrYW0uYWJ1a2hhbGlsLnNpdGUiO31zOjY6Il9mbGFzaCI7YToyOntzOjM6Im9sZCI7YTowOnt9czozOiJuZXciO2E6MDp7fX19',1768481454),
('rxqmYPC8iqyhIkdCgP8E6HK8iGGl0RZEpxKXs9dH',NULL,'128.1.44.228','Mozilla/5.0 (Windows NT 10.0; Win64; x64) AppleWebKit/537.36 (KHTML, like Gecko) Chrome/125.0.0.0 Safari/537.36','YTozOntzOjY6Il90b2tlbiI7czo0MDoiQ24xejc5MThhTzBES21EVmhnYnFydDdTZjdvZmFCYVNTcEVZcVFaaiI7czo5OiJfcHJldmlvdXMiO2E6MTp7czozOiJ1cmwiO3M6MjI6Imh0dHBzOi8vMTY0LjkyLjI0NC4xOTIiO31zOjY6Il9mbGFzaCI7YToyOntzOjM6Im9sZCI7YTowOnt9czozOiJuZXciO2E6MDp7fX19',1767972598),
('rxXGhdxVie5b2THazvSzwVTdU7UKqOK4RPJ4zCOv',NULL,'223.199.181.8','Mozilla/5.0 (Windows NT 6.1) AppleWebKit/537.36 (KHTML, like Gecko) Chrome/49.0.2623.112 Safari/537.36','YTozOntzOjY6Il90b2tlbiI7czo0MDoiWlBxOW5DYXFmYWJaU1FXalVuYWRPUXZBWHV6a2ZiYlU3ODFFamVSVyI7czo5OiJfcHJldmlvdXMiO2E6MTp7czozOiJ1cmwiO3M6MjI6Imh0dHBzOi8vMTY0LjkyLjI0NC4xOTIiO31zOjY6Il9mbGFzaCI7YToyOntzOjM6Im9sZCI7YTowOnt9czozOiJuZXciO2E6MDp7fX19',1767831507),
('S0OtMQdaBRlvV9GXEmPk44yBKcrB0w6qDuBagwp4',NULL,'205.210.31.33','Hello from Palo Alto Networks, find out more about our scans in https://docs-cortex.paloaltonetworks.com/r/1/Cortex-Xpanse/Scanning-activity','YTozOntzOjY6Il90b2tlbiI7czo0MDoidTFNeXpuUGxXY3hRcmdjZVlwT2FNNFV3STgzc0xqTW5PenZ3Wjl6WiI7czo5OiJfcHJldmlvdXMiO2E6MTp7czozOiJ1cmwiO3M6MjI6Imh0dHBzOi8vMTY0LjkyLjI0NC4xOTIiO31zOjY6Il9mbGFzaCI7YToyOntzOjM6Im9sZCI7YTowOnt9czozOiJuZXciO2E6MDp7fX19',1768310891),
('s1wBuH6gteYKLzXWVB36BVwU9sOTn9MLTx4bNBH4',NULL,'20.46.226.34','Mozilla/5.0 zgrab/0.x','YTozOntzOjY6Il90b2tlbiI7czo0MDoiRnZMWEhwUG1oWXAxN3o1M0EwOE5wdVJvR0tHbGhYc3lTYWNrbU1aWCI7czo5OiJfcHJldmlvdXMiO2E6MTp7czozOiJ1cmwiO3M6MjI6Imh0dHBzOi8vMTY0LjkyLjI0NC4xOTIiO31zOjY6Il9mbGFzaCI7YToyOntzOjM6Im9sZCI7YTowOnt9czozOiJuZXciO2E6MDp7fX19',1768743546),
('S3b4u812mOQzxdcbfZFSkaLRY3qKhtM5HVzOyx1I',NULL,'103.120.189.68','Mozilla/5.0 (Windows NT 10.0; Win64; x64; rv:121.0) Gecko/20100101 Firefox/121.0','YTozOntzOjY6Il90b2tlbiI7czo0MDoicUZ1WTU5aUt3d3VDaE04ZHZvSlM0MzQ4NzFocGg3ek5RakRSeWRrQyI7czo5OiJfcHJldmlvdXMiO2E6MTp7czozOiJ1cmwiO3M6MjI6Imh0dHBzOi8vMTY0LjkyLjI0NC4xOTIiO31zOjY6Il9mbGFzaCI7YToyOntzOjM6Im9sZCI7YTowOnt9czozOiJuZXciO2E6MDp7fX19',1768595190),
('S4EHWhvmt17FjJs5kx9cfdzSJFQdZSaZkcsjuSP6',NULL,'178.22.24.64','Mozilla/5.0 (Windows NT 10.0; Win64; x64) AppleWebKit/537.36 (KHTML, like Gecko) Chrome/140.0.0.0 Safari/537.36','YTozOntzOjY6Il90b2tlbiI7czo0MDoiMmEzMXc1WkhnVnZ4Rlp1cFc2c0VsUTJwQTNqVHBOQ09VbWhEb3RGbSI7czo5OiJfcHJldmlvdXMiO2E6MTp7czozOiJ1cmwiO3M6MjI6Imh0dHBzOi8vMTY0LjkyLjI0NC4xOTIiO31zOjY6Il9mbGFzaCI7YToyOntzOjM6Im9sZCI7YTowOnt9czozOiJuZXciO2E6MDp7fX19',1768088342),
('s4EnOZRAh9hue0QmPMGNlrNKGoe3O9ODOcCOwGcp',NULL,'92.63.197.50','Mozilla/5.0 (Windows NT 10.0; Win64; x64) AppleWebKit/537.36 (KHTML, like Gecko) Chrome/140.0.0.0 Safari/537.36','YTozOntzOjY6Il90b2tlbiI7czo0MDoid29QMFQxUmlHbVBrd1hLSm5mMFNObk9QTnBLMVlGN1l5UkExOGFmSSI7czo5OiJfcHJldmlvdXMiO2E6MTp7czozOiJ1cmwiO3M6MjI6Imh0dHBzOi8vMTY0LjkyLjI0NC4xOTIiO31zOjY6Il9mbGFzaCI7YToyOntzOjM6Im9sZCI7YTowOnt9czozOiJuZXciO2E6MDp7fX19',1766925490),
('S4veBDBMV6JP7tjpYvlIf7X5HtPjfNZJf645Pkzn',NULL,'178.16.55.166','Mozilla/5.0 (Macintosh; Intel Mac OS X 10_15_6) AppleWebKit/605.1.15 (KHTML, like Gecko) Version/14.1.2 Mobile/15E148 Safari/604.1','YTozOntzOjY6Il90b2tlbiI7czo0MDoiUkNxd2F3WDJXbWRhZFRiRnEza2tPUFpuOHNpR2Z6Q2xabW5Ia1pleCI7czo5OiJfcHJldmlvdXMiO2E6MTp7czozOiJ1cmwiO3M6MjI6Imh0dHBzOi8vMTY0LjkyLjI0NC4xOTIiO31zOjY6Il9mbGFzaCI7YToyOntzOjM6Im9sZCI7YTowOnt9czozOiJuZXciO2E6MDp7fX19',1767298702),
('S7GPE6fI0ET2Xsr4FlguIvA0yd8eWBSJybLwwKum',NULL,'171.120.156.183','Mozilla/5.0 (Windows NT 6.1) AppleWebKit/537.36 (KHTML, like Gecko) Chrome/49.0.2623.112 Safari/537.36','YTozOntzOjY6Il90b2tlbiI7czo0MDoiT0lycHRKczBJaUloU2c0S0hDTnZSUm9CT0xpN2YyczR1amhKV1piWSI7czo5OiJfcHJldmlvdXMiO2E6MTp7czozOiJ1cmwiO3M6Mjg6Imh0dHBzOi8vZWhrYW0uYWJ1a2hhbGlsLnNpdGUiO31zOjY6Il9mbGFzaCI7YToyOntzOjM6Im9sZCI7YTowOnt9czozOiJuZXciO2E6MDp7fX19',1767832005),
('s7NMCOn1JzgMV9tAMJXipbuG4ZFyzSjChmXaokLH',NULL,'92.63.197.50','Mozilla/5.0 (Windows NT 10.0; Win64; x64) AppleWebKit/537.36 (KHTML, like Gecko) Chrome/140.0.0.0 Safari/537.36','YTozOntzOjY6Il90b2tlbiI7czo0MDoibW5BcW40OEJEN0xOeDhmZ0N0WHZVcFMzYzZRb0VlejFyaE90RkFYUCI7czo5OiJfcHJldmlvdXMiO2E6MTp7czozOiJ1cmwiO3M6MjI6Imh0dHBzOi8vMTY0LjkyLjI0NC4xOTIiO31zOjY6Il9mbGFzaCI7YToyOntzOjM6Im9sZCI7YTowOnt9czozOiJuZXciO2E6MDp7fX19',1768188922),
('sBJ5Ri7xV3aGdyosgeBtXTUCJEfyBs9OHnjOW9G1',NULL,'127.0.0.1','curl/8.7.1','YTo0OntzOjY6Il90b2tlbiI7czo0MDoiRGRLZzNHR1N5WHd1QklhelBXbzAyVVBySmpOWW10dlZqeWg4bXR4NiI7czozOiJ1cmwiO2E6MTp7czo4OiJpbnRlbmRlZCI7czozMToiaHR0cDovLzEyNy4wLjAuMTo4MDAwL2Rhc2hib2FyZCI7fXM6OToiX3ByZXZpb3VzIjthOjE6e3M6MzoidXJsIjtzOjMxOiJodHRwOi8vMTI3LjAuMC4xOjgwMDAvZGFzaGJvYXJkIjt9czo2OiJfZmxhc2giO2E6Mjp7czozOiJvbGQiO2E6MDp7fXM6MzoibmV3IjthOjA6e319fQ==',1768907330),
('SbsUSTR8SFfz4DDo9tC59aKY4sALMdfiB8qDpYkJ',NULL,'35.195.241.97','python-requests/2.32.5','YTozOntzOjY6Il90b2tlbiI7czo0MDoiQ2xOb0tudkxYUHBzZ2NiNE9heGJmM0IwT0NaUlBDNTU1OUVXczdDaCI7czo5OiJfcHJldmlvdXMiO2E6MTp7czozOiJ1cmwiO3M6MjI6Imh0dHBzOi8vMTY0LjkyLjI0NC4xOTIiO31zOjY6Il9mbGFzaCI7YToyOntzOjM6Im9sZCI7YTowOnt9czozOiJuZXciO2E6MDp7fX19',1768172551),
('seDZTxV1PuO0C5r9vY8lZ8qWpuVc4ipGsRUD5jz1',NULL,'64.62.197.220','Mozilla/5.0 (X11; Ubuntu; Linux x86_64; rv:123.0) Gecko/20100101 Firefox/123.0','YTozOntzOjY6Il90b2tlbiI7czo0MDoiZ0I2OE1Cb1pZb1VrQ1RWU2R1cmxyR2VYYjFHclNDMWR5b0RhTFBVYSI7czo5OiJfcHJldmlvdXMiO2E6MTp7czozOiJ1cmwiO3M6MjI6Imh0dHBzOi8vMTY0LjkyLjI0NC4xOTIiO31zOjY6Il9mbGFzaCI7YToyOntzOjM6Im9sZCI7YTowOnt9czozOiJuZXciO2E6MDp7fX19',1767658605),
('SfMZuMW7hd0t2GMg1YprJmDWWOm0NITWkcXQsDhn',NULL,'183.134.59.133','Dalvik/2.1.0 (Linux; U; Android 9.0; ZTE BA520 Build/MRA58K)','YTozOntzOjY6Il90b2tlbiI7czo0MDoiODFvSU95UDUzazczb2g2aXVEaGNybmhWSkNDUWVpWTNvV3Rjc1NTQSI7czo5OiJfcHJldmlvdXMiO2E6MTp7czozOiJ1cmwiO3M6Mjg6Imh0dHBzOi8vZWhrYW0uYWJ1a2hhbGlsLnNpdGUiO31zOjY6Il9mbGFzaCI7YToyOntzOjM6Im9sZCI7YTowOnt9czozOiJuZXciO2E6MDp7fX19',1767832885),
('sgCUs13qhu5irnaB4iV3EATWuJ4mMTEKPK5qgZYL',NULL,'165.227.171.105','','YTozOntzOjY6Il90b2tlbiI7czo0MDoiMXZsV3RUdURHUFc0VVhMeU54dlgyVUF5Y21MWHZTS2d2cTFzaU1NMiI7czo5OiJfcHJldmlvdXMiO2E6MTp7czozOiJ1cmwiO3M6Mjg6Imh0dHBzOi8vZWhrYW0uYWJ1a2hhbGlsLnNpdGUiO31zOjY6Il9mbGFzaCI7YToyOntzOjM6Im9sZCI7YTowOnt9czozOiJuZXciO2E6MDp7fX19',1767884529),
('ShCRP4bKC3cYoXESqdyvv8zthy7pUrfAP3bI3HkD',NULL,'35.203.211.104','Hello from Palo Alto Networks, find out more about our scans in https://docs-cortex.paloaltonetworks.com/r/1/Cortex-Xpanse/Scanning-activity','YTozOntzOjY6Il90b2tlbiI7czo0MDoiM090cDlyZkltU3pnYjlZNlAwbzJrTk9UTm1zc2paYzA2QlZoRjVpdCI7czo5OiJfcHJldmlvdXMiO2E6MTp7czozOiJ1cmwiO3M6MjI6Imh0dHBzOi8vMTY0LjkyLjI0NC4xOTIiO31zOjY6Il9mbGFzaCI7YToyOntzOjM6Im9sZCI7YTowOnt9czozOiJuZXciO2E6MDp7fX19',1768797630),
('si5jN2LFbG5js0h3tZEa3vL8Ac8xhAiycbLFzVt7',NULL,'143.110.246.118','Mozilla/5.0 (X11; Linux x86_64) AppleWebKit/537.36 (KHTML, like Gecko) Chrome/142.0.0.0 Safari/537.36','YTozOntzOjY6Il90b2tlbiI7czo0MDoiTkh3WFk3clphR3o4QUNucUJHMlRJMkxFR3dTUHNoM0J6YUo3RDNCNiI7czo5OiJfcHJldmlvdXMiO2E6MTp7czozOiJ1cmwiO3M6MjI6Imh0dHBzOi8vYWJ1a2hhbGlsLnNpdGUiO31zOjY6Il9mbGFzaCI7YToyOntzOjM6Im9sZCI7YTowOnt9czozOiJuZXciO2E6MDp7fX19',1766948292),
('SJAYti41pkZl8fUTsOSUfxbaMEiYdbyzqXPax8kL',NULL,'34.77.70.250','python-requests/2.32.5','YTozOntzOjY6Il90b2tlbiI7czo0MDoiRGFOTkJiQzkxa3dycnhpTUV4amRhc3N0aVNhU0dUVzd5Y0oyeWlUcyI7czo5OiJfcHJldmlvdXMiO2E6MTp7czozOiJ1cmwiO3M6MjI6Imh0dHBzOi8vMTY0LjkyLjI0NC4xOTIiO31zOjY6Il9mbGFzaCI7YToyOntzOjM6Im9sZCI7YTowOnt9czozOiJuZXciO2E6MDp7fX19',1768221361),
('SjH8Ue33dgdEHGohRCmWwYj4ISv6FU2F9vcTO2ce',NULL,'89.42.231.186','-','YTozOntzOjY6Il90b2tlbiI7czo0MDoiaFVmeVQ4T1VNR240a3lHMFdRbFlhU1hkbHFLa08xZkR6YmhQTjFqbyI7czo5OiJfcHJldmlvdXMiO2E6MTp7czozOiJ1cmwiO3M6MjI6Imh0dHBzOi8vMTY0LjkyLjI0NC4xOTIiO31zOjY6Il9mbGFzaCI7YToyOntzOjM6Im9sZCI7YTowOnt9czozOiJuZXciO2E6MDp7fX19',1768501809),
('SJMi9pLxbyvPtAi1xxndufr5p8lR8bxbXNT3ehcC',NULL,'34.221.104.226','Mozilla/5.0 (Macintosh; Intel Mac OS X 10_15_7) AppleWebKit/537.36 (KHTML, like Gecko) Chrome/143.0.7499.169 Safari/537.36','YTozOntzOjY6Il90b2tlbiI7czo0MDoibTVSSlV3TkM1bXRCZVFMOVd3VUdJdFNXdmRkeGtzY25xUzhRUzluNiI7czo5OiJfcHJldmlvdXMiO2E6MTp7czozOiJ1cmwiO3M6Mjg6Imh0dHBzOi8vZWhrYW0uYWJ1a2hhbGlsLnNpdGUiO31zOjY6Il9mbGFzaCI7YToyOntzOjM6Im9sZCI7YTowOnt9czozOiJuZXciO2E6MDp7fX19',1766791592),
('SlcnPMDioeuL7GgdcS7dw37xUqUzXH9cPoaUYF7j',NULL,'192.175.111.228','Mozilla/5.0 (Windows NT 10.0; Win64; x64) AppleWebKit/537.36 (KHTML, like Gecko) Chrome/143.0.0.0 Safari/537.36','YTozOntzOjY6Il90b2tlbiI7czo0MDoiSDRXVkZwMDRnSGdJT1RPQzJKNnNweVdWMDBES0lHY2RsT1U1TXE0VSI7czo5OiJfcHJldmlvdXMiO2E6MTp7czozOiJ1cmwiO3M6Mjg6Imh0dHBzOi8vZWhrYW0uYWJ1a2hhbGlsLnNpdGUiO31zOjY6Il9mbGFzaCI7YToyOntzOjM6Im9sZCI7YTowOnt9czozOiJuZXciO2E6MDp7fX19',1766794931),
('sLZNs1DpS4WwPi0iKNXJhcOYb6tI6b6ot2RHHyj1',NULL,'171.37.92.240','Mozilla/5.0 (Windows NT 6.1) AppleWebKit/537.36 (KHTML, like Gecko) Chrome/49.0.2623.112 Safari/537.36','YTozOntzOjY6Il90b2tlbiI7czo0MDoiU3QzVk1TaVN5T2JsR2xYM3NReDV4MUhiSVp0OXFSSW5uenM2Q05zRCI7czo5OiJfcHJldmlvdXMiO2E6MTp7czozOiJ1cmwiO3M6MjI6Imh0dHBzOi8vMTY0LjkyLjI0NC4xOTIiO31zOjY6Il9mbGFzaCI7YToyOntzOjM6Im9sZCI7YTowOnt9czozOiJuZXciO2E6MDp7fX19',1767832432),
('sN2BgccZCWHmSJNxJ7XIxYwfRgPRvJrydQ7Zvqat',NULL,'45.79.150.226','Mozilla/5.0 (Windows NT 10.0; Win64; x64) AppleWebKit/537.36 (KHTML, like Gecko) Chrome/83.0.4103.61 Safari/537.36','YTozOntzOjY6Il90b2tlbiI7czo0MDoielJra2hOS2ptWVBXQ3k5ajJVOEdRdHFwUEFQdmR2SHJueUtKMWc0eiI7czo5OiJfcHJldmlvdXMiO2E6MTp7czozOiJ1cmwiO3M6MjI6Imh0dHBzOi8vMTY0LjkyLjI0NC4xOTIiO31zOjY6Il9mbGFzaCI7YToyOntzOjM6Im9sZCI7YTowOnt9czozOiJuZXciO2E6MDp7fX19',1768394017),
('snFBNrzBRBVtwCXHIKx3IaTJcR8aJ7SqSjAkKao4',NULL,'52.69.91.225','Mozilla/5.0 (Windows NT 10.0; Win64; x64) AppleWebKit/537.36 (KHTML, like Gecko) Chrome/60.0.3112.113 Safari/537.36 Assetnote/1.0.0','YTozOntzOjY6Il90b2tlbiI7czo0MDoiWURUQ21vQnE0eFhEOFVHN2lVWHgyb0RaSEd5Mmo4YnBWdlBoYW5oWCI7czo5OiJfcHJldmlvdXMiO2E6MTp7czozOiJ1cmwiO3M6MjI6Imh0dHBzOi8vMTY0LjkyLjI0NC4xOTIiO31zOjY6Il9mbGFzaCI7YToyOntzOjM6Im9sZCI7YTowOnt9czozOiJuZXciO2E6MDp7fX19',1767307774),
('SNgaAMm8HYMbbiCgvVKd5DbNkIOMEEDSxW9ygBhI',NULL,'5.189.130.33','Mozilla/5.0 (Kubuntu; Linux x86_64) AppleWebKit/537.36 (KHTML, like Gecko) Chrome/128.0.0.0 Safari/537.36','YTozOntzOjY6Il90b2tlbiI7czo0MDoiem1IZUoyaXNPTWpWcXNCT05nTE9KRUh6NWNQT1g1c2JpYlZGcE9aTyI7czo5OiJfcHJldmlvdXMiO2E6MTp7czozOiJ1cmwiO3M6MjI6Imh0dHBzOi8vMTY0LjkyLjI0NC4xOTIiO31zOjY6Il9mbGFzaCI7YToyOntzOjM6Im9sZCI7YTowOnt9czozOiJuZXciO2E6MDp7fX19',1766931997),
('SNoeAmyrdaFtLy0sKibuIpSlja6T9ULKYx47T2s9',NULL,'193.31.30.236','Mozilla/5.0 (Windows NT 10.0; Win64; x64) AppleWebKit/537.36 (KHTML, like Gecko) Chrome/136.0.0.0 Safari/537.36','YTozOntzOjY6Il90b2tlbiI7czo0MDoid1N1b3lLRUw4VVp6VlRjOTNxamgxeFdLUnpPdHAxSE1lekc1SUtHeCI7czo5OiJfcHJldmlvdXMiO2E6MTp7czozOiJ1cmwiO3M6MjI6Imh0dHBzOi8vYWJ1a2hhbGlsLnNpdGUiO31zOjY6Il9mbGFzaCI7YToyOntzOjM6Im9sZCI7YTowOnt9czozOiJuZXciO2E6MDp7fX19',1766934609),
('SpGKiQJavvEjRjlsOc8x1d1uP1fo7gJgLOqBCJDW',NULL,'98.93.104.68','Mozilla/5.0 (Windows NT 10.0; Win64; x64) AppleWebKit/537.36 (KHTML, like Gecko) Chrome/135.0.0.0 Safari/537.36','YTozOntzOjY6Il90b2tlbiI7czo0MDoiWDVpdkJFUXF6R05mUDFjbXJLN0M0VXhlbVB3Mk5FZGdPbkRFV3U0NSI7czo5OiJfcHJldmlvdXMiO2E6MTp7czozOiJ1cmwiO3M6MjI6Imh0dHBzOi8vYWJ1a2hhbGlsLnNpdGUiO31zOjY6Il9mbGFzaCI7YToyOntzOjM6Im9sZCI7YTowOnt9czozOiJuZXciO2E6MDp7fX19',1766825909),
('SqiEHJmMzx80wyPe4oiV4syPJN7thUbGMBHKJiVP',NULL,'167.235.32.159','Mozilla/5.0 (Windows NT 10.0; Win64; x64) AppleWebKit/537.36 (KHTML, like Gecko) Chrome/131.0.0.0 Safari/537.36','YTozOntzOjY6Il90b2tlbiI7czo0MDoiTmt2cThsVEpUVFpoUHgxU1FxTk8wdUNEVHRGeVRNa0xwYkVxZWg5USI7czo5OiJfcHJldmlvdXMiO2E6MTp7czozOiJ1cmwiO3M6MjI6Imh0dHBzOi8vYWJ1a2hhbGlsLnNpdGUiO31zOjY6Il9mbGFzaCI7YToyOntzOjM6Im9sZCI7YTowOnt9czozOiJuZXciO2E6MDp7fX19',1766826680),
('sryF7kTlfNCm0bIUUSOwxpaerjHn0JjWeQUIqXFJ',NULL,'20.64.105.55','Mozilla/5.0 zgrab/0.x','YTozOntzOjY6Il90b2tlbiI7czo0MDoiUUU5c2ppZmxKWHpTWmVXM2I0aUNJZjhzT1B6N3lIVzZrcnJTUnJScyI7czo5OiJfcHJldmlvdXMiO2E6MTp7czozOiJ1cmwiO3M6MjI6Imh0dHBzOi8vMTY0LjkyLjI0NC4xOTIiO31zOjY6Il9mbGFzaCI7YToyOntzOjM6Im9sZCI7YTowOnt9czozOiJuZXciO2E6MDp7fX19',1767320807),
('sT91DWXfTwjlU5As7ZD9FWqSHo2NuuCEqQyRKXnI',NULL,'164.90.216.252','Mozilla/5.0 (compatible; Odin; https://docs.getodin.com/)','YTozOntzOjY6Il90b2tlbiI7czo0MDoiQ2tsaVd4WUZFcU5pOFNIeTV1dnYwaGpGRjVKTFZYRXpWWWlwZ3VmdiI7czo5OiJfcHJldmlvdXMiO2E6MTp7czozOiJ1cmwiO3M6MjI6Imh0dHBzOi8vMTY0LjkyLjI0NC4xOTIiO31zOjY6Il9mbGFzaCI7YToyOntzOjM6Im9sZCI7YTowOnt9czozOiJuZXciO2E6MDp7fX19',1768429241),
('suz9ZtABd7qn6sWXn1nmYttmaqOahMFNIXyAz36F',NULL,'85.217.140.12','Mozilla/5.0 (compatible; ModatScanner/1.2; +https://modat.io/)','YTozOntzOjY6Il90b2tlbiI7czo0MDoiZ21tRmV5cFRRY1dsOXV1OGN4T3ZXTkpsN29Qa1dOTlI3U296RXdBeiI7czo5OiJfcHJldmlvdXMiO2E6MTp7czozOiJ1cmwiO3M6MjI6Imh0dHBzOi8vMTY0LjkyLjI0NC4xOTIiO31zOjY6Il9mbGFzaCI7YToyOntzOjM6Im9sZCI7YTowOnt9czozOiJuZXciO2E6MDp7fX19',1768584968),
('SZkOhDfWZTeFWhWYP3gZueABz0Codp80XtjZFfBq',NULL,'161.8.88.234','Mozilla/5.0 (iPhone; CPU iPhone OS 26_1_0 like Mac OS X) AppleWebKit/605.1.15 (KHTML, like Gecko) CriOS/143.0.7499.151 Mobile/15E148 Safari/604.1','YTo0OntzOjY6Il90b2tlbiI7czo0MDoiSUV2OXdYY1o0cTI5WkhUeFJ3NUpJZ3RnQ2hVSXg3UVAzTHRNNXpMdCI7czo5OiJfcHJldmlvdXMiO2E6MTp7czozOiJ1cmwiO3M6Nzg6Imh0dHBzOi8vZWhrYW0uYWJ1a2hhbGlsLnNpdGUvc3dvdC9ib2FyZC8wbXhGaVlrM25ETUszZEVSblN2TEQ2SzZ0UG9wMFdRUS9pdGVtcyI7fXM6NjoiX2ZsYXNoIjthOjI6e3M6Mzoib2xkIjthOjA6e31zOjM6Im5ldyI7YTowOnt9fXM6MTg6InN3b3RfcGFydGljaXBhbnRfNSI7YTozOntzOjQ6Im5hbWUiO3M6NDoi8J+MnyI7czoyOiJpcCI7czoxMjoiMzcuNDAuMjQ5LjE1IjtzOjEwOiJzZXNzaW9uX2lkIjtzOjQwOiJTWmtPaERmV1pUZUZXaFdZUDNnWnVlQUJ6MENvZHA4MFh0alpGZkJxIjt9fQ==',1767808214),
('SzmhWatVmERkj1asWhceUyX2T5S6eMEfhmLEFuHz',NULL,'91.196.152.216','Mozilla/5.0 (X11; Ubuntu; Linux x86_64; rv:134.0) Gecko/20100101 Firefox/134.0','YTozOntzOjY6Il90b2tlbiI7czo0MDoiU2t0cE43eTAyT0JZVVNqTHJkeWpIQm55bmZtWnQzVFIyM3ZTM2dnSyI7czo5OiJfcHJldmlvdXMiO2E6MTp7czozOiJ1cmwiO3M6MjI6Imh0dHBzOi8vMTY0LjkyLjI0NC4xOTIiO31zOjY6Il9mbGFzaCI7YToyOntzOjM6Im9sZCI7YTowOnt9czozOiJuZXciO2E6MDp7fX19',1767849940),
('T47rur93kJBDnwXu79LsJeAAGyDMFK7sTkPVUtz1',NULL,'198.235.24.229','Hello from Palo Alto Networks, find out more about our scans in https://docs-cortex.paloaltonetworks.com/r/1/Cortex-Xpanse/Scanning-activity','YTozOntzOjY6Il90b2tlbiI7czo0MDoiV1FvOW4xYlNIcEh3d3lKQ3FuN05pYUlsRnFsTXRRQWxvNnd4NWNKRiI7czo5OiJfcHJldmlvdXMiO2E6MTp7czozOiJ1cmwiO3M6MjI6Imh0dHBzOi8vMTY0LjkyLjI0NC4xOTIiO31zOjY6Il9mbGFzaCI7YToyOntzOjM6Im9sZCI7YTowOnt9czozOiJuZXciO2E6MDp7fX19',1768851218),
('t7Zdrc623i9vpDfJ7JqLTSMHuy1sfjzNtGsXBuEi',1,'127.0.0.1','Mozilla/5.0 (Macintosh; Intel Mac OS X 10.15; rv:147.0) Gecko/20100101 Firefox/147.0','YTo1OntzOjY6Il90b2tlbiI7czo0MDoiam04YmoyNTBDVmdqVkpwdlBQT0JnMU1YYkY4Vnk0U010ZTVWQWVBViI7czo5OiJfcHJldmlvdXMiO2E6MTp7czozOiJ1cmwiO3M6Mzc6Imh0dHA6Ly8xMjcuMC4wLjE6ODAwMC9wcm9qZWN0L3Nob3cvMTQiO31zOjY6Il9mbGFzaCI7YToyOntzOjM6Im9sZCI7YTowOnt9czozOiJuZXciO2E6MDp7fX1zOjUwOiJsb2dpbl93ZWJfNTliYTM2YWRkYzJiMmY5NDAxNTgwZjAxNGM3ZjU4ZWE0ZTMwOTg5ZCI7aToxO3M6MjI6IlBIUERFQlVHQkFSX1NUQUNLX0RBVEEiO2E6MDp7fX0=',1768938973),
('tB8sAa3XHxNRwnhE3GoIEULB0hyVpBCmHKqVzRpZ',NULL,'35.203.211.161','Hello from Palo Alto Networks, find out more about our scans in https://docs-cortex.paloaltonetworks.com/r/1/Cortex-Xpanse/Scanning-activity','YTozOntzOjY6Il90b2tlbiI7czo0MDoiYTJkNnJaZjEzRHBraFBRY1ByTVU2RzdraG4yWjFQZ1RIblZWMlduViI7czo5OiJfcHJldmlvdXMiO2E6MTp7czozOiJ1cmwiO3M6MjI6Imh0dHBzOi8vMTY0LjkyLjI0NC4xOTIiO31zOjY6Il9mbGFzaCI7YToyOntzOjM6Im9sZCI7YTowOnt9czozOiJuZXciO2E6MDp7fX19',1768008463),
('TbOp5C1F14BCqVxGY6o3sEUISYcXPfHt8tTsjsLo',NULL,'205.210.31.138','','YTozOntzOjY6Il90b2tlbiI7czo0MDoiSnhwZmVYV1R0SDdEaWV1bFVZUDZncjBERFlEblQzaG5oazRCR3NuSSI7czo5OiJfcHJldmlvdXMiO2E6MTp7czozOiJ1cmwiO3M6MzM6Imh0dHBzOi8vMTY0LTkyLTI0NC0xOTIucGxlc2sucGFnZSI7fXM6NjoiX2ZsYXNoIjthOjI6e3M6Mzoib2xkIjthOjA6e31zOjM6Im5ldyI7YTowOnt9fX0=',1768070586),
('tC6ZrOn3styaOjc42Y5bCjLKlpADS3xgMePlqtDG',NULL,'91.84.64.84','Mozilla/5.0 (Linux; Android 6.0; Nexus 5 Build/MRA58N) AppleWebKit/537.36 (KHTML, like Gecko) Chrome/130.0.0.0 Mobile Safari/537.36','YTozOntzOjY6Il90b2tlbiI7czo0MDoicWt3eDdJUlhlc2syaTVGdzJjdXNzaUNjMEdOQ1d1UWQzcmVpUEV5dyI7czo5OiJfcHJldmlvdXMiO2E6MTp7czozOiJ1cmwiO3M6Mjg6Imh0dHBzOi8vZWhrYW0uYWJ1a2hhbGlsLnNpdGUiO31zOjY6Il9mbGFzaCI7YToyOntzOjM6Im9sZCI7YTowOnt9czozOiJuZXciO2E6MDp7fX19',1766788009),
('tFoRQNuJAZLQQdvZkjmCvouYXEjQXhWCoxi7eBeB',NULL,'198.235.24.101','Hello from Palo Alto Networks, find out more about our scans in https://docs-cortex.paloaltonetworks.com/r/1/Cortex-Xpanse/Scanning-activity','YTozOntzOjY6Il90b2tlbiI7czo0MDoiMWlsN2hrMVp4cmFlcW41Qmt1eWhBc2hsOEdJcFRnSXoyTERoM1VrNiI7czo5OiJfcHJldmlvdXMiO2E6MTp7czozOiJ1cmwiO3M6MzM6Imh0dHBzOi8vMTY0LTkyLTI0NC0xOTIucGxlc2sucGFnZSI7fXM6NjoiX2ZsYXNoIjthOjI6e3M6Mzoib2xkIjthOjA6e31zOjM6Im5ldyI7YTowOnt9fX0=',1767381273),
('ThKI7sQqZTDP0mB904388s9iYpBa5QWH0k7Whs3L',NULL,'204.76.203.18','','YTozOntzOjY6Il90b2tlbiI7czo0MDoiUmcxTzFTNWtINkZyN1UxOUg5MUJDUVBlY09oZkEyTTFLVlJ1S1VaNyI7czo5OiJfcHJldmlvdXMiO2E6MTp7czozOiJ1cmwiO3M6MjI6Imh0dHBzOi8vMTY0LjkyLjI0NC4xOTIiO31zOjY6Il9mbGFzaCI7YToyOntzOjM6Im9sZCI7YTowOnt9czozOiJuZXciO2E6MDp7fX19',1768148962),
('tlK8ywFOvaFn6fyKZGKNSIAffK3gIrbYxMAeBprs',NULL,'195.178.110.155','Mozilla/5.0','YTozOntzOjY6Il90b2tlbiI7czo0MDoiQmh2c0JjSTlWcEg3cUk2U3ZGQXRQSmU3QzYwU0NLZHNFNE1wSDBabyI7czo5OiJfcHJldmlvdXMiO2E6MTp7czozOiJ1cmwiO3M6Mjg6Imh0dHBzOi8vZWhrYW0uYWJ1a2hhbGlsLnNpdGUiO31zOjY6Il9mbGFzaCI7YToyOntzOjM6Im9sZCI7YTowOnt9czozOiJuZXciO2E6MDp7fX19',1766799805),
('TlxHXVxOrkz6SFGG7161Ad6T6dF4kGAdEUeWjnb1',NULL,'79.124.40.174','Mozilla/5.0 (Windows NT 10.0; Win64; x64) AppleWebKit/537.36 (KHTML, like Gecko) Chrome/78.0.3904.108 Safari/537.36','YTozOntzOjY6Il90b2tlbiI7czo0MDoiZlRndjR4RjM2VDJ5NGtac0xWdUlvWVg5bzZNMHhwejBDa2J6QjdQeSI7czo5OiJfcHJldmlvdXMiO2E6MTp7czozOiJ1cmwiO3M6NTM6Imh0dHBzOi8vMTY0LjkyLjI0NC4xOTIvP1hERUJVR19TRVNTSU9OX1NUQVJUPXBocHN0b3JtIjt9czo2OiJfZmxhc2giO2E6Mjp7czozOiJvbGQiO2E6MDp7fXM6MzoibmV3IjthOjA6e319fQ==',1768249764),
('TMDFDjUvXPe7pGBbvne4ij1zn770oCR16UKY5eux',NULL,'188.135.50.243','Mozilla/5.0 (Macintosh; Intel Mac OS X 10_15_7) AppleWebKit/605.1.15 (KHTML, like Gecko) Version/26.0.1 Safari/605.1.15','YTo0OntzOjY6Il90b2tlbiI7czo0MDoiMDVwNE5pa2dpTWNYYUFLOW1KakdXbmJjZ3pYcjhpV29zOEFyVVFHSiI7czozOiJ1cmwiO2E6MTp7czo4OiJpbnRlbmRlZCI7czozNDoiaHR0cHM6Ly9laGthbS5hYnVraGFsaWwuYXBwL2thbmJhbiI7fXM6OToiX3ByZXZpb3VzIjthOjE6e3M6MzoidXJsIjtzOjMzOiJodHRwczovL2Voa2FtLmFidWtoYWxpbC5hcHAvbG9naW4iO31zOjY6Il9mbGFzaCI7YToyOntzOjM6Im9sZCI7YTowOnt9czozOiJuZXciO2E6MDp7fX19',1766380052),
('tMGG4uJxbQ3z976ugOhwFgDD7bpt4vhjG1IIGwRA',NULL,'209.54.107.130','Mozilla/5.0 (Macintosh; Intel Mac OS X 10_15_7) AppleWebKit/537.36 (KHTML, like Gecko) Chrome/122.0.0.0 Safari/537.36','YTozOntzOjY6Il90b2tlbiI7czo0MDoialVNVktNSDdUenhUVjZYaGdJWkdOdGY4YkVnSzRlRzIxQ2RzbjBLdCI7czo5OiJfcHJldmlvdXMiO2E6MTp7czozOiJ1cmwiO3M6MjI6Imh0dHBzOi8vYWJ1a2hhbGlsLnNpdGUiO31zOjY6Il9mbGFzaCI7YToyOntzOjM6Im9sZCI7YTowOnt9czozOiJuZXciO2E6MDp7fX19',1766796917),
('todXk6Naoaqg0sdzbRa5iDoBC8Tf0SYcrp1l0PQ2',NULL,'116.178.129.21','Mozilla/5.0 (Windows NT 6.1) AppleWebKit/537.36 (KHTML, like Gecko) Chrome/49.0.2623.112 Safari/537.36','YTozOntzOjY6Il90b2tlbiI7czo0MDoiQXl6YnJIS21VWlBtZEdSM1RoYm1KS1c1d1pkT0tQRFFBUkFzelJBdCI7czo5OiJfcHJldmlvdXMiO2E6MTp7czozOiJ1cmwiO3M6Mjg6Imh0dHBzOi8vZWhrYW0uYWJ1a2hhbGlsLnNpdGUiO31zOjY6Il9mbGFzaCI7YToyOntzOjM6Im9sZCI7YTowOnt9czozOiJuZXciO2E6MDp7fX19',1767831825),
('tOhFBudMWAJqCBPtXZ9LMC2qiXz7bKimEOrlQNjO',NULL,'185.12.59.118','Mozilla/5.0 (Windows NT 10.0; Win64; x64; rv:132.0) Gecko/20100101 Firefox/132.0','YTozOntzOjY6Il90b2tlbiI7czo0MDoiT3V1ekoyTkVMUDAyNndYQmFyQ0pTQnI0d3oweEFaV3VVNWx0QnBEYSI7czo5OiJfcHJldmlvdXMiO2E6MTp7czozOiJ1cmwiO3M6MjI6Imh0dHBzOi8vMTY0LjkyLjI0NC4xOTIiO31zOjY6Il9mbGFzaCI7YToyOntzOjM6Im9sZCI7YTowOnt9czozOiJuZXciO2E6MDp7fX19',1767899571),
('TrgcKVcBFZXT4zOcFaUaSnqGKyDUJWV1y8D2mz4P',NULL,'64.15.129.111','Mozilla/5.0 (Windows NT 10.0; Win64; x64) AppleWebKit/537.36 (KHTML, like Gecko) Chrome/143.0.0.0 Safari/537.36','YTozOntzOjY6Il90b2tlbiI7czo0MDoiSm9xMXppWXVnQXVoZktaV2xzVEZnbG8zVTVPTHozSkNhdzhXdENYUSI7czo5OiJfcHJldmlvdXMiO2E6MTp7czozOiJ1cmwiO3M6Mjg6Imh0dHBzOi8vZWhrYW0uYWJ1a2hhbGlsLnNpdGUiO31zOjY6Il9mbGFzaCI7YToyOntzOjM6Im9sZCI7YTowOnt9czozOiJuZXciO2E6MDp7fX19',1766794931),
('tRuRl2s6Nq6lnydlbdQp39roXAZjNIseYWPHO8se',NULL,'162.142.125.197','Mozilla/5.0 (compatible; CensysInspect/1.1; +https://about.censys.io/)','YTozOntzOjY6Il90b2tlbiI7czo0MDoid0xUT0cyNHh4OW00WHZzYWhMWk9sNGhmMTduM2xuVFZDcXhwa1hCViI7czo5OiJfcHJldmlvdXMiO2E6MTp7czozOiJ1cmwiO3M6Mjc6Imh0dHBzOi8vZWhrYW0uYWJ1a2hhbGlsLmFwcCI7fXM6NjoiX2ZsYXNoIjthOjI6e3M6Mzoib2xkIjthOjA6e31zOjM6Im5ldyI7YTowOnt9fX0=',1766501402),
('tTfhB1eTi84Mi1pXblu82YePBPqPgxNfM3T8t0dO',NULL,'35.233.24.129','python-requests/2.32.5','YTozOntzOjY6Il90b2tlbiI7czo0MDoiN0VvRVM0S0l0WElNSGEyUTNmZUh6cjFva0JxNG5vaG5wZEFMblJXdiI7czo5OiJfcHJldmlvdXMiO2E6MTp7czozOiJ1cmwiO3M6MjI6Imh0dHBzOi8vMTY0LjkyLjI0NC4xOTIiO31zOjY6Il9mbGFzaCI7YToyOntzOjM6Im9sZCI7YTowOnt9czozOiJuZXciO2E6MDp7fX19',1767324961),
('TuDBJCh47LkNeji1NHHKEkgwhtCokov6j3IFKGdR',NULL,'122.96.28.129','Mozilla/5.0 (Windows NT 6.1) AppleWebKit/537.36 (KHTML, like Gecko) Chrome/49.0.2623.112 Safari/537.36','YTozOntzOjY6Il90b2tlbiI7czo0MDoiM1pZWmQ5MWluNFduQU5SdEVpbW1lcDNUbTVjV2VGYW1SeEdsTzlXZyI7czo5OiJfcHJldmlvdXMiO2E6MTp7czozOiJ1cmwiO3M6Mjg6Imh0dHBzOi8vZWhrYW0uYWJ1a2hhbGlsLnNpdGUiO31zOjY6Il9mbGFzaCI7YToyOntzOjM6Im9sZCI7YTowOnt9czozOiJuZXciO2E6MDp7fX19',1767832003),
('TUzju3nqc3XckbFj1eCxh0ocuoalMgoVw1qZOQoS',NULL,'64.62.197.197','Mozilla/5.0 (Windows NT 10.0; Win64; x64; rv:109.0) Gecko/20100101 Firefox/116.0','YTozOntzOjY6Il90b2tlbiI7czo0MDoiT0dnbjZJUHVraThUaHhNTGFRUkxxdnRnanNsV0c3TnN1V0NoZno3QSI7czo5OiJfcHJldmlvdXMiO2E6MTp7czozOiJ1cmwiO3M6MjI6Imh0dHBzOi8vMTY0LjkyLjI0NC4xOTIiO31zOjY6Il9mbGFzaCI7YToyOntzOjM6Im9sZCI7YTowOnt9czozOiJuZXciO2E6MDp7fX19',1766826725),
('tVKowQaqBWJriBX5mMti48dklBS1qJVbW5kLsL6f',NULL,'138.197.130.123','Mozilla/5.0 (X11; Linux x86_64) AppleWebKit/537.36 (KHTML, like Gecko) Chrome/142.0.0.0 Safari/537.36','YTozOntzOjY6Il90b2tlbiI7czo0MDoiNndLV2E0d3JjT2I2NElBY0UxbnVBVHBIRktQWk10N0dvRThYQ0FQayI7czo5OiJfcHJldmlvdXMiO2E6MTp7czozOiJ1cmwiO3M6Mjg6Imh0dHBzOi8vZWhrYW0uYWJ1a2hhbGlsLnNpdGUiO31zOjY6Il9mbGFzaCI7YToyOntzOjM6Im9sZCI7YTowOnt9czozOiJuZXciO2E6MDp7fX19',1766909595),
('U07tB7tr5UvvDq8JaAjDNjPYFDQYwq82as6EJpou',NULL,'188.135.50.243','Mozilla/5.0 (Linux; Android 10; K) AppleWebKit/537.36 (KHTML, like Gecko) Chrome/143.0.0.0 Mobile Safari/537.36 EdgA/143.0.0.0','YTo0OntzOjY6Il90b2tlbiI7czo0MDoiVTNvV0JSZWl4MFpqbGFSN1pBODREbU1uY3lDdUFjSk1pQUdlSkgxdiI7czozOiJ1cmwiO2E6MTp7czo4OiJpbnRlbmRlZCI7czozNDoiaHR0cHM6Ly9laGthbS5hYnVraGFsaWwuYXBwL2thbmJhbiI7fXM6OToiX3ByZXZpb3VzIjthOjE6e3M6MzoidXJsIjtzOjMzOiJodHRwczovL2Voa2FtLmFidWtoYWxpbC5hcHAvbG9naW4iO31zOjY6Il9mbGFzaCI7YToyOntzOjM6Im9sZCI7YTowOnt9czozOiJuZXciO2E6MDp7fX19',1766390342),
('u0EaDrhbpIDE8u9bvNe9jw7sqkAfvop0A0inSYyu',NULL,'5.9.94.125','Mozilla/5.0 (Windows NT 10.0; Win64; x64) AppleWebKit/537.36 (KHTML, like Gecko) Chrome/139.0.0.0 Safari/537.36','YTozOntzOjY6Il90b2tlbiI7czo0MDoiMzhaMklwWHROSTNMeVV1eXlRRlVGSDFJc0hIdjFRSEt4N1lqTzZLdCI7czo5OiJfcHJldmlvdXMiO2E6MTp7czozOiJ1cmwiO3M6Mjg6Imh0dHBzOi8vZWhrYW0uYWJ1a2hhbGlsLnNpdGUiO31zOjY6Il9mbGFzaCI7YToyOntzOjM6Im9sZCI7YTowOnt9czozOiJuZXciO2E6MDp7fX19',1766820708),
('U12Ildnj4oF1vk1dJIeFTfdJHpaQ4fWE2xOKRzyi',NULL,'65.49.1.29','Mozilla/5.0 (Macintosh; Intel Mac OS X 10_15_7) AppleWebKit/537.36 (KHTML, like Gecko) Chrome/136.0.0.0 Safari/537.36','YTozOntzOjY6Il90b2tlbiI7czo0MDoiZjcyWmFsV2I2VlBHcFo0N1I3ZnZPYVppQ0FtTnBNODYyelJvWDQ3ZiI7czo5OiJfcHJldmlvdXMiO2E6MTp7czozOiJ1cmwiO3M6MjI6Imh0dHBzOi8vMTY0LjkyLjI0NC4xOTIiO31zOjY6Il9mbGFzaCI7YToyOntzOjM6Im9sZCI7YTowOnt9czozOiJuZXciO2E6MDp7fX19',1767768911),
('u1TMicAmqGtnepPBzMzVGC2P2Q8Qb0wybjuU5TzO',NULL,'80.82.77.202','fasthttp','YTozOntzOjY6Il90b2tlbiI7czo0MDoiNnBsMWgyVzA1aWh0ZEhZVVlWVE50TmlycjlPUjVIRTlzVlVPMkZoZyI7czo5OiJfcHJldmlvdXMiO2E6MTp7czozOiJ1cmwiO3M6MjI6Imh0dHBzOi8vMTY0LjkyLjI0NC4xOTIiO31zOjY6Il9mbGFzaCI7YToyOntzOjM6Im9sZCI7YTowOnt9czozOiJuZXciO2E6MDp7fX19',1768451993),
('U2mubC6uKlzz4qWBxgBOOw96wDd2YOfpw447VSMg',NULL,'206.168.34.204','Mozilla/5.0 (compatible; CensysInspect/1.1; +https://about.censys.io/)','YTozOntzOjY6Il90b2tlbiI7czo0MDoib3BzWGRhcGdvVW1TdlExRzZyNWVWRDQzQ0p2elFib1N5djVnb3pqMSI7czo5OiJfcHJldmlvdXMiO2E6MTp7czozOiJ1cmwiO3M6Mjg6Imh0dHBzOi8vMTY0LjkyLjI0NC4xOTIvbG9naW4iO31zOjY6Il9mbGFzaCI7YToyOntzOjM6Im9sZCI7YTowOnt9czozOiJuZXciO2E6MDp7fX19',1767384035),
('u4l87PEtQuyUBzFIxS1wCGBcLvAmUoHldOJILn1u',NULL,'165.22.26.236','','YTozOntzOjY6Il90b2tlbiI7czo0MDoiZjNPTkZWWDN4VjZEWEV4T3d6UEdzelJGU2lsSTdQV2tDS3pLbW5ubCI7czo5OiJfcHJldmlvdXMiO2E6MTp7czozOiJ1cmwiO3M6MjI6Imh0dHBzOi8vMTY0LjkyLjI0NC4xOTIiO31zOjY6Il9mbGFzaCI7YToyOntzOjM6Im9sZCI7YTowOnt9czozOiJuZXciO2E6MDp7fX19',1767375452),
('u8i1DUL796UO2mgOHKomfM0IQE4ievjJ4T2DlpFe',NULL,'65.49.1.94','Mozilla/5.0 (iPad; CPU OS 15_7 like Mac OS X) AppleWebKit/605.1.15 (KHTML, like Gecko) Version/15.6,2 Mobile/15E148 Safari/604.1','YTozOntzOjY6Il90b2tlbiI7czo0MDoiYjF6R0UyclVhdDgwM0tqTWhkWVlWRTJacXpibG5wNDRpdkZRZGdMVSI7czo5OiJfcHJldmlvdXMiO2E6MTp7czozOiJ1cmwiO3M6MjI6Imh0dHBzOi8vMTY0LjkyLjI0NC4xOTIiO31zOjY6Il9mbGFzaCI7YToyOntzOjM6Im9sZCI7YTowOnt9czozOiJuZXciO2E6MDp7fX19',1767571800),
('u9Vq0hax5hF1FnD1lgxdjYwztQVtcEYNfCz5tof5',NULL,'178.22.24.64','Mozilla/5.0 (Windows NT 10.0; Win64; x64) AppleWebKit/537.36 (KHTML, like Gecko) Chrome/140.0.0.0 Safari/537.36','YTozOntzOjY6Il90b2tlbiI7czo0MDoiUjRuS2hRZUlEOFZ3ZXpPTzVYM0lWU1JycnN5WjhzdWpnZ2gwVGltSiI7czo5OiJfcHJldmlvdXMiO2E6MTp7czozOiJ1cmwiO3M6MjI6Imh0dHBzOi8vMTY0LjkyLjI0NC4xOTIiO31zOjY6Il9mbGFzaCI7YToyOntzOjM6Im9sZCI7YTowOnt9czozOiJuZXciO2E6MDp7fX19',1767847257),
('u9yd22LA7IaKsX7uLK5YaaPvFzuiMwCjgBRkwG7R',NULL,'69.166.236.89','Mozilla/5.0 (Macintosh; Intel Mac OS X 10_15_7) AppleWebKit/537.36 (KHTML, like Gecko) Chrome/120.0.0.0 Safari/537.36','YTozOntzOjY6Il90b2tlbiI7czo0MDoicjFWc3kzWHp0WEU1VVB2SUVxU1k4QjlyMEN1eDlLeGNESmc4MTFiZCI7czo5OiJfcHJldmlvdXMiO2E6MTp7czozOiJ1cmwiO3M6MjI6Imh0dHBzOi8vMTY0LjkyLjI0NC4xOTIiO31zOjY6Il9mbGFzaCI7YToyOntzOjM6Im9sZCI7YTowOnt9czozOiJuZXciO2E6MDp7fX19',1767258081),
('UaB60yf0JGHz0C7Dp5hdot3IJjsKKMY5YoMYN7Bd',NULL,'165.22.72.144','Mozilla/5.0 (Windows NT 10.0; Win64; x64; rv:109.0) Gecko/20100101 Firefox/118.0','YTozOntzOjY6Il90b2tlbiI7czo0MDoiYm5VcDNXaWFmS0NwU1ZsdEVOMWFqT0ttb1hvNFZQUU5WOERzcHBCeSI7czo5OiJfcHJldmlvdXMiO2E6MTp7czozOiJ1cmwiO3M6MjI6Imh0dHBzOi8vMTY0LjkyLjI0NC4xOTIiO31zOjY6Il9mbGFzaCI7YToyOntzOjM6Im9sZCI7YTowOnt9czozOiJuZXciO2E6MDp7fX19',1767887551),
('uaMtnpV1xX0w7vrpJvH1Ev7xm2BaYTaIMfa5HM2P',NULL,'35.203.211.40','Hello from Palo Alto Networks, find out more about our scans in https://docs-cortex.paloaltonetworks.com/r/1/Cortex-Xpanse/Scanning-activity','YTozOntzOjY6Il90b2tlbiI7czo0MDoidXdCUjFRZ243VldPZEVPdXkwZGFuY095SHI0ZXlwaHJUY0Q1NUp2dCI7czo5OiJfcHJldmlvdXMiO2E6MTp7czozOiJ1cmwiO3M6MjI6Imh0dHBzOi8vMTY0LjkyLjI0NC4xOTIiO31zOjY6Il9mbGFzaCI7YToyOntzOjM6Im9sZCI7YTowOnt9czozOiJuZXciO2E6MDp7fX19',1768619264),
('UaUwO4T2bOW9MkiMDjUup5CEYd2n4rO8HRP5ZkpZ',NULL,'165.154.36.91','','YTozOntzOjY6Il90b2tlbiI7czo0MDoiMWdBWFNiaWtHNDBScjFLbDFsTThwSWU1azJNVGVFdlF1M0xYU2d2RiI7czo5OiJfcHJldmlvdXMiO2E6MTp7czozOiJ1cmwiO3M6MjI6Imh0dHBzOi8vMTY0LjkyLjI0NC4xOTIiO31zOjY6Il9mbGFzaCI7YToyOntzOjM6Im9sZCI7YTowOnt9czozOiJuZXciO2E6MDp7fX19',1767742635),
('UAZqjhOkH1vmr0FSLePQtwJSOOsE6cU2wkJQOfRL',NULL,'165.22.26.236','','YTozOntzOjY6Il90b2tlbiI7czo0MDoiblQwUmZzTGdEYWljNnNHV1pKSTNXWEVyQzl5TjY3V3dYc1pvS2tmZiI7czo5OiJfcHJldmlvdXMiO2E6MTp7czozOiJ1cmwiO3M6Mjg6Imh0dHBzOi8vZWhrYW0uYWJ1a2hhbGlsLnNpdGUiO31zOjY6Il9mbGFzaCI7YToyOntzOjM6Im9sZCI7YTowOnt9czozOiJuZXciO2E6MDp7fX19',1767375452),
('UBL3dOju8jxrCHNIaGv1rZYJz3eTdfJzle9lWnP2',NULL,'165.154.11.149','Mozilla/5.0 (Macintosh; Intel Mac OS X 10_15_7) AppleWebKit/537.36 (KHTML, like Gecko) Chrome/120.0.0.0 Safari/537.36 Edg/120.0.0.0','YTozOntzOjY6Il90b2tlbiI7czo0MDoiNEdWbndMSk81WXVyWlZGVmJxNkdrYVFxeExqSUp0V1A1V0RaNDhCZyI7czo5OiJfcHJldmlvdXMiO2E6MTp7czozOiJ1cmwiO3M6MjI6Imh0dHBzOi8vMTY0LjkyLjI0NC4xOTIiO31zOjY6Il9mbGFzaCI7YToyOntzOjM6Im9sZCI7YTowOnt9czozOiJuZXciO2E6MDp7fX19',1767968250),
('uc0iESDHFpmgAwxIlwesmV0SsdDkZDq3WTg7NHo0',NULL,'172.235.168.35','Mozilla/5.0 (iPhone; CPU iPhone OS 18_3 like Mac OS X) AppleWebKit/605.1.15 (KHTML','YTozOntzOjY6Il90b2tlbiI7czo0MDoibHpYR0pTTWk0VWN6U1hFYkYxanBoZTFwdkZaOUdjZjFMUk1vZWRZYiI7czo5OiJfcHJldmlvdXMiO2E6MTp7czozOiJ1cmwiO3M6Mjg6Imh0dHBzOi8vMTY0LjkyLjI0NC4xOTIvbG9naW4iO31zOjY6Il9mbGFzaCI7YToyOntzOjM6Im9sZCI7YTowOnt9czozOiJuZXciO2E6MDp7fX19',1767355978),
('UC59DT9lam02QFRqAR5ZH4NuVauEnv0saoaulkOn',NULL,'65.49.20.66','Mozilla/5.0 (Windows NT 10.0; Win64; x64; rv:128.0) Gecko/20100101 Firefox/128.0','YTozOntzOjY6Il90b2tlbiI7czo0MDoieHQxNHl2VDJGalRCcVdkN05ST1lqRTVSN0lMbTEwV0VsTVYxaE40dSI7czo5OiJfcHJldmlvdXMiO2E6MTp7czozOiJ1cmwiO3M6MjI6Imh0dHBzOi8vMTY0LjkyLjI0NC4xOTIiO31zOjY6Il9mbGFzaCI7YToyOntzOjM6Im9sZCI7YTowOnt9czozOiJuZXciO2E6MDp7fX19',1767261685),
('ud29fdHc0mUp8pHsMYm5kwnrAXDw5MtxIy7qafIq',NULL,'71.6.232.28','Mozilla/5.0 (Windows NT 10.0; Win64; x64) AppleWebKit/537.36 (KHTML, like Gecko) Chrome/134.0.0.0 Safari/537.36','YTozOntzOjY6Il90b2tlbiI7czo0MDoiYXNNMWVraHdqSGF6Z2JXdUVHc0E3dFlrazRZU2dQckcyMjFkM1hUViI7czo5OiJfcHJldmlvdXMiO2E6MTp7czozOiJ1cmwiO3M6MjI6Imh0dHBzOi8vMTY0LjkyLjI0NC4xOTIiO31zOjY6Il9mbGFzaCI7YToyOntzOjM6Im9sZCI7YTowOnt9czozOiJuZXciO2E6MDp7fX19',1767598953),
('UdgL6NALEAVXCWEuAVonRQZH2Bdyimaoijg5BFIb',NULL,'98.82.114.226','Mozilla/5.0 (X11; Linux x86_64) AppleWebKit/537.36 (KHTML, like Gecko) HeadlessChrome/138.0.7204.23 Safari/537.36','YTozOntzOjY6Il90b2tlbiI7czo0MDoiQkZuNEpQODRKUXFrM2ZEWVlCMkFBemNpNjgwbUpaRXVHNUdwWWZwbSI7czo5OiJfcHJldmlvdXMiO2E6MTp7czozOiJ1cmwiO3M6MjI6Imh0dHBzOi8vYWJ1a2hhbGlsLnNpdGUiO31zOjY6Il9mbGFzaCI7YToyOntzOjM6Im9sZCI7YTowOnt9czozOiJuZXciO2E6MDp7fX19',1766983823),
('uDk5qETvkpcwJpyRPWGwRwHawyN9ZeYZFfiir9GS',NULL,'3.132.23.201','cypex.ai/scanning Mozilla/5.0 (Macintosh; Intel Mac OS X 10_15_7) Chrome/126.0.0.0 Safari/537.36','YTozOntzOjY6Il90b2tlbiI7czo0MDoiRXV5OGE2dWdGWEJhakVBRVA4Y2EzQkN3R2NFVlhacnlpQWMxVEpiUSI7czo5OiJfcHJldmlvdXMiO2E6MTp7czozOiJ1cmwiO3M6MjI6Imh0dHBzOi8vMTY0LjkyLjI0NC4xOTIiO31zOjY6Il9mbGFzaCI7YToyOntzOjM6Im9sZCI7YTowOnt9czozOiJuZXciO2E6MDp7fX19',1768634545),
('uE6C3bM7NWJvltSToTDxu3s9PBmrntUPCZvExcbI',NULL,'185.12.59.118','Mozilla/5.0 (Windows NT 10.0; Win64; x64; rv:132.0) Gecko/20100101 Firefox/132.0','YTozOntzOjY6Il90b2tlbiI7czo0MDoiM05RM1dhVDBSRklzMkJzRDU1WEdlQllreHZBaWxsTTRyRXZxMWFoRCI7czo5OiJfcHJldmlvdXMiO2E6MTp7czozOiJ1cmwiO3M6MjI6Imh0dHBzOi8vMTY0LjkyLjI0NC4xOTIiO31zOjY6Il9mbGFzaCI7YToyOntzOjM6Im9sZCI7YTowOnt9czozOiJuZXciO2E6MDp7fX19',1768070013),
('UeAbVWSDO46JjYKu49v6uj2e8JjoyWDycs3D7RSV',NULL,'5.175.234.32','Python/3.12 aiohttp/3.13.3','YTozOntzOjY6Il90b2tlbiI7czo0MDoiODlmU2pXcGp2ZzNoN0NNZ2ZnME1waktGbDU4MnVDell5N2FUd2xieCI7czo5OiJfcHJldmlvdXMiO2E6MTp7czozOiJ1cmwiO3M6MjI6Imh0dHBzOi8vMTY0LjkyLjI0NC4xOTIiO31zOjY6Il9mbGFzaCI7YToyOntzOjM6Im9sZCI7YTowOnt9czozOiJuZXciO2E6MDp7fX19',1768851584),
('ueK6sZXa8RpkXY8XbUYIwfZTXxH3x8yp0PUTBCMd',NULL,'47.236.246.163','Mozilla/5.0 (Macintosh; Intel Mac OS X 10_14_6) AppleWebKit/537.36 (KHTML, like Gecko) Chrome/76.0.3809.132 Safari/537.36','YTozOntzOjY6Il90b2tlbiI7czo0MDoiWkdVbVJCelVDZGdzZ0VoaGY3MFB5VmNyOHpXYU5neGxPbklTUjNUNSI7czo5OiJfcHJldmlvdXMiO2E6MTp7czozOiJ1cmwiO3M6Mjg6Imh0dHBzOi8vZWhrYW0uYWJ1a2hhbGlsLnNpdGUiO31zOjY6Il9mbGFzaCI7YToyOntzOjM6Im9sZCI7YTowOnt9czozOiJuZXciO2E6MDp7fX19',1767972266),
('ufZMIwGUkY8UaGNr50JiZ2BGX6MN7KeFjrGOj1Wm',NULL,'79.124.40.174','Mozilla/5.0 (Windows NT 10.0; Win64; x64) AppleWebKit/537.36 (KHTML, like Gecko) Chrome/78.0.3904.108 Safari/537.36','YTozOntzOjY6Il90b2tlbiI7czo0MDoibWV3Z1lkZ0lIRENMa1I3VXNxcFYySTVXNGtvU1M3bDFmdXQ5cWcwNCI7czo5OiJfcHJldmlvdXMiO2E6MTp7czozOiJ1cmwiO3M6NTM6Imh0dHBzOi8vMTY0LjkyLjI0NC4xOTIvP1hERUJVR19TRVNTSU9OX1NUQVJUPXBocHN0b3JtIjt9czo2OiJfZmxhc2giO2E6Mjp7czozOiJvbGQiO2E6MDp7fXM6MzoibmV3IjthOjA6e319fQ==',1767512553),
('UhcdMrxLWYs6i0t7i6ZCxnK8caiqWEGxWpMK2eMs',NULL,'87.121.84.181','Mozilla/5.0 (X11; Linux x86_64; rv:140.0) Gecko/20100101 Firefox/140.0','YTozOntzOjY6Il90b2tlbiI7czo0MDoiSFJPamh5Tm5pa3RwSHczZGh1RDVWVkxsQVhVYkRzQmRpS1dFZ2t3ZSI7czo5OiJfcHJldmlvdXMiO2E6MTp7czozOiJ1cmwiO3M6MjI6Imh0dHBzOi8vMTY0LjkyLjI0NC4xOTIiO31zOjY6Il9mbGFzaCI7YToyOntzOjM6Im9sZCI7YTowOnt9czozOiJuZXciO2E6MDp7fX19',1766784450),
('uhVhQkFhfqodYOQJwBsYb8dPSWdepTmsRgnok4PU',NULL,'107.172.58.36','Mozilla/5.0','YTozOntzOjY6Il90b2tlbiI7czo0MDoiZVJTN1ZVRkZrMEVPRU5acVFSb2lGYTBiN2dwcm5HUGxLZWtzbThvQiI7czo5OiJfcHJldmlvdXMiO2E6MTp7czozOiJ1cmwiO3M6Mjg6Imh0dHBzOi8vZWhrYW0uYWJ1a2hhbGlsLnNpdGUiO31zOjY6Il9mbGFzaCI7YToyOntzOjM6Im9sZCI7YTowOnt9czozOiJuZXciO2E6MDp7fX19',1767612700),
('UHytePQRHZBJz1EyNYkJBaaHOP3e5jEyJctwT70N',NULL,'194.110.84.218','Mozilla/5.0 (X11; Linux x86_64) AppleWebKit/537.36 (KHTML, like Gecko) Chrome/143.0.0.0 Safari/537.36','YTo0OntzOjY6Il90b2tlbiI7czo0MDoiOGxPemhQZ21uN29rVDdtWUp6M1kxeG05dkZKYTlybzQySThaUklyOCI7czozOiJ1cmwiO2E6MTp7czo4OiJpbnRlbmRlZCI7czozNDoiaHR0cHM6Ly9laGthbS5hYnVraGFsaWwuYXBwL2thbmJhbiI7fXM6OToiX3ByZXZpb3VzIjthOjE6e3M6MzoidXJsIjtzOjI3OiJodHRwczovL2Voa2FtLmFidWtoYWxpbC5hcHAiO31zOjY6Il9mbGFzaCI7YToyOntzOjM6Im9sZCI7YTowOnt9czozOiJuZXciO2E6MDp7fX19',1766383708),
('ui0yZQuCt5GpKUCbZXNq9LnBlzXQW3rzmOAR5GYH',NULL,'195.178.110.155','Mozilla/5.0','YTozOntzOjY6Il90b2tlbiI7czo0MDoiSWp2MzgwRWpoNUJFcXVhM0hQQ2hNSWt0NUN3Y2RHZWE1TVRJQ001RiI7czo5OiJfcHJldmlvdXMiO2E6MTp7czozOiJ1cmwiO3M6Mjg6Imh0dHBzOi8vZWhrYW0uYWJ1a2hhbGlsLnNpdGUiO31zOjY6Il9mbGFzaCI7YToyOntzOjM6Im9sZCI7YTowOnt9czozOiJuZXciO2E6MDp7fX19',1766868475),
('UITmFWf1ALzJZUmQaSmKXR1RZLqowzup81FYnnKu',NULL,'3.255.134.149','Mozilla/5.0 (Windows NT 10.0; Win64; x64) AppleWebKit/537.36 (KHTML, like Gecko) Chrome/115.0.0.0 Safari/537.36','YTozOntzOjY6Il90b2tlbiI7czo0MDoiU1h4bXk3OGt5RGF5OVhYZ1Vsc3V2UVRieGVSRGZCY25mTnVCVGZOaCI7czo5OiJfcHJldmlvdXMiO2E6MTp7czozOiJ1cmwiO3M6Mjg6Imh0dHBzOi8vZWhrYW0uYWJ1a2hhbGlsLnNpdGUiO31zOjY6Il9mbGFzaCI7YToyOntzOjM6Im9sZCI7YTowOnt9czozOiJuZXciO2E6MDp7fX19',1767187559),
('uMbayMbf5ORc3QLLsaA6ZxxWSwTVOKsqKfxRpHsL',NULL,'116.178.128.197','Mozilla/5.0 (Windows NT 6.1) AppleWebKit/537.36 (KHTML, like Gecko) Chrome/49.0.2623.112 Safari/537.36','YTozOntzOjY6Il90b2tlbiI7czo0MDoiV0Q3eGZ0REZ1UEZWdkdaOWswQ01WTklWYVhaQUJ3RnIzN3dkbVNWYiI7czo5OiJfcHJldmlvdXMiO2E6MTp7czozOiJ1cmwiO3M6MjI6Imh0dHBzOi8vMTY0LjkyLjI0NC4xOTIiO31zOjY6Il9mbGFzaCI7YToyOntzOjM6Im9sZCI7YTowOnt9czozOiJuZXciO2E6MDp7fX19',1767832649),
('umfDYCju0VyWUg05OxuEzf6OiBav5Ix98zPK7jsa',NULL,'66.249.76.228','Mozilla/5.0 (Linux; Android 6.0.1; Nexus 5X Build/MMB29P) AppleWebKit/537.36 (KHTML, like Gecko) Chrome/141.0.7390.122 Mobile Safari/537.36 (compatible; Googlebot/2.1; +http://www.google.com/bot.html)','YTozOntzOjY6Il90b2tlbiI7czo0MDoiWFdCWkxCQ3VyNm1GYk1kTjNoalVPZ1NwQUwxc3ZjUWN6NkJvbVFxViI7czo5OiJfcHJldmlvdXMiO2E6MTp7czozOiJ1cmwiO3M6MjI6Imh0dHBzOi8vYWJ1a2hhbGlsLnNpdGUiO31zOjY6Il9mbGFzaCI7YToyOntzOjM6Im9sZCI7YTowOnt9czozOiJuZXciO2E6MDp7fX19',1766842834),
('UQ8NKABOJEJ2KdT7GHbWVTl4riQT9hITBKEy8sEM',NULL,'45.156.128.128','Mozilla/5.0 (Windows NT 10.0; Win64; x64) AppleWebKit/537.36 (KHTML, like Gecko) Chrome/60.0.3112.113 Safari/537.36','YTozOntzOjY6Il90b2tlbiI7czo0MDoiVkpaZXAyZEo1eUFqc0Jwa3NERTcwcnVMcUJMMDNQZVN6WlByeDNGcyI7czo5OiJfcHJldmlvdXMiO2E6MTp7czozOiJ1cmwiO3M6MjI6Imh0dHBzOi8vMTY0LjkyLjI0NC4xOTIiO31zOjY6Il9mbGFzaCI7YToyOntzOjM6Im9sZCI7YTowOnt9czozOiJuZXciO2E6MDp7fX19',1768400742),
('UquYnF7JwKg2yGJJCzy0RGDSSisEAYrInXDi8EU1',NULL,'45.156.129.78','Mozilla/5.0 (Windows NT 10.0; WOW64) AppleWebKit/537.36 (KHTML, like Gecko) Chrome/66.0.3359.117 Safari/537.36','YTozOntzOjY6Il90b2tlbiI7czo0MDoiMUJQQlBXNmp1T2pmenBybERYNlkxa0VWM0VpZk5sYUc4YU91cmRXdCI7czo5OiJfcHJldmlvdXMiO2E6MTp7czozOiJ1cmwiO3M6MjI6Imh0dHBzOi8vMTY0LjkyLjI0NC4xOTIiO31zOjY6Il9mbGFzaCI7YToyOntzOjM6Im9sZCI7YTowOnt9czozOiJuZXciO2E6MDp7fX19',1767480835),
('UR6j0nOj9sAHiSRTR7UnaEgi4Hgkb4yo0mJaT4bF',NULL,'85.217.140.7','Mozilla/5.0 (compatible; ModatScanner/1.2; +https://modat.io/)','YTozOntzOjY6Il90b2tlbiI7czo0MDoia3hScU9hWmx4UlZrSUk5WEdFczVzWmZDNHRoVG1ENWVqTjhmSmVvRiI7czo5OiJfcHJldmlvdXMiO2E6MTp7czozOiJ1cmwiO3M6MjI6Imh0dHBzOi8vMTY0LjkyLjI0NC4xOTIiO31zOjY6Il9mbGFzaCI7YToyOntzOjM6Im9sZCI7YTowOnt9czozOiJuZXciO2E6MDp7fX19',1768883949),
('urRIXApku7UTjg25C0PWUWGb7K8wrTHqQwmhgmMl',NULL,'92.63.197.50','Mozilla/5.0 (Windows NT 10.0; Win64; x64) AppleWebKit/537.36 (KHTML, like Gecko) Chrome/140.0.0.0 Safari/537.36','YTozOntzOjY6Il90b2tlbiI7czo0MDoidDJhbWNhd1ZjNzVSR2JxaWozREE2dWFBWkh6ME9yTkpMNjFTZTJGRiI7czo5OiJfcHJldmlvdXMiO2E6MTp7czozOiJ1cmwiO3M6MjI6Imh0dHBzOi8vMTY0LjkyLjI0NC4xOTIiO31zOjY6Il9mbGFzaCI7YToyOntzOjM6Im9sZCI7YTowOnt9czozOiJuZXciO2E6MDp7fX19',1767409661),
('USCyUCjGjw5vFEqzAHtkicLXNBDWl3nka5jBOBAZ',NULL,'77.83.39.184','Mozilla/5.0 (Windows NT 6.1) AppleWebKit/537.36 (KHTML, like Gecko) Chrome/76.0.3809.62 YaBrowser/19.9.0.918 (beta) Yowser/2.5 Safari/537.36','YTozOntzOjY6Il90b2tlbiI7czo0MDoidUtwMUZ5bkZnN2I4T2JpeHYzNWVTUmxkazhReW9tRzJXMFAzT3hRUiI7czo5OiJfcHJldmlvdXMiO2E6MTp7czozOiJ1cmwiO3M6MjI6Imh0dHBzOi8vMTY0LjkyLjI0NC4xOTIiO31zOjY6Il9mbGFzaCI7YToyOntzOjM6Im9sZCI7YTowOnt9czozOiJuZXciO2E6MDp7fX19',1768244751),
('uSvtd844t934DVgjaTjk434btA8TjYeOJ1yZ50hp',NULL,'171.36.7.187','Mozilla/5.0 (Windows NT 6.1) AppleWebKit/537.36 (KHTML, like Gecko) Chrome/49.0.2623.112 Safari/537.36','YTozOntzOjY6Il90b2tlbiI7czo0MDoidFJ4cDRYMldQWjBqMTl5a1RYUXBVcnoxOUZFRHdUY1JOTDd3Uk1hQSI7czo5OiJfcHJldmlvdXMiO2E6MTp7czozOiJ1cmwiO3M6Mjg6Imh0dHBzOi8vZWhrYW0uYWJ1a2hhbGlsLnNpdGUiO31zOjY6Il9mbGFzaCI7YToyOntzOjM6Im9sZCI7YTowOnt9czozOiJuZXciO2E6MDp7fX19',1767831987),
('Ut1PxnmVlQAXnhEGX1b5MTQsdZ1ohhHlQjjB7Q6K',NULL,'35.203.210.90','Hello from Palo Alto Networks, find out more about our scans in https://docs-cortex.paloaltonetworks.com/r/1/Cortex-Xpanse/Scanning-activity','YTozOntzOjY6Il90b2tlbiI7czo0MDoiTThuOElhY1dvVFE2R0tEa2podWNhM21kREJlaUdXdjNlTER3MjhoWiI7czo5OiJfcHJldmlvdXMiO2E6MTp7czozOiJ1cmwiO3M6MjI6Imh0dHBzOi8vMTY0LjkyLjI0NC4xOTIiO31zOjY6Il9mbGFzaCI7YToyOntzOjM6Im9sZCI7YTowOnt9czozOiJuZXciO2E6MDp7fX19',1767161062),
('UuKAhB1m1ueajNx9xa2eobmevvH9gWOHTJhKZul5',NULL,'35.203.210.215','Hello from Palo Alto Networks, find out more about our scans in https://docs-cortex.paloaltonetworks.com/r/1/Cortex-Xpanse/Scanning-activity','YTozOntzOjY6Il90b2tlbiI7czo0MDoiaW80cjhyWHNHR0lPRlBmNmV5R2NyN1pBTTgybnFmSlYxbHNhVkZTbiI7czo5OiJfcHJldmlvdXMiO2E6MTp7czozOiJ1cmwiO3M6MjI6Imh0dHBzOi8vMTY0LjkyLjI0NC4xOTIiO31zOjY6Il9mbGFzaCI7YToyOntzOjM6Im9sZCI7YTowOnt9czozOiJuZXciO2E6MDp7fX19',1767741696),
('uVAfET06bV5jfJyAWpU0vGMIgUAEDhePsGeh5mhj',NULL,'192.175.111.231','Mozilla/5.0 (Windows NT 10.0; Win64; x64) AppleWebKit/537.36 (KHTML, like Gecko) Chrome/143.0.0.0 Safari/537.36','YTozOntzOjY6Il90b2tlbiI7czo0MDoiWXhpSzFjNm9kdXc0WjMxb1c0VTYyektuNW1xN1NyS1B1dDM5eVZtSyI7czo5OiJfcHJldmlvdXMiO2E6MTp7czozOiJ1cmwiO3M6Mjg6Imh0dHBzOi8vZWhrYW0uYWJ1a2hhbGlsLnNpdGUiO31zOjY6Il9mbGFzaCI7YToyOntzOjM6Im9sZCI7YTowOnt9czozOiJuZXciO2E6MDp7fX19',1766794929),
('Ux2Dwm2zRpLxXNGQ6qz1nLwzww9Yo17lhimwBSjG',NULL,'34.57.170.68','Mozilla/5.0 (compatible; CMS-Checker/1.0; +https://example.com)','YTozOntzOjY6Il90b2tlbiI7czo0MDoiVU5MMVpTVjh5V0R1MVpscUtISjJMZUp2TlZqVmp3Q29lbVM1ejM5QiI7czo5OiJfcHJldmlvdXMiO2E6MTp7czozOiJ1cmwiO3M6Mjg6Imh0dHBzOi8vZWhrYW0uYWJ1a2hhbGlsLnNpdGUiO31zOjY6Il9mbGFzaCI7YToyOntzOjM6Im9sZCI7YTowOnt9czozOiJuZXciO2E6MDp7fX19',1766916475),
('uZiKNEWb0POPdMrfG1jRCEr5xDBrS0tkAIuJB9SR',NULL,'79.124.40.174','Mozilla/5.0 (Windows NT 10.0; Win64; x64) AppleWebKit/537.36 (KHTML, like Gecko) Chrome/78.0.3904.108 Safari/537.36','YTozOntzOjY6Il90b2tlbiI7czo0MDoiaW1GV1NVcEtwTTRuOFprTDZ3VHliY0hKU1owc2tiZjVya2dVbjJOTiI7czo5OiJfcHJldmlvdXMiO2E6MTp7czozOiJ1cmwiO3M6NTM6Imh0dHBzOi8vMTY0LjkyLjI0NC4xOTIvP1hERUJVR19TRVNTSU9OX1NUQVJUPXBocHN0b3JtIjt9czo2OiJfZmxhc2giO2E6Mjp7czozOiJvbGQiO2E6MDp7fXM6MzoibmV3IjthOjA6e319fQ==',1767787347),
('V1aA6wby2A05mo8BReafZZvXLJvU01Bmi1zCTBrJ',NULL,'40.74.212.73','Mozilla/5.0 zgrab/0.x','YTozOntzOjY6Il90b2tlbiI7czo0MDoiZmZ5Sk11d1E2MFZCQmpHSDRibGVGR29zb3ZUcUs0Qnk0NXJTNktUUiI7czo5OiJfcHJldmlvdXMiO2E6MTp7czozOiJ1cmwiO3M6MjI6Imh0dHBzOi8vMTY0LjkyLjI0NC4xOTIiO31zOjY6Il9mbGFzaCI7YToyOntzOjM6Im9sZCI7YTowOnt9czozOiJuZXciO2E6MDp7fX19',1768642582),
('v1DlAKg7f4QhaO2FGh08ZMKoIKdGyHL45WyyGhOY',NULL,'185.247.137.192','Mozilla/5.0 (compatible; InternetMeasurement/1.0; +https://internet-measurement.com/)','YTozOntzOjY6Il90b2tlbiI7czo0MDoiWnBFR0NjckZVWm1EYU8ybUw0RXBpRk0xelhIclBkTGRvcWIyam1nMyI7czo5OiJfcHJldmlvdXMiO2E6MTp7czozOiJ1cmwiO3M6MjI6Imh0dHBzOi8vMTY0LjkyLjI0NC4xOTIiO31zOjY6Il9mbGFzaCI7YToyOntzOjM6Im9sZCI7YTowOnt9czozOiJuZXciO2E6MDp7fX19',1766983561),
('V1M916KkqsgikTQnV9paOsAMw7azTK805iqj9EYB',NULL,'195.178.110.155','Mozilla/5.0','YTozOntzOjY6Il90b2tlbiI7czo0MDoiZXdPQUlvU2lGa3RMNjNtRDdCVWd5TzhYbDZIQnI4YW92eFhMclBrSCI7czo5OiJfcHJldmlvdXMiO2E6MTp7czozOiJ1cmwiO3M6Mjg6Imh0dHBzOi8vZWhrYW0uYWJ1a2hhbGlsLnNpdGUiO31zOjY6Il9mbGFzaCI7YToyOntzOjM6Im9sZCI7YTowOnt9czozOiJuZXciO2E6MDp7fX19',1767807362),
('v2sd9YWq6TG5JOcOKGTKrDHoA2ANTJXSxEyqmNOK',NULL,'34.221.104.226','Mozilla/5.0 (Linux; Android 8.0.0; SM-G965U Build/R16NW) AppleWebKit/537.36 (KHTML, like Gecko) Chrome/143.0.7499.169 Mobile Safari/537.36','YTozOntzOjY6Il90b2tlbiI7czo0MDoiUVBVQmxLMlZXZ3VSek9rYkVDTzVPRkIyaVFrTXpxNHBTZ3pZb3VrMCI7czo5OiJfcHJldmlvdXMiO2E6MTp7czozOiJ1cmwiO3M6Mjg6Imh0dHBzOi8vZWhrYW0uYWJ1a2hhbGlsLnNpdGUiO31zOjY6Il9mbGFzaCI7YToyOntzOjM6Im9sZCI7YTowOnt9czozOiJuZXciO2E6MDp7fX19',1766791597),
('v6YNRFpzLAnMsrkOKIccjdnpHT5Biov8AeOIaZqM',NULL,'5.21.229.133','Mozilla/5.0 (Windows NT 10.0; Win64; x64) AppleWebKit/537.36 (KHTML, like Gecko) Chrome/143.0.0.0 Safari/537.36','YTozOntzOjY6Il90b2tlbiI7czo0MDoiT3lDVEVFZ2ZUS1pFUmR5Z3NiZENmT0dIOHJpcnlQRUZYNzZuOUhMYiI7czo5OiJfcHJldmlvdXMiO2E6MTp7czozOiJ1cmwiO3M6Mjg6Imh0dHBzOi8vZWhrYW0uYWJ1a2hhbGlsLnNpdGUiO31zOjY6Il9mbGFzaCI7YToyOntzOjM6Im9sZCI7YTowOnt9czozOiJuZXciO2E6MDp7fX19',1767182384),
('vAKpHiKKhHuuNIFhXLqvjD6b07qj2fIXDOF9t4B3',NULL,'206.81.29.46','Mozilla/5.0 (Windows NT 10.0; Win64; x64; rv:109.0) Gecko/20100101 Firefox/118.0','YTozOntzOjY6Il90b2tlbiI7czo0MDoidVAwMW9iWnp5RHRVVHE0eXBuRUVWS1FPSkxaeng2d25rMEJtM09iUSI7czo5OiJfcHJldmlvdXMiO2E6MTp7czozOiJ1cmwiO3M6MjI6Imh0dHBzOi8vMTY0LjkyLjI0NC4xOTIiO31zOjY6Il9mbGFzaCI7YToyOntzOjM6Im9sZCI7YTowOnt9czozOiJuZXciO2E6MDp7fX19',1767282665),
('vaNWmnccAPYzMSzXHB1gkhuuKnTRIlS2PTJsLWQs',NULL,'206.168.34.200','Mozilla/5.0 (compatible; CensysInspect/1.1; +https://about.censys.io/)','YTozOntzOjY6Il90b2tlbiI7czo0MDoiZHROUlRvWnpwY2x2N0FXb3dTUElkSnJSMFpFd2l5MW9GUUZkbFBQbyI7czo5OiJfcHJldmlvdXMiO2E6MTp7czozOiJ1cmwiO3M6Mjg6Imh0dHBzOi8vMTY0LjkyLjI0NC4xOTIvbG9naW4iO31zOjY6Il9mbGFzaCI7YToyOntzOjM6Im9sZCI7YTowOnt9czozOiJuZXciO2E6MDp7fX19',1768877934),
('vCsuFRFWOvs1BQxl4GQaJwD5DJ36R0iMphvDO38x',NULL,'85.217.140.13','Mozilla/5.0 (compatible; ModatScanner/1.2; +https://modat.io/)','YTozOntzOjY6Il90b2tlbiI7czo0MDoiZUNGemJ1NlhBTHI5UmpJRE42c0RUemJCZEduOE43UmlTMkFwZjNMWSI7czo5OiJfcHJldmlvdXMiO2E6MTp7czozOiJ1cmwiO3M6MjI6Imh0dHBzOi8vMTY0LjkyLjI0NC4xOTIiO31zOjY6Il9mbGFzaCI7YToyOntzOjM6Im9sZCI7YTowOnt9czozOiJuZXciO2E6MDp7fX19',1768608022),
('vdftq1aV3M4Wlg32VWI8dpxyTvqkHcpHvfU4b6ft',NULL,'162.142.125.121','Mozilla/5.0 (compatible; CensysInspect/1.1; +https://about.censys.io/)','YTozOntzOjY6Il90b2tlbiI7czo0MDoieXd4Y0dpNVdseHRrbFFabExNNmtIWjAyWU80MVgxaG1UWVNtS1lwOSI7czo5OiJfcHJldmlvdXMiO2E6MTp7czozOiJ1cmwiO3M6MjI6Imh0dHBzOi8vMTY0LjkyLjI0NC4xOTIiO31zOjY6Il9mbGFzaCI7YToyOntzOjM6Im9sZCI7YTowOnt9czozOiJuZXciO2E6MDp7fX19',1767877023),
('Vdyep0ENt5JF0z8i2sttiS1DiDsyZhst0RSTkfmV',NULL,'130.12.180.19','Mozilla/5.0 (X11; Linux x86_64; rv:140.0) Gecko/20100101 Firefox/140.0','YTozOntzOjY6Il90b2tlbiI7czo0MDoiSjc0cGJ5bnVMRFdEcDB3NE1scFZBbjViekZsWW13cXM0SXFsQ3pRNSI7czo5OiJfcHJldmlvdXMiO2E6MTp7czozOiJ1cmwiO3M6MjI6Imh0dHBzOi8vMTY0LjkyLjI0NC4xOTIiO31zOjY6Il9mbGFzaCI7YToyOntzOjM6Im9sZCI7YTowOnt9czozOiJuZXciO2E6MDp7fX19',1768328807),
('veSbjJMxxnE6tQignD2lunMhfr7JhJa5lDin4v6d',NULL,'65.49.1.66','Mozilla/5.0 (Macintosh; Intel Mac OS X 10_15_7) AppleWebKit/605.1.15 (KHTML, like Gecko) Version/26.0 Safari/605.1.15','YTozOntzOjY6Il90b2tlbiI7czo0MDoiMXFMMlNUdndKRjM0aXRCQ3RnSjF0S3dmejE3SHFmdkZKN2dlcjRuayI7czo5OiJfcHJldmlvdXMiO2E6MTp7czozOiJ1cmwiO3M6MjI6Imh0dHBzOi8vMTY0LjkyLjI0NC4xOTIiO31zOjY6Il9mbGFzaCI7YToyOntzOjM6Im9sZCI7YTowOnt9czozOiJuZXciO2E6MDp7fX19',1768188778),
('VFpUoSNn6uJLNOVM0VGWxA41uDiVHaX1b09ZSRXb',NULL,'179.43.191.98','Mozilla/5.0 (Knoppix; Linux i686) AppleWebKit/537.36 (KHTML, like Gecko) Chrome/129.0.0.0 Safari/537.36','YTozOntzOjY6Il90b2tlbiI7czo0MDoieFNKS1daeDZrc3BNZ0lDVlJnM3NCTkh5ZENlSFVnTjc4TmZhR3pTUSI7czo5OiJfcHJldmlvdXMiO2E6MTp7czozOiJ1cmwiO3M6Mjg6Imh0dHBzOi8vZWhrYW0uYWJ1a2hhbGlsLnNpdGUiO31zOjY6Il9mbGFzaCI7YToyOntzOjM6Im9sZCI7YTowOnt9czozOiJuZXciO2E6MDp7fX19',1767240797),
('VgPdJQCI9qb3KVRsLQl1KkASPeW2misKLUxBggXB',NULL,'167.94.138.179','Mozilla/5.0 (compatible; CensysInspect/1.1; +https://about.censys.io/)','YTozOntzOjY6Il90b2tlbiI7czo0MDoiQXQ3V2pZNHpxTEZJYmVSaW4yNXA1NklGYnNpSmZXdEN3cmY4UlBNMSI7czo5OiJfcHJldmlvdXMiO2E6MTp7czozOiJ1cmwiO3M6Mjg6Imh0dHBzOi8vMTY0LjkyLjI0NC4xOTIvbG9naW4iO31zOjY6Il9mbGFzaCI7YToyOntzOjM6Im9sZCI7YTowOnt9czozOiJuZXciO2E6MDp7fX19',1767877203),
('vhmJLsiYu6cU93nQYeMg8yIrsK4Y1BtcVJ4rNs3O',NULL,'45.142.154.42','','YTozOntzOjY6Il90b2tlbiI7czo0MDoiWVVTbTRNRXJEYktrRUZFNjlRNzlDWnF4S2hRM3RWbEZ6Q2JSVlJoRSI7czo5OiJfcHJldmlvdXMiO2E6MTp7czozOiJ1cmwiO3M6MjI6Imh0dHBzOi8vMTY0LjkyLjI0NC4xOTIiO31zOjY6Il9mbGFzaCI7YToyOntzOjM6Im9sZCI7YTowOnt9czozOiJuZXciO2E6MDp7fX19',1767477854),
('vHODLwYEdDsO7XFfeU40kreMhPf19UNrgzP1eOWp',NULL,'91.98.176.87','Mozilla/5.0 (Macintosh; Intel Mac OS X 10_15_7) AppleWebKit/537.36 (KHTML, like Gecko) Chrome/131.0.0.0 Safari/537.36','YTozOntzOjY6Il90b2tlbiI7czo0MDoiVTlWNG81WVFkdGdUNFJzVFZrU0FDd0doaXRPdGJ3UXRuU0FLMEpMaiI7czo5OiJfcHJldmlvdXMiO2E6MTp7czozOiJ1cmwiO3M6MjI6Imh0dHBzOi8vYWJ1a2hhbGlsLnNpdGUiO31zOjY6Il9mbGFzaCI7YToyOntzOjM6Im9sZCI7YTowOnt9czozOiJuZXciO2E6MDp7fX19',1766857715),
('VhrihOYxE7k3TfdDnZZVdKtPYUF9ER0N5JsaCLjc',NULL,'113.31.186.146','Dalvik/2.1.0 (Linux; U; Android 9.0; ZTE BA520 Build/MRA58K)','YTozOntzOjY6Il90b2tlbiI7czo0MDoiUnU4b1NHMWgwMUxlVDZXbFY4OU5qcDd1YzBYTDNQUFc4UFVHWDFyQyI7czo5OiJfcHJldmlvdXMiO2E6MTp7czozOiJ1cmwiO3M6Mjg6Imh0dHBzOi8vZWhrYW0uYWJ1a2hhbGlsLnNpdGUiO31zOjY6Il9mbGFzaCI7YToyOntzOjM6Im9sZCI7YTowOnt9czozOiJuZXciO2E6MDp7fX19',1767832874),
('VHZ4zVymOBJ3e2xmPGSgIGR1oQ7vE16LaEdCg9GL',NULL,'103.153.141.147','python-requests/2.32.5','YToyOntzOjY6Il90b2tlbiI7czo0MDoiQTlGc0VmMENHNU1qSmxzWEhvZ3Y5YVZNMjVybktGSTFaUUpjSjBBRCI7czo2OiJfZmxhc2giO2E6Mjp7czozOiJvbGQiO2E6MDp7fXM6MzoibmV3IjthOjA6e319fQ==',1767324609),
('vIlDlJ2Bmdd6EMm04y4YDGtF8KMDaHE3Ti7eiSwi',NULL,'35.203.210.35','Hello from Palo Alto Networks, find out more about our scans in https://docs-cortex.paloaltonetworks.com/r/1/Cortex-Xpanse/Scanning-activity','YTozOntzOjY6Il90b2tlbiI7czo0MDoieTY1MEdtZ3lDMzhwUFhLWG9ldW1JSmZjYUpyMm5zRWVHVlZnYkdMcyI7czo5OiJfcHJldmlvdXMiO2E6MTp7czozOiJ1cmwiO3M6MjI6Imh0dHBzOi8vMTY0LjkyLjI0NC4xOTIiO31zOjY6Il9mbGFzaCI7YToyOntzOjM6Im9sZCI7YTowOnt9czozOiJuZXciO2E6MDp7fX19',1768373937),
('vipJn2t9vFofzcM33tMhtVXwSWJwSvELtde6C7Cz',NULL,'45.79.128.205','Mozilla/5.0 (Macintosh; Intel Mac OS X 13_1) AppleWebKit/537.36 (KHTML, like Gecko) Chrome/108.0.0.0 Safari/537.36','YTozOntzOjY6Il90b2tlbiI7czo0MDoibWJ0cWlFaUZranRrYkpWZTBCMnpMUTdtekZyWGxGSThsUlVTcE95aSI7czo5OiJfcHJldmlvdXMiO2E6MTp7czozOiJ1cmwiO3M6MjI6Imh0dHBzOi8vMTY0LjkyLjI0NC4xOTIiO31zOjY6Il9mbGFzaCI7YToyOntzOjM6Im9sZCI7YTowOnt9czozOiJuZXciO2E6MDp7fX19',1767183411),
('vJcKASXZT27Gt0sanuWqcXg1v3cI57IHZcIeUNwk',NULL,'91.92.241.119','Mozilla/5.0 (X11; U; FreeBSD i386; de-CH; rv:1.9.2.8) Gecko/20100729 Firefox/3.6.8','YTozOntzOjY6Il90b2tlbiI7czo0MDoieFg5SktXeXJTY2ZaMVBpeTl5VXZWbnV2NTlnTEUxdW14WXVFWlJlVyI7czo5OiJfcHJldmlvdXMiO2E6MTp7czozOiJ1cmwiO3M6Mjg6Imh0dHBzOi8vZWhrYW0uYWJ1a2hhbGlsLnNpdGUiO31zOjY6Il9mbGFzaCI7YToyOntzOjM6Im9sZCI7YTowOnt9czozOiJuZXciO2E6MDp7fX19',1767713351),
('vKjRkBeocpgolO3TVrhK30HXwurRj4nBjcA1i6Ku',NULL,'34.76.34.183','python-requests/2.32.5','YTozOntzOjY6Il90b2tlbiI7czo0MDoiR3Y2VUpnSnFlWWk2UjFBejNJRXNwcm8wbzNvZE1iMThwblY2ekozSCI7czo5OiJfcHJldmlvdXMiO2E6MTp7czozOiJ1cmwiO3M6MjI6Imh0dHBzOi8vMTY0LjkyLjI0NC4xOTIiO31zOjY6Il9mbGFzaCI7YToyOntzOjM6Im9sZCI7YTowOnt9czozOiJuZXciO2E6MDp7fX19',1768509456),
('vLIc8GRTAwOJqpmA45qZVk2BeJeZIWaAixwMTFhH',NULL,'47.245.117.221','Go-http-client/1.1','YTozOntzOjY6Il90b2tlbiI7czo0MDoiUGV0aHA2Q3BTTVR0SEx4TVpKWDBWa3BMSlhFUDg5ckFxeUJ3bEFCRiI7czo5OiJfcHJldmlvdXMiO2E6MTp7czozOiJ1cmwiO3M6NTk6Imh0dHBzOi8vMTY0LjkyLjI0NC4xOTIvP25hbWU9MS5vZG5zLm0uZG5zbWVhc3VyZS50b3AmdHlwZT1BIjt9czo2OiJfZmxhc2giO2E6Mjp7czozOiJvbGQiO2E6MDp7fXM6MzoibmV3IjthOjA6e319fQ==',1767174605),
('vLLRlcbqMjdaHu5Qbdr0Fe5DZ1eVR9HttswOyy8W',NULL,'152.32.234.39','Mozilla/5.0 (X11; Linux x86_64) AppleWebKit/561.55 (KHTML, like Gecko) Chrome/83.0.1482 Safari/537.36','YTozOntzOjY6Il90b2tlbiI7czo0MDoiZFVsQnl4QU1VNUpJcnFIdFFzWENuZG1SNXlzTVpXRXozQzFzOWRpeCI7czo5OiJfcHJldmlvdXMiO2E6MTp7czozOiJ1cmwiO3M6Mjg6Imh0dHBzOi8vZWhrYW0uYWJ1a2hhbGlsLnNpdGUiO31zOjY6Il9mbGFzaCI7YToyOntzOjM6Im9sZCI7YTowOnt9czozOiJuZXciO2E6MDp7fX19',1767735268),
('Votyn0g9UyGUDU4TczqKhs5krLW1NUmKSs59lySk',NULL,'66.249.73.100','Mozilla/5.0 (Linux; Android 6.0.1; Nexus 5X Build/MMB29P) AppleWebKit/537.36 (KHTML, like Gecko) Chrome/141.0.7390.122 Mobile Safari/537.36 (compatible; Googlebot/2.1; +http://www.google.com/bot.html)','YTozOntzOjY6Il90b2tlbiI7czo0MDoiTFZhUHdZVzBBeGFpT0VtY0l1cHpCcGxOeEROMXpsem5PTEF4MEtQTiI7czo5OiJfcHJldmlvdXMiO2E6MTp7czozOiJ1cmwiO3M6MjI6Imh0dHBzOi8vYWJ1a2hhbGlsLnNpdGUiO31zOjY6Il9mbGFzaCI7YToyOntzOjM6Im9sZCI7YTowOnt9czozOiJuZXciO2E6MDp7fX19',1766838334),
('vPlyJalM10X3hSwccWiFEa1RdIO3ho99MUWiaiiD',NULL,'204.76.203.8','Mozilla/5.0','YTozOntzOjY6Il90b2tlbiI7czo0MDoicnRrWjI0WTVveFV4YThsQ3I5SjNwdTU5cW5NWlMxaU05R3k1elVUWSI7czo5OiJfcHJldmlvdXMiO2E6MTp7czozOiJ1cmwiO3M6MjI6Imh0dHBzOi8vMTY0LjkyLjI0NC4xOTIiO31zOjY6Il9mbGFzaCI7YToyOntzOjM6Im9sZCI7YTowOnt9czozOiJuZXciO2E6MDp7fX19',1767706165),
('vpWhaKNVNHkbWYcNHNI8PlXrk8KDS782voE8HAIB',NULL,'213.32.122.82','Mozilla/5.0 (Windows NT 6.1) AppleWebKit/537.36 (KHTML, like Gecko) Chrome/41.0.2228.0 Safari/537.36','YTozOntzOjY6Il90b2tlbiI7czo0MDoiN3ppY1VTbXJ3SVROd2daSjFjYlB3dTJDWGxTcTNNeHZ0VW1IUFB1WiI7czo5OiJfcHJldmlvdXMiO2E6MTp7czozOiJ1cmwiO3M6MjI6Imh0dHBzOi8vMTY0LjkyLjI0NC4xOTIiO31zOjY6Il9mbGFzaCI7YToyOntzOjM6Im9sZCI7YTowOnt9czozOiJuZXciO2E6MDp7fX19',1767446598),
('vQ7iTlqApJaFCJSPmIwNfFC1SH8BANxS7axHMMch',NULL,'172.104.11.34','Mozilla/5.0 (Macintosh; Intel Mac OS X 13_1) AppleWebKit/537.36 (KHTML, like Gecko) Chrome/108.0.0.0 Safari/537.36','YTozOntzOjY6Il90b2tlbiI7czo0MDoiTFlhRUJPWjdtWTZha1V6UFZMZ3UzazdzWXlGSlI0cDZmQTB2M1R4biI7czo5OiJfcHJldmlvdXMiO2E6MTp7czozOiJ1cmwiO3M6MjI6Imh0dHBzOi8vMTY0LjkyLjI0NC4xOTIiO31zOjY6Il9mbGFzaCI7YToyOntzOjM6Im9sZCI7YTowOnt9czozOiJuZXciO2E6MDp7fX19',1767440015),
('vT1RN1yrMnKdDjmtke2JKmTfA4EhMhSvx0CrkFL9',NULL,'20.113.26.150','Mozilla/5.0 (Macintosh; Intel Mac OS X 10_12_1) AppleWebKit/537.36 (KHTML, like Gecko) Chrome/54.0.2840.98 Safari/537.36','YTozOntzOjY6Il90b2tlbiI7czo0MDoiU1VBSEc2R1ZxWVBhZ0E0Ump6dlZ6Ymk3aDd3a1p2M1ZOaVJoeFdxaiI7czo5OiJfcHJldmlvdXMiO2E6MTp7czozOiJ1cmwiO3M6MjI6Imh0dHBzOi8vMTY0LjkyLjI0NC4xOTIiO31zOjY6Il9mbGFzaCI7YToyOntzOjM6Im9sZCI7YTowOnt9czozOiJuZXciO2E6MDp7fX19',1767370109),
('vTVkVC1LqC9eeoAeTZBQMCqHwfQy1DA5dQG0F0D8',NULL,'149.57.180.5','Mozilla/5.0 (X11; Linux i686; rv:109.0) Gecko/20100101 Firefox/120.0','YTozOntzOjY6Il90b2tlbiI7czo0MDoiMzhIR3FtOUczWEw0STJxT05mUHBuOFc1VHFRakNLT2FBSmVRZERKUCI7czo5OiJfcHJldmlvdXMiO2E6MTp7czozOiJ1cmwiO3M6Mjg6Imh0dHBzOi8vZWhrYW0uYWJ1a2hhbGlsLnNpdGUiO31zOjY6Il9mbGFzaCI7YToyOntzOjM6Im9sZCI7YTowOnt9czozOiJuZXciO2E6MDp7fX19',1767150218),
('vUjLIBg1COGQpaqAoULvx8xARF3FhGjl7e2IZH6j',NULL,'134.199.212.38','Mozilla/5.0 (X11; Linux x86_64; rv:139.0) Gecko/20100101 Firefox/139.0','YTozOntzOjY6Il90b2tlbiI7czo0MDoiSVBKS1dCbnpGSWxDVjl1SDdsZVZGdFczbjVRZTVhRHkzSHFzOVFCbiI7czo5OiJfcHJldmlvdXMiO2E6MTp7czozOiJ1cmwiO3M6Mjg6Imh0dHBzOi8vZWhrYW0uYWJ1a2hhbGlsLnNpdGUiO31zOjY6Il9mbGFzaCI7YToyOntzOjM6Im9sZCI7YTowOnt9czozOiJuZXciO2E6MDp7fX19',1767517575),
('vvnRUUceHMg62xmXidiXnMm36Ms7OiZWwusGP6uY',NULL,'185.12.59.118','Mozilla/5.0 (Windows NT 10.0; Win64; x64; rv:132.0) Gecko/20100101 Firefox/132.0','YTozOntzOjY6Il90b2tlbiI7czo0MDoiOVdHNmdHdmc1OGlxU0RlMTZ1R0xOMmZveTczWXRjQVBsb0dJQUxjayI7czo5OiJfcHJldmlvdXMiO2E6MTp7czozOiJ1cmwiO3M6MjI6Imh0dHBzOi8vMTY0LjkyLjI0NC4xOTIiO31zOjY6Il9mbGFzaCI7YToyOntzOjM6Im9sZCI7YTowOnt9czozOiJuZXciO2E6MDp7fX19',1767810612),
('VYpZ86U9EPZyZPttu7xxfb2KKPKWjDBJPjCmVvnI',NULL,'162.142.125.222','Mozilla/5.0 (compatible; CensysInspect/1.1; +https://about.censys.io/)','YTozOntzOjY6Il90b2tlbiI7czo0MDoiSm5BSXd0QzZVWlZNWWJoYmQ5dEl3YThrOUxvdEVueGpBbTM0WG53RSI7czo5OiJfcHJldmlvdXMiO2E6MTp7czozOiJ1cmwiO3M6MjI6Imh0dHBzOi8vMTY0LjkyLjI0NC4xOTIiO31zOjY6Il9mbGFzaCI7YToyOntzOjM6Im9sZCI7YTowOnt9czozOiJuZXciO2E6MDp7fX19',1767608130),
('vzK3OgPnWQ1x3bHAKDwCbuF8XdGdKSraA7FvPIhO',NULL,'162.142.125.208','Mozilla/5.0 (compatible; CensysInspect/1.1; +https://about.censys.io/)','YTozOntzOjY6Il90b2tlbiI7czo0MDoidTJleFlOZTI0NE5sZmJKY1ozNEhuR1FVU2dlSTI0VlpjV21HWXZGQyI7czo5OiJfcHJldmlvdXMiO2E6MTp7czozOiJ1cmwiO3M6MjI6Imh0dHBzOi8vMTY0LjkyLjI0NC4xOTIiO31zOjY6Il9mbGFzaCI7YToyOntzOjM6Im9sZCI7YTowOnt9czozOiJuZXciO2E6MDp7fX19',1766944503),
('vzSbQGQScIK0hcFxSJnOOvTHlMdBHyuCGyzyWuZ0',NULL,'83.208.22.247','','YTozOntzOjY6Il90b2tlbiI7czo0MDoic0NoNDhucGNGVmRwUG5zdXMwdnRuR01CcUwxd0ZEMlU5dXJ5U0JRZiI7czo5OiJfcHJldmlvdXMiO2E6MTp7czozOiJ1cmwiO3M6MjI6Imh0dHBzOi8vMTY0LjkyLjI0NC4xOTIiO31zOjY6Il9mbGFzaCI7YToyOntzOjM6Im9sZCI7YTowOnt9czozOiJuZXciO2E6MDp7fX19',1767021341),
('w577lX0uuXQyE6bej6yB56zAFC6ggTsEFT2rq0X6',NULL,'123.178.210.210','Mozilla/5.0 (Windows NT 6.1) AppleWebKit/537.36 (KHTML, like Gecko) Chrome/49.0.2623.112 Safari/537.36','YTozOntzOjY6Il90b2tlbiI7czo0MDoiSkNaRHhKNlVrT2lyWG1VVHF2Mk11OWJiNzlhS0EwNEVaQ1NRVlpJTCI7czo5OiJfcHJldmlvdXMiO2E6MTp7czozOiJ1cmwiO3M6MjI6Imh0dHBzOi8vMTY0LjkyLjI0NC4xOTIiO31zOjY6Il9mbGFzaCI7YToyOntzOjM6Im9sZCI7YTowOnt9czozOiJuZXciO2E6MDp7fX19',1767831694),
('w5YI3m6bmKiVdMhcnzYLVr2YQjHw6BNUKmp7YBiG',NULL,'179.43.191.19','','YTozOntzOjY6Il90b2tlbiI7czo0MDoiRUJ2b2l4TVJ0Unh1YXZ2RURXdTc3VkU4RmJMMUZaeEQ1WERDQTlySyI7czo5OiJfcHJldmlvdXMiO2E6MTp7czozOiJ1cmwiO3M6MjY6Imh0dHBzOi8vbWF0YWRvcmJldDk4ODguY29tIjt9czo2OiJfZmxhc2giO2E6Mjp7czozOiJvbGQiO2E6MDp7fXM6MzoibmV3IjthOjA6e319fQ==',1766941406),
('W642GL9VzGbMfm7xRzrad034A34fPxPofpxoHrql',NULL,'34.90.199.112','Scrapy/2.13.4 (+https://scrapy.org)','YTozOntzOjY6Il90b2tlbiI7czo0MDoia0xPVkRyQ1BFWldzUXBPMHhhSGpodHlrVlVwOUNyUzlpUkNkVGhQViI7czo5OiJfcHJldmlvdXMiO2E6MTp7czozOiJ1cmwiO3M6NTA6Imh0dHBzOi8vb2JqZWN0aXZlLXBhc2NhbC4xNjQtOTItMjQ0LTE5Mi5wbGVzay5wYWdlIjt9czo2OiJfZmxhc2giO2E6Mjp7czozOiJvbGQiO2E6MDp7fXM6MzoibmV3IjthOjA6e319fQ==',1766848431),
('W7Onzbvx8sEhIJ9S9Crv5XjENggFZw8lE9evT9Xu',NULL,'37.40.217.102','Mozilla/5.0 (iPhone; CPU iPhone OS 26_1_0 like Mac OS X) AppleWebKit/605.1.15 (KHTML, like Gecko) CriOS/143.0.7499.151 Mobile/15E148 Safari/604.1','YTo0OntzOjY6Il90b2tlbiI7czo0MDoickNpVHlCRmp4QkFzMWFsSVlxQXRrTVJEQ1B3RXpuWGRsSWp4MmR2MCI7czozOiJ1cmwiO2E6MTp7czo4OiJpbnRlbmRlZCI7czozNDoiaHR0cHM6Ly9laGthbS5hYnVraGFsaWwuYXBwL2thbmJhbiI7fXM6OToiX3ByZXZpb3VzIjthOjE6e3M6MzoidXJsIjtzOjU2OiJodHRwczovL2Voa2FtLmFidWtoYWxpbC5hcHAvd29ya3Nob3dfYXR0ZW5kYW5jZV9yZWdpc3RlciI7fXM6NjoiX2ZsYXNoIjthOjI6e3M6Mzoib2xkIjthOjA6e31zOjM6Im5ldyI7YTowOnt9fX0=',1766380601),
('WatY0buDcvkEqYvlaO2ZxfAYQTM3fhBgvzWmmeH8',1,'188.66.225.211','Mozilla/5.0 (Windows NT 10.0; Win64; x64) AppleWebKit/537.36 (KHTML, like Gecko) Chrome/143.0.0.0 Safari/537.36','YTo1OntzOjY6Il90b2tlbiI7czo0MDoicVV6WHRRYW5BeWZwb01PdE1rVjlKNWx0WUNhRkVBOGxQTnh6T1dOaiI7czo5OiJfcHJldmlvdXMiO2E6MTp7czozOiJ1cmwiO3M6NzA6Imh0dHBzOi8vZWhrYW0uYWJ1a2hhbGlsLnNpdGUvYWRtaW4vaW5kaWNhdG9yX2ZlZWRiYWNrX3ZhbHVlL2luZGV4LzIwMjUiO31zOjY6Il9mbGFzaCI7YToyOntzOjM6Im9sZCI7YTowOnt9czozOiJuZXciO2E6MDp7fX1zOjUwOiJsb2dpbl93ZWJfNTliYTM2YWRkYzJiMmY5NDAxNTgwZjAxNGM3ZjU4ZWE0ZTMwOTg5ZCI7aToxO3M6MTg6InN3b3RfcGFydGljaXBhbnRfMSI7YTozOntzOjQ6Im5hbWUiO3M6MjE6Itij2K3ZhdivINin2YTYudmI2YHZiiI7czoyOiJpcCI7czoxNDoiMTg4LjY2LjIyNS4yMTEiO3M6MTA6InNlc3Npb25faWQiO3M6NDA6IldhdFkwYnVEY3ZrRXFZdmxhTzJaeGZBWVFUTTNmaEJndnpXbW1lSDgiO319',1767255048),
('WD9HQL6WS7eo4GGpflBpRXmU5jPyGt5AOPeNt3rg',NULL,'167.94.138.181','Mozilla/5.0 (compatible; CensysInspect/1.1; +https://about.censys.io/)','YTozOntzOjY6Il90b2tlbiI7czo0MDoicXJpbTY5Qmd3QmZIcExUd2lHWnlKbmxKcDUxWUtqQ01pNHZtSDRIdiI7czo5OiJfcHJldmlvdXMiO2E6MTp7czozOiJ1cmwiO3M6MjI6Imh0dHBzOi8vMTY0LjkyLjI0NC4xOTIiO31zOjY6Il9mbGFzaCI7YToyOntzOjM6Im9sZCI7YTowOnt9czozOiJuZXciO2E6MDp7fX19',1767239751),
('Weh4HSgEHDMx1dDRLHOnomVGZi7naxb4MhjTsZUb',NULL,'89.42.231.179','-','YTozOntzOjY6Il90b2tlbiI7czo0MDoiTjJ6UUZBMVlvSUZuampxbk45ZVA3YWZvWjR0TVZ5cmhPZHZyVGt1RiI7czo5OiJfcHJldmlvdXMiO2E6MTp7czozOiJ1cmwiO3M6MjI6Imh0dHBzOi8vMTY0LjkyLjI0NC4xOTIiO31zOjY6Il9mbGFzaCI7YToyOntzOjM6Im9sZCI7YTowOnt9czozOiJuZXciO2E6MDp7fX19',1767269967),
('wExGGyz5jY19m58mEwKE1ANefrHIiQQF0PYvEl0L',NULL,'69.166.236.89','Mozilla/5.0 (Macintosh; Intel Mac OS X 10_15_7) AppleWebKit/537.36 (KHTML, like Gecko) Chrome/114.0.0.0 Safari/537.36','YTozOntzOjY6Il90b2tlbiI7czo0MDoiVjNVbnVQbUpOMTBQdGd6YXFWNDR5a1NQZDdTOFh1THRXYjNMUFJlSiI7czo5OiJfcHJldmlvdXMiO2E6MTp7czozOiJ1cmwiO3M6MjI6Imh0dHBzOi8vMTY0LjkyLjI0NC4xOTIiO31zOjY6Il9mbGFzaCI7YToyOntzOjM6Im9sZCI7YTowOnt9czozOiJuZXciO2E6MDp7fX19',1767258088),
('wFZqT42s8zTrgxqiS9CoE3oi6LHMP6A7sfsJP2D3',NULL,'66.132.153.117','Mozilla/5.0 (compatible; CensysInspect/1.1; +https://about.censys.io/)','YTozOntzOjY6Il90b2tlbiI7czo0MDoiUjVLMW1tblhIRmNpNWU4a2FObUtQS0ZjUTc3VXQ2aUNwN0dicVV6NSI7czo5OiJfcHJldmlvdXMiO2E6MTp7czozOiJ1cmwiO3M6Mjg6Imh0dHBzOi8vMTY0LjkyLjI0NC4xOTIvbG9naW4iO31zOjY6Il9mbGFzaCI7YToyOntzOjM6Im9sZCI7YTowOnt9czozOiJuZXciO2E6MDp7fX19',1768478407),
('wHc4bbR7k3YYz6X5Wo1PqtLOL1K3fSCD93d3mpu0',NULL,'74.7.241.18','Mozilla/5.0 AppleWebKit/537.36 (KHTML, like Gecko; compatible; GPTBot/1.3; +https://openai.com/gptbot)','YTozOntzOjY6Il90b2tlbiI7czo0MDoiMTVLY0tHclFiV2hXWGhOZDNaWVB1SHFlWnBvQWRNVTNFQTFlSnp3diI7czo5OiJfcHJldmlvdXMiO2E6MTp7czozOiJ1cmwiO3M6Mjg6Imh0dHBzOi8vZWhrYW0uYWJ1a2hhbGlsLnNpdGUiO31zOjY6Il9mbGFzaCI7YToyOntzOjM6Im9sZCI7YTowOnt9czozOiJuZXciO2E6MDp7fX19',1767275901),
('WhEfFaF53frzyRAQNMGfRoqOJVJq2IcLJY6xnCgq',NULL,'45.227.253.95','Mozilla/5.0 (Windows NT 10.0; Win64; x64) AppleWebKit/537.36 (KHTML, like Gecko) Chrome/115.0.0.0 Safari/537.36 Edg/115.0.1901.203','YTozOntzOjY6Il90b2tlbiI7czo0MDoicnNucnE4OVE2RDZOM0psdzFqVlZ6VlNYWnRzdmdPbGVGZ0ZSdjVneiI7czo5OiJfcHJldmlvdXMiO2E6MTp7czozOiJ1cmwiO3M6Mjg6Imh0dHBzOi8vMTY0LjkyLjI0NC4xOTIvbG9naW4iO31zOjY6Il9mbGFzaCI7YToyOntzOjM6Im9sZCI7YTowOnt9czozOiJuZXciO2E6MDp7fX19',1768200402),
('wieIb1zlmcPyv2SdF4ElMJn8a0pLxG7oxJGKqRTp',NULL,'198.199.118.83','Fetcher/1.0','YTozOntzOjY6Il90b2tlbiI7czo0MDoiSzYwRjdtcEFSSVFDRDB5TzZoSm11dzk4VjlaTTFCZE9EU1loOG1sRCI7czo5OiJfcHJldmlvdXMiO2E6MTp7czozOiJ1cmwiO3M6MjI6Imh0dHBzOi8vYWJ1a2hhbGlsLnNpdGUiO31zOjY6Il9mbGFzaCI7YToyOntzOjM6Im9sZCI7YTowOnt9czozOiJuZXciO2E6MDp7fX19',1766789647),
('Wif1SrFyQS7GN8Ixx3tdODbj6ZW9sNitBFQZAcA4',NULL,'130.211.53.197','python-requests/2.32.5','YTozOntzOjY6Il90b2tlbiI7czo0MDoiYXM2YVAyRkFjZXBXYVp4R0pRU1ZnV2pKb1M3SjJTU0pIZ3BYaU5RTiI7czo5OiJfcHJldmlvdXMiO2E6MTp7czozOiJ1cmwiO3M6MjI6Imh0dHBzOi8vMTY0LjkyLjI0NC4xOTIiO31zOjY6Il9mbGFzaCI7YToyOntzOjM6Im9sZCI7YTowOnt9czozOiJuZXciO2E6MDp7fX19',1767112609),
('wIIhMMRTfftoETHn3IdvJHhmm26mcgCl7eOwoXoe',NULL,'172.235.235.248','Mozilla/5.0 (Macintosh; Intel Mac OS X 13.7; rv:141.0) Gecko/20100101 Firefox/141.0','YTozOntzOjY6Il90b2tlbiI7czo0MDoiZlJETjlBMmdKblNBcUZwYXBTY0d3MTZuVWZsQ0VCZEl5SG81NVVacyI7czo5OiJfcHJldmlvdXMiO2E6MTp7czozOiJ1cmwiO3M6MjI6Imh0dHBzOi8vMTY0LjkyLjI0NC4xOTIiO31zOjY6Il9mbGFzaCI7YToyOntzOjM6Im9sZCI7YTowOnt9czozOiJuZXciO2E6MDp7fX19',1767161084),
('wIv7qFunfX27BNTCoyzDwoIdiXzNTSQaHa0bveEa',NULL,'104.252.191.110','Mozilla/5.0 (Windows NT 10.0; Win64; x64) AppleWebKit/537.36 (KHTML, like Gecko) Chrome/117.0.0.0 Safari/537.36','YTozOntzOjY6Il90b2tlbiI7czo0MDoiYlR4RE9jOGxkZVpESEZHb2I0NWpQYlpWc1B2SWh1UHU3Ynd1Z0hmciI7czo5OiJfcHJldmlvdXMiO2E6MTp7czozOiJ1cmwiO3M6Mjg6Imh0dHBzOi8vZWhrYW0uYWJ1a2hhbGlsLnNpdGUiO31zOjY6Il9mbGFzaCI7YToyOntzOjM6Im9sZCI7YTowOnt9czozOiJuZXciO2E6MDp7fX19',1766819529),
('wJMHT37JvmkZnWSPQoVk1oycBAyXhHO4gZVoC68x',NULL,'94.231.206.106','Mozilla/5.0 (X11; Ubuntu; Linux x86_64; rv:134.0) Gecko/20100101 Firefox/134.0','YTozOntzOjY6Il90b2tlbiI7czo0MDoiTDRUTDhrcFVySXpRcGE3bldhZDZPSlR4Z1V2U3E5aXhNVWNRNXhBMyI7czo5OiJfcHJldmlvdXMiO2E6MTp7czozOiJ1cmwiO3M6MjI6Imh0dHBzOi8vMTY0LjkyLjI0NC4xOTIiO31zOjY6Il9mbGFzaCI7YToyOntzOjM6Im9sZCI7YTowOnt9czozOiJuZXciO2E6MDp7fX19',1768732242),
('WKZKtMtMV9LfeRWe1aGxmCT1kP6tHhiFso58z5XP',NULL,'143.110.142.238','Mozilla/4.0 (compatible; MSIE 9.0; Windows NT 10.0; .NET4.0C; .NET4.0E; .NET CLR 2.0.50727; .NET CLR 3.0.30729; .NET CLR 3.5.30729)','YTozOntzOjY6Il90b2tlbiI7czo0MDoiTVE1WG5HM1NMb0pIZ016UFZoRkZmT3VSbzRuS29QMzBGQkgzWW9rWSI7czo5OiJfcHJldmlvdXMiO2E6MTp7czozOiJ1cmwiO3M6MjI6Imh0dHBzOi8vMTY0LjkyLjI0NC4xOTIiO31zOjY6Il9mbGFzaCI7YToyOntzOjM6Im9sZCI7YTowOnt9czozOiJuZXciO2E6MDp7fX19',1767956983),
('WmfKOJeOAtUplDZMKzLBnpJJhGK8n5ko8BOPVv6A',NULL,'45.148.106.133','Mozilla/5.0 (iPhone; CPU iPhone OS 17_3 like Mac OS X) AppleWebKit/605.1.15 (KHTML, like Gecko) CriOS/116.0.5845.177 Mobile/15E148 Safari/604.1','YTozOntzOjY6Il90b2tlbiI7czo0MDoiMXh6elVLRE1KQzFaVWZlQ1hCQUVKQ1UxeWxtSVJHRlk3cDlBN0VabiI7czo5OiJfcHJldmlvdXMiO2E6MTp7czozOiJ1cmwiO3M6Mjg6Imh0dHBzOi8vZWhrYW0uYWJ1a2hhbGlsLnNpdGUiO31zOjY6Il9mbGFzaCI7YToyOntzOjM6Im9sZCI7YTowOnt9czozOiJuZXciO2E6MDp7fX19',1766784393),
('wneDuHWI64f29aVHE2NYh1RJxLBBeaQBGIWMDsrB',NULL,'101.36.108.191','Mozilla/5.0 (X11; Linux x86_64) AppleWebKit/545.49 (KHTML, like Gecko) Chrome/64.0.300 Safari/537.36','YTozOntzOjY6Il90b2tlbiI7czo0MDoiWVJlZEs3U1NHRTNxYTZ2TVNJZHJpU3RYUVk2VzU0S08yMHhOZGk3SCI7czo5OiJfcHJldmlvdXMiO2E6MTp7czozOiJ1cmwiO3M6Mjg6Imh0dHBzOi8vZWhrYW0uYWJ1a2hhbGlsLnNpdGUiO31zOjY6Il9mbGFzaCI7YToyOntzOjM6Im9sZCI7YTowOnt9czozOiJuZXciO2E6MDp7fX19',1767737383),
('WpbIJS4CczaFunQpFbqyivQaXkqX1LD6vV2TclhP',NULL,'185.12.59.118','Mozilla/5.0 (Windows NT 10.0; Win64; x64; rv:132.0) Gecko/20100101 Firefox/132.0','YTozOntzOjY6Il90b2tlbiI7czo0MDoiSVd4d2doTGFvdHZOU2hWVGtsZ1VGVjBVNFJlRFEya21XRjdJTHBvSSI7czo5OiJfcHJldmlvdXMiO2E6MTp7czozOiJ1cmwiO3M6MjI6Imh0dHBzOi8vMTY0LjkyLjI0NC4xOTIiO31zOjY6Il9mbGFzaCI7YToyOntzOjM6Im9sZCI7YTowOnt9czozOiJuZXciO2E6MDp7fX19',1766949467),
('wpg6XQ7BF8JTlsVySs9CtOVbioq6vjEGtiNGlTk6',NULL,'64.62.197.87','Mozilla/5.0 (X11; Linux x86_64) AppleWebKit/537.36 (KHTML, like Gecko) Chrome/94.0.4606.85 Safari/537.36 OPR/80.0.4170.72','YTozOntzOjY6Il90b2tlbiI7czo0MDoib0FPR3lZU3ZaYVZkZWpvVmdGbm5yQkhZdzBqQndEWmRBNUhxbGlIZiI7czo5OiJfcHJldmlvdXMiO2E6MTp7czozOiJ1cmwiO3M6MjI6Imh0dHBzOi8vMTY0LjkyLjI0NC4xOTIiO31zOjY6Il9mbGFzaCI7YToyOntzOjM6Im9sZCI7YTowOnt9czozOiJuZXciO2E6MDp7fX19',1767867377),
('WRoMuPvOSSv2oKALdmLwryko58baLMVXJK14gbEJ',NULL,'206.168.34.33','Mozilla/5.0 (compatible; CensysInspect/1.1; +https://about.censys.io/)','YTozOntzOjY6Il90b2tlbiI7czo0MDoiYWNlR0hLalJjSDVsc0FHRU5OWmt2bWVpWmNFdk5JSHd5YWZzMWlyVyI7czo5OiJfcHJldmlvdXMiO2E6MTp7czozOiJ1cmwiO3M6Mjg6Imh0dHBzOi8vMTY0LjkyLjI0NC4xOTIvbG9naW4iO31zOjY6Il9mbGFzaCI7YToyOntzOjM6Im9sZCI7YTowOnt9czozOiJuZXciO2E6MDp7fX19',1767149849),
('WsHMv2TlBlvnb4j3B96kS9ot4DMETtkRB07SbJvc',NULL,'85.217.140.13','Mozilla/5.0 (compatible; ModatScanner/1.2; +https://modat.io/)','YTozOntzOjY6Il90b2tlbiI7czo0MDoiSUhwdXJIV3QzT3lFQmQ5cWRkQ09SM1JWdDRLMEExb3hZYlVuQ2ZkRCI7czo5OiJfcHJldmlvdXMiO2E6MTp7czozOiJ1cmwiO3M6MjI6Imh0dHBzOi8vMTY0LjkyLjI0NC4xOTIiO31zOjY6Il9mbGFzaCI7YToyOntzOjM6Im9sZCI7YTowOnt9czozOiJuZXciO2E6MDp7fX19',1768158435),
('WtcVo53Ko1kzXU57vXjN7NU6DHJm8BWxBn6UEzQ3',NULL,'94.231.206.2','Mozilla/5.0 (X11; Ubuntu; Linux x86_64; rv:134.0) Gecko/20100101 Firefox/134.0','YTozOntzOjY6Il90b2tlbiI7czo0MDoidkIyTE1La0JxRk9ESmpwd3pJM3VaRFI3SmVqek50VVJMNUJlSWpCZSI7czo5OiJfcHJldmlvdXMiO2E6MTp7czozOiJ1cmwiO3M6MjI6Imh0dHBzOi8vMTY0LjkyLjI0NC4xOTIiO31zOjY6Il9mbGFzaCI7YToyOntzOjM6Im9sZCI7YTowOnt9czozOiJuZXciO2E6MDp7fX19',1768126334),
('WTGtJutKRNqr5wCUwaYfUibxymYQpUqFodLQ4yKs',NULL,'185.226.197.72','python-requests/2.31.0','YTozOntzOjY6Il90b2tlbiI7czo0MDoiS3VJUDFlaW8zZ3JpZlZHTHlIQWt6eWNpTERvb3hPWjJ2M012M0FxaiI7czo5OiJfcHJldmlvdXMiO2E6MTp7czozOiJ1cmwiO3M6MjI6Imh0dHBzOi8vMTY0LjkyLjI0NC4xOTIiO31zOjY6Il9mbGFzaCI7YToyOntzOjM6Im9sZCI7YTowOnt9czozOiJuZXciO2E6MDp7fX19',1767553557),
('wtN5b3WwvvU53XkpvVyRvIEjmcFGySizAHDYE40M',NULL,'35.91.30.235','Mozilla/5.0 (Macintosh; Intel Mac OS X 10_15_7) AppleWebKit/537.36 (KHTML, like Gecko) Chrome/113.0.0.0 Safari/537.36','YTozOntzOjY6Il90b2tlbiI7czo0MDoiYXE2c0pWb1FPVXE1Nm95ejZQY3poMTNlMmcwS1ZiNEVVQzFyNXZDdSI7czo5OiJfcHJldmlvdXMiO2E6MTp7czozOiJ1cmwiO3M6Mjg6Imh0dHBzOi8vZWhrYW0uYWJ1a2hhbGlsLnNpdGUiO31zOjY6Il9mbGFzaCI7YToyOntzOjM6Im9sZCI7YTowOnt9czozOiJuZXciO2E6MDp7fX19',1766790138),
('WTt6YNkcLmicWyvMlJCpuq1GT51Mf9bSLqZsYkb9',NULL,'64.62.197.17','Mozilla/5.0 (Windows NT 10.0; Win64; x64) AppleWebKit/537.36 (KHTML, like Gecko) Chrome/114.0.0.0 Safari/537.36','YTozOntzOjY6Il90b2tlbiI7czo0MDoiN1lWWWRyNm9PQUhVUXVwOGk1UnJIUThHa3Q4VnhPSHljcEduNzR6ZiI7czo5OiJfcHJldmlvdXMiO2E6MTp7czozOiJ1cmwiO3M6MjI6Imh0dHBzOi8vMTY0LjkyLjI0NC4xOTIiO31zOjY6Il9mbGFzaCI7YToyOntzOjM6Im9sZCI7YTowOnt9czozOiJuZXciO2E6MDp7fX19',1767064400),
('WuC2OHA29X6matcBjEaVAtoNCRm95xDcoSCkptCG',NULL,'92.63.197.50','Mozilla/5.0 (Windows NT 10.0; Win64; x64) AppleWebKit/537.36 (KHTML, like Gecko) Chrome/140.0.0.0 Safari/537.36','YTozOntzOjY6Il90b2tlbiI7czo0MDoiMFR6OGpBRkJHbzBDT3RLem9OWU5Wb1NSQnEwdmJMcFRMNUNVODhoZSI7czo5OiJfcHJldmlvdXMiO2E6MTp7czozOiJ1cmwiO3M6MjI6Imh0dHBzOi8vMTY0LjkyLjI0NC4xOTIiO31zOjY6Il9mbGFzaCI7YToyOntzOjM6Im9sZCI7YTowOnt9czozOiJuZXciO2E6MDp7fX19',1766972471),
('WuEU4y9tVH9l71U6GCw7t6Nl42vS5o00JNXPvHYB',NULL,'102.207.2.153','Mozilla/5.0 (Linux; U; Android 4.4.2; en-US; HM NOTE 1W Build/KOT49H) AppleWebKit/534.30 (KHTML, like Gecko) Version/4.0 UCBrowser/11.0.5.850 U3/0.8.0 Mobile Safari/534.30','YToyOntzOjY6Il90b2tlbiI7czo0MDoiTU5hZGdrcFBDeWtXUHlQUjA5TnRvempOVTJRNmgyQjhNbjFiRG1zWSI7czo2OiJfZmxhc2giO2E6Mjp7czozOiJvbGQiO2E6MDp7fXM6MzoibmV3IjthOjA6e319fQ==',1767781079),
('WuYujWZAkWXkurDEGey7SD7wq1oNRcHxeaxweOfj',NULL,'20.121.46.26','Mozilla/5.0 zgrab/0.x','YTozOntzOjY6Il90b2tlbiI7czo0MDoiSjJjakVENDllSkVvRUZrT1QyWVIya1JpNXhSU2JEV0VzSldzVXRobCI7czo5OiJfcHJldmlvdXMiO2E6MTp7czozOiJ1cmwiO3M6MjI6Imh0dHBzOi8vMTY0LjkyLjI0NC4xOTIiO31zOjY6Il9mbGFzaCI7YToyOntzOjM6Im9sZCI7YTowOnt9czozOiJuZXciO2E6MDp7fX19',1768533125),
('WUZtSnvw6VcGZTNkTufDovVuUWmvTLryGn3sT2Mx',NULL,'167.94.146.51','Mozilla/5.0 (compatible; CensysInspect/1.1; +https://about.censys.io/)','YTozOntzOjY6Il90b2tlbiI7czo0MDoieTNUR0FXMFVXREdsSDdkM1E3R3A5eE1CbE5kNlRCTU5oYzlScW8zaSI7czo5OiJfcHJldmlvdXMiO2E6MTp7czozOiJ1cmwiO3M6MjI6Imh0dHBzOi8vMTY0LjkyLjI0NC4xOTIiO31zOjY6Il9mbGFzaCI7YToyOntzOjM6Im9sZCI7YTowOnt9czozOiJuZXciO2E6MDp7fX19',1768784158),
('wVHdT78d4gLgHhwWwYMHaQM6hhQTfusmsKGbZICY',NULL,'59.173.109.207','Mozilla/5.0 (Windows NT 6.1) AppleWebKit/537.36 (KHTML, like Gecko) Chrome/49.0.2623.112 Safari/537.36','YTozOntzOjY6Il90b2tlbiI7czo0MDoicG5mc29CUlU3OTNHdDFxUmRZRllpZmkxOWRieXhHcnp0SGtQRUdteSI7czo5OiJfcHJldmlvdXMiO2E6MTp7czozOiJ1cmwiO3M6Mjg6Imh0dHBzOi8vZWhrYW0uYWJ1a2hhbGlsLnNpdGUiO31zOjY6Il9mbGFzaCI7YToyOntzOjM6Im9sZCI7YTowOnt9czozOiJuZXciO2E6MDp7fX19',1767831975),
('WVrvmeSN8MU87ymeMPncrNA9vi6rLABCpnUj0r8S',NULL,'142.93.195.172','Mozilla/5.0 (Macintosh; Intel Mac OS X 10_15_7) AppleWebKit/537.36 (KHTML, like Gecko) Chrome/92.0.4515.159 Safari/537.36','YTozOntzOjY6Il90b2tlbiI7czo0MDoiU2ZrSUxHc2podTRvQnhHR2JVNlVBME1IN0YzZTNWSDJ6VUhwVFg3NiI7czo5OiJfcHJldmlvdXMiO2E6MTp7czozOiJ1cmwiO3M6MjI6Imh0dHBzOi8vMTY0LjkyLjI0NC4xOTIiO31zOjY6Il9mbGFzaCI7YToyOntzOjM6Im9sZCI7YTowOnt9czozOiJuZXciO2E6MDp7fX19',1768393857),
('wxaqG7F5JmIhdIoLKTPvUCEdQWWw3xLzp9GM0q97',NULL,'159.65.197.226','Mozilla/5.0 (X11; Linux x86_64) AppleWebKit/537.36 (KHTML, like Gecko) Chrome/142.0.0.0 Safari/537.36','YTozOntzOjY6Il90b2tlbiI7czo0MDoiRzdTbjU2a2p2ek5ZTlg4ek56N3V5TjF0UllQSFJtbGNQZG9ySHFpeCI7czo5OiJfcHJldmlvdXMiO2E6MTp7czozOiJ1cmwiO3M6MjI6Imh0dHBzOi8vMTY0LjkyLjI0NC4xOTIiO31zOjY6Il9mbGFzaCI7YToyOntzOjM6Im9sZCI7YTowOnt9czozOiJuZXciO2E6MDp7fX19',1768155344),
('wZM1InC2r1Le1khvnf0hQB1aMGIwIfvaAjbnkUK8',1,'89.147.136.198','Mozilla/5.0 (Linux; Android 10; K) AppleWebKit/537.36 (KHTML, like Gecko) Chrome/143.0.0.0 Mobile Safari/537.36','YTo1OntzOjY6Il90b2tlbiI7czo0MDoiS21aeWxiV0lxRTVGNHZyekZiV3k3YWNFNWozTUZjdTBhZEtlb2lHTCI7czo5OiJfcHJldmlvdXMiO2E6MTp7czozOiJ1cmwiO3M6MzQ6Imh0dHBzOi8vZWhrYW0uYWJ1a2hhbGlsLmFwcC9rYW5iYW4iO31zOjY6Il9mbGFzaCI7YToyOntzOjM6Im9sZCI7YTowOnt9czozOiJuZXciO2E6MDp7fX1zOjM6InVybCI7YTowOnt9czo1MDoibG9naW5fd2ViXzU5YmEzNmFkZGMyYjJmOTQwMTU4MGYwMTRjN2Y1OGVhNGUzMDk4OWQiO2k6MTt9',1766396354),
('Wzn2KDnyJwRJx9EMKOmrUvjxURvqwVeBoizQ2Gwz',NULL,'161.123.145.196','Mozilla/5.0 (iPhone; CPU iPhone OS 16_6_1 like Mac OS X) AppleWebKit/605.1.15 (KHTML, like Gecko) Version/16.5 Mobile/15E148 Safari/604.1','YTozOntzOjY6Il90b2tlbiI7czo0MDoiY3ZvUVU2Nm5SVktLWEtHaXJDcm1KYzRGZjNNNXZwSEtMQ3JqZTFNYyI7czo5OiJfcHJldmlvdXMiO2E6MTp7czozOiJ1cmwiO3M6MjI6Imh0dHBzOi8vYWJ1a2hhbGlsLnNpdGUiO31zOjY6Il9mbGFzaCI7YToyOntzOjM6Im9sZCI7YTowOnt9czozOiJuZXciO2E6MDp7fX19',1766866684),
('X0MWxiau4nnnVPyWIVVqvaAKcxNiTQw2c61vQT35',NULL,'178.22.24.64','Mozilla/5.0 (Windows NT 10.0; Win64; x64) AppleWebKit/537.36 (KHTML, like Gecko) Chrome/140.0.0.0 Safari/537.36','YTozOntzOjY6Il90b2tlbiI7czo0MDoiUGxVdm52cEVaSHkzb0xVMlN6ZktTMXBpZmdBTFA5aXpaOVFobEZ3TiI7czo5OiJfcHJldmlvdXMiO2E6MTp7czozOiJ1cmwiO3M6MjI6Imh0dHBzOi8vMTY0LjkyLjI0NC4xOTIiO31zOjY6Il9mbGFzaCI7YToyOntzOjM6Im9sZCI7YTowOnt9czozOiJuZXciO2E6MDp7fX19',1768043870),
('x2TiQMZNcRZkXpamEXy7fM2w9tTHygP1NHXIn3eO',NULL,'5.21.229.132','Mozilla/5.0 (Windows NT 10.0; Win64; x64) AppleWebKit/537.36 (KHTML, like Gecko) Chrome/142.0.0.0 Safari/537.36','YTozOntzOjY6Il90b2tlbiI7czo0MDoicFlXbmNhaUhTZm14NkNVaDJwSlllWWo0MWRYNzJCYURZWURiQ2FkcyI7czo5OiJfcHJldmlvdXMiO2E6MTp7czozOiJ1cmwiO3M6MzQ6Imh0dHBzOi8vZWhrYW0uYWJ1a2hhbGlsLnNpdGUvbG9naW4iO31zOjY6Il9mbGFzaCI7YToyOntzOjM6Im9sZCI7YTowOnt9czozOiJuZXciO2E6MDp7fX19',1768801202),
('x3r7uvIA4CTyb8TqpNSBgoctS7F1bKH6yTXjnqCg',NULL,'103.203.59.1','HTTP Banner Detection (https://security.ipip.net)','YTozOntzOjY6Il90b2tlbiI7czo0MDoiTHhoRGNDT2pCUTlHcHhhT1hiYTQ3aHVxcENSd2puVUlleFlxcmRDTiI7czo5OiJfcHJldmlvdXMiO2E6MTp7czozOiJ1cmwiO3M6MjI6Imh0dHBzOi8vMTY0LjkyLjI0NC4xOTIiO31zOjY6Il9mbGFzaCI7YToyOntzOjM6Im9sZCI7YTowOnt9czozOiJuZXciO2E6MDp7fX19',1768249092),
('X4Ptddd2lizvZkOMHoG5cueY5cBwcno5fr12lCfH',NULL,'85.217.140.15','Mozilla/5.0 (compatible; ModatScanner/1.2; +https://modat.io/)','YTozOntzOjY6Il90b2tlbiI7czo0MDoiOUtMeThCaEFXbFNNZVE5Umt2a1FleW9kTkNqVk1PdVMzenZKT2t3ZyI7czo5OiJfcHJldmlvdXMiO2E6MTp7czozOiJ1cmwiO3M6MjI6Imh0dHBzOi8vMTY0LjkyLjI0NC4xOTIiO31zOjY6Il9mbGFzaCI7YToyOntzOjM6Im9sZCI7YTowOnt9czozOiJuZXciO2E6MDp7fX19',1768658152),
('x4rrXbvVNEYemyY4kMNy2Fj5JqieN9pp3wqhBGHl',NULL,'167.99.202.247','Mozilla/5.0 (Windows NT 10.0; Win64; x64) AppleWebKit/537.36 (KHTML, like Gecko) Chrome/108.0.0.0 Safari/537.36','YTozOntzOjY6Il90b2tlbiI7czo0MDoiS2pIVXBrdU92WVByZDJmaGh5Vnc5alpRNUd2VWZ6R216bldmeDN6YyI7czo5OiJfcHJldmlvdXMiO2E6MTp7czozOiJ1cmwiO3M6MjI6Imh0dHBzOi8vMTY0LjkyLjI0NC4xOTIiO31zOjY6Il9mbGFzaCI7YToyOntzOjM6Im9sZCI7YTowOnt9czozOiJuZXciO2E6MDp7fX19',1767646511),
('X7XxKBiRzp4Ua3fHCpVAuPHiX0bYYoJT2nIdojFV',NULL,'195.178.110.54','Mozilla/5.0 (Windows NT 6.1; Win64; x64) AppleWebKit/537.36 (KHTML, like Gecko) Chrome/66.0.3359.170 Safari/537.36','YTozOntzOjY6Il90b2tlbiI7czo0MDoiRzJreXVOSU5DZTFzd1FmWG9yb3cyNWF4RmJ1UnlaelBYREt3czNqMSI7czo5OiJfcHJldmlvdXMiO2E6MTp7czozOiJ1cmwiO3M6Mjg6Imh0dHBzOi8vZWhrYW0uYWJ1a2hhbGlsLnNpdGUiO31zOjY6Il9mbGFzaCI7YToyOntzOjM6Im9sZCI7YTowOnt9czozOiJuZXciO2E6MDp7fX19',1767348569),
('xAaYNypFyQs3Jusqz7GUeTob3QurkfiNiUhER1dD',NULL,'172.235.168.35','','YTozOntzOjY6Il90b2tlbiI7czo0MDoiNGJmb1A2ZHB1a1BiQ1hNY0xNR09neHg3VUdlSkt0YklhaFdEbFJQUyI7czo5OiJfcHJldmlvdXMiO2E6MTp7czozOiJ1cmwiO3M6Mjg6Imh0dHBzOi8vZWhrYW0uYWJ1a2hhbGlsLnNpdGUiO31zOjY6Il9mbGFzaCI7YToyOntzOjM6Im9sZCI7YTowOnt9czozOiJuZXciO2E6MDp7fX19',1767355966),
('XB8jfwwmOlTnrrtnEV51oCovFXt7udF92uTFmd6X',NULL,'213.32.122.82','Mozilla/5.0 (Windows NT 6.1) AppleWebKit/537.36 (KHTML, like Gecko) Chrome/41.0.2228.0 Safari/537.36','YTozOntzOjY6Il90b2tlbiI7czo0MDoiNmNUMzNsWGlNV3VpZlNaRHVhNWpOU1dTYlplVE0ydjM0UzIyQ2tnVSI7czo5OiJfcHJldmlvdXMiO2E6MTp7czozOiJ1cmwiO3M6MjI6Imh0dHBzOi8vMTY0LjkyLjI0NC4xOTIiO31zOjY6Il9mbGFzaCI7YToyOntzOjM6Im9sZCI7YTowOnt9czozOiJuZXciO2E6MDp7fX19',1768260879),
('XbrnNcw1v1F3uxOiGQi0TUb5EQEetGjLC66yaIvX',NULL,'170.64.203.39','Mozilla/4.0 (compatible; MSIE 9.0; Windows NT 10.0; .NET4.0C; .NET4.0E; .NET CLR 2.0.50727; .NET CLR 3.0.30729; .NET CLR 3.5.30729)','YTozOntzOjY6Il90b2tlbiI7czo0MDoieG55RWhSeVF5NndJZktuSWtrQlpXT3oxOFpkT0NQaWtZOFlQVFJrSiI7czo5OiJfcHJldmlvdXMiO2E6MTp7czozOiJ1cmwiO3M6MjI6Imh0dHBzOi8vMTY0LjkyLjI0NC4xOTIiO31zOjY6Il9mbGFzaCI7YToyOntzOjM6Im9sZCI7YTowOnt9czozOiJuZXciO2E6MDp7fX19',1767441179),
('XbU0evff6rf6xDKFhpodAbEjNB8fUupWERoX9yEp',NULL,'188.135.48.111','Mozilla/5.0 (Windows NT 10.0; Win64; x64) AppleWebKit/537.36 (KHTML, like Gecko) Chrome/142.0.0.0 Safari/537.36','YTozOntzOjY6Il90b2tlbiI7czo0MDoiMm9oOE1laDJEeTVCTHpLVkZ0OWpYc1VOWHhnUnhSN3pNUmxYb2N4dyI7czo5OiJfcHJldmlvdXMiO2E6MTp7czozOiJ1cmwiO3M6MzQ6Imh0dHBzOi8vZWhrYW0uYWJ1a2hhbGlsLnNpdGUvbG9naW4iO31zOjY6Il9mbGFzaCI7YToyOntzOjM6Im9sZCI7YTowOnt9czozOiJuZXciO2E6MDp7fX19',1768801195),
('xcXjMYTysK69jPr1XDdmKeiAdAbPqfTIHNXjqhwR',NULL,'205.169.39.114','Mozilla/5.0 (Windows NT 10.0; Win64; x64) AppleWebKit/537.36 (KHTML, like Gecko) Chrome/79.0.3945.79 Safari/537.36','YTozOntzOjY6Il90b2tlbiI7czo0MDoiak1WVlFMNDNSdkxHbXNOU2w0WE01bGt3RXoyZm96N2hjVWY4TnJ4eSI7czo5OiJfcHJldmlvdXMiO2E6MTp7czozOiJ1cmwiO3M6Mjg6Imh0dHBzOi8vZWhrYW0uYWJ1a2hhbGlsLnNpdGUiO31zOjY6Il9mbGFzaCI7YToyOntzOjM6Im9sZCI7YTowOnt9czozOiJuZXciO2E6MDp7fX19',1766783954),
('xd5pt7UoKveTMyg5EoT0fcmuJ5OMf3DytoFapoky',NULL,'68.183.196.84','Mozilla/5.0 (X11; Linux x86_64) AppleWebKit/537.36 (KHTML, like Gecko) Chrome/142.0.0.0 Safari/537.36','YTozOntzOjY6Il90b2tlbiI7czo0MDoiYWJGSWFGZzlTeGoyaE9FZWJ1cWRWOUtZUVZQMnVhMkIyMlVsOHNDcSI7czo5OiJfcHJldmlvdXMiO2E6MTp7czozOiJ1cmwiO3M6Mjg6Imh0dHBzOi8vZWhrYW0uYWJ1a2hhbGlsLnNpdGUiO31zOjY6Il9mbGFzaCI7YToyOntzOjM6Im9sZCI7YTowOnt9czozOiJuZXciO2E6MDp7fX19',1767083717),
('xDaMQf3A01VK9eiGkBapEZ6QhewV972tRVIVvXIe',NULL,'85.217.140.2','Mozilla/5.0 (compatible; ModatScanner/1.2; +https://modat.io/)','YTozOntzOjY6Il90b2tlbiI7czo0MDoiSFNKWWlpdHIxeU5wT3JwaEQ5T3Jtc2xnYjdjMmhGWFU1NEdmQTBHOCI7czo5OiJfcHJldmlvdXMiO2E6MTp7czozOiJ1cmwiO3M6MjI6Imh0dHBzOi8vMTY0LjkyLjI0NC4xOTIiO31zOjY6Il9mbGFzaCI7YToyOntzOjM6Im9sZCI7YTowOnt9czozOiJuZXciO2E6MDp7fX19',1768035816),
('xEKP35XzjJLKHJGd6nOiAi7wYW0QeWOV3xIUAjpD',NULL,'60.16.219.56','Mozilla/5.0 (Windows NT 6.1) AppleWebKit/537.36 (KHTML, like Gecko) Chrome/49.0.2623.112 Safari/537.36','YTozOntzOjY6Il90b2tlbiI7czo0MDoicWQ4ZlFRdFlyemtBR01kWTAzaUNVRHYyRjZNM3MxcXVyaXozRVFPQSI7czo5OiJfcHJldmlvdXMiO2E6MTp7czozOiJ1cmwiO3M6Mjg6Imh0dHBzOi8vZWhrYW0uYWJ1a2hhbGlsLnNpdGUiO31zOjY6Il9mbGFzaCI7YToyOntzOjM6Im9sZCI7YTowOnt9czozOiJuZXciO2E6MDp7fX19',1767831876),
('xfd71Cr1BM19trqlkz2TdYlmeVErzJ66S53uPWwj',NULL,'34.226.216.214','Mozilla/5.0 (Windows NT 10.0; Win64; x64) AppleWebKit/537.36 (KHTML, like Gecko) Chrome/120.0.0.0 Safari/537.36','YTozOntzOjY6Il90b2tlbiI7czo0MDoiSTI2QlpmSGF3UThnUEpXOWxoZjRWc0xHUGZmb0JhbDlSRWVPSERqdiI7czo5OiJfcHJldmlvdXMiO2E6MTp7czozOiJ1cmwiO3M6Mjg6Imh0dHBzOi8vZWhrYW0uYWJ1a2hhbGlsLnNpdGUiO31zOjY6Il9mbGFzaCI7YToyOntzOjM6Im9sZCI7YTowOnt9czozOiJuZXciO2E6MDp7fX19',1766853418),
('XgcRiTz2L2cr1U9AdN19uMnN0qioAls6S96LUV50',NULL,'37.40.254.247','Mozilla/5.0 (Linux; Android 10; K) AppleWebKit/537.36 (KHTML, like Gecko) Chrome/143.0.0.0 Mobile Safari/537.36','YTo0OntzOjY6Il90b2tlbiI7czo0MDoiUllXYW5VcXZuS0NjaDdvSkRlT2Y0cTBqMk5Vb1hJSnViMHhadnZQbyI7czo5OiJfcHJldmlvdXMiO2E6MTp7czozOiJ1cmwiO3M6Nzg6Imh0dHBzOi8vZWhrYW0uYWJ1a2hhbGlsLnNpdGUvc3dvdC9ib2FyZC8wbXhGaVlrM25ETUszZEVSblN2TEQ2SzZ0UG9wMFdRUS9pdGVtcyI7fXM6NjoiX2ZsYXNoIjthOjI6e3M6Mzoib2xkIjthOjA6e31zOjM6Im5ldyI7YTowOnt9fXM6MTg6InN3b3RfcGFydGljaXBhbnRfNSI7YTozOntzOjQ6Im5hbWUiO3M6NDoiLi4wMCI7czoyOiJpcCI7czoxMzoiMzcuNDAuMjU0LjI0NyI7czoxMDoic2Vzc2lvbl9pZCI7czo0MDoiWGdjUmlUejJMMmNyMVU5QWROMTl1TW5OMHFpb0FsczZTOTZMVVY1MCI7fX0=',1767600447),
('XGXqmAcYaJsX4VleKFPejqrGlInQm1VnEk9ORIgL',NULL,'35.203.211.180','Hello from Palo Alto Networks, find out more about our scans in https://docs-cortex.paloaltonetworks.com/r/1/Cortex-Xpanse/Scanning-activity','YTozOntzOjY6Il90b2tlbiI7czo0MDoicllVZFI0OTllS1hZbDVjZUtMRkxDSnR4NDBRcFlmZEhqMkU2YW5PWiI7czo5OiJfcHJldmlvdXMiO2E6MTp7czozOiJ1cmwiO3M6MjI6Imh0dHBzOi8vMTY0LjkyLjI0NC4xOTIiO31zOjY6Il9mbGFzaCI7YToyOntzOjM6Im9sZCI7YTowOnt9czozOiJuZXciO2E6MDp7fX19',1767691395),
('Xi6g1VrhCiPq7EemHQB2YZOOXLHifWffy1XNt5ks',NULL,'198.235.24.200','Hello from Palo Alto Networks, find out more about our scans in https://docs-cortex.paloaltonetworks.com/r/1/Cortex-Xpanse/Scanning-activity','YTozOntzOjY6Il90b2tlbiI7czo0MDoiTlBpQkswQWhYaUpUenNKNG1kWEJTYWxGd1NCTzJVdUQ0bVBHbVBINCI7czo5OiJfcHJldmlvdXMiO2E6MTp7czozOiJ1cmwiO3M6MzM6Imh0dHBzOi8vMTY0LTkyLTI0NC0xOTIucGxlc2sucGFnZSI7fXM6NjoiX2ZsYXNoIjthOjI6e3M6Mzoib2xkIjthOjA6e31zOjM6Im5ldyI7YTowOnt9fX0=',1767682165),
('xJFe6bqztaVUv55qkvND9nSl3dQQzio8F4pWXInO',NULL,'64.62.197.62','Mozilla/5.0 (X11; Linux x86_64; rv:142.0) Gecko/20100101 Firefox/142.0','YTozOntzOjY6Il90b2tlbiI7czo0MDoidExNWTlJNmh1ZGc2NGZ2MXZFTFQwRDdtSVF6ck9aaDBXbllwYThNTSI7czo5OiJfcHJldmlvdXMiO2E6MTp7czozOiJ1cmwiO3M6MjI6Imh0dHBzOi8vMTY0LjkyLjI0NC4xOTIiO31zOjY6Il9mbGFzaCI7YToyOntzOjM6Im9sZCI7YTowOnt9czozOiJuZXciO2E6MDp7fX19',1767410228),
('XKbcRgOgNrjXpO7ACR0dgdWUBZvq5hdghnPXqnvc',NULL,'167.94.138.205','Mozilla/5.0 (compatible; CensysInspect/1.1; +https://about.censys.io/)','YTozOntzOjY6Il90b2tlbiI7czo0MDoid0VRaWZOVGJtcVdXOGJqNGkxRXJQb3RCY2RjaUdRWkc2VDBFWkU5SiI7czo5OiJfcHJldmlvdXMiO2E6MTp7czozOiJ1cmwiO3M6Mjg6Imh0dHBzOi8vMTY0LjkyLjI0NC4xOTIvbG9naW4iO31zOjY6Il9mbGFzaCI7YToyOntzOjM6Im9sZCI7YTowOnt9czozOiJuZXciO2E6MDp7fX19',1768770078),
('XLsG43PJpcJHIRIjqQt2lkyH7HmUr3r9J1zX9Fw3',NULL,'195.184.76.207','Mozilla/5.0 (X11; Ubuntu; Linux x86_64; rv:134.0) Gecko/20100101 Firefox/134.0','YTozOntzOjY6Il90b2tlbiI7czo0MDoicFBvU0xsamlFQmVlaUM0clJTRllTOEtqeGZKeWxFbXhEb1g3N1BmNiI7czo5OiJfcHJldmlvdXMiO2E6MTp7czozOiJ1cmwiO3M6MjI6Imh0dHBzOi8vMTY0LjkyLjI0NC4xOTIiO31zOjY6Il9mbGFzaCI7YToyOntzOjM6Im9sZCI7YTowOnt9czozOiJuZXciO2E6MDp7fX19',1768790234),
('XnE5m8y4qT75nWCfrNpvZ7fYLl8XWiXkhbxtsYv1',NULL,'64.62.197.212','Mozilla/5.0 (X11; Linux x86_64; rv:109.0) Gecko/20100101 Firefox/110.0','YTozOntzOjY6Il90b2tlbiI7czo0MDoic0g5Zk16T0RxeHgyQkxMR3Uyc0tZZ0Znd1ZtdlBOckR2VzJnakJLZyI7czo5OiJfcHJldmlvdXMiO2E6MTp7czozOiJ1cmwiO3M6MjI6Imh0dHBzOi8vMTY0LjkyLjI0NC4xOTIiO31zOjY6Il9mbGFzaCI7YToyOntzOjM6Im9sZCI7YTowOnt9czozOiJuZXciO2E6MDp7fX19',1768003789),
('XnyaAxMM22r5LMPKlya72jvlVPOMg6IMQ2XDlsHq',NULL,'13.57.254.23','Mozilla/5.0 (Macintosh; Intel Mac OS X 10_11_5) AppleWebKit/537.36 (KHTML, like Gecko) Chrome/50.0.2661.102 Safari/537.36','YTozOntzOjY6Il90b2tlbiI7czo0MDoiNFJDQTEydmF5NlF0QzUzNU1FWjV0cWJYVnF6bTJiaUN3RE54Wkw3WiI7czo5OiJfcHJldmlvdXMiO2E6MTp7czozOiJ1cmwiO3M6MjI6Imh0dHBzOi8vMTY0LjkyLjI0NC4xOTIiO31zOjY6Il9mbGFzaCI7YToyOntzOjM6Im9sZCI7YTowOnt9czozOiJuZXciO2E6MDp7fX19',1766827323),
('xodf19HiliTmKnWwfNrCqgqtor06JLdPUPeFIbT4',NULL,'5.112.10.28','Go-http-client/1.1','YTozOntzOjY6Il90b2tlbiI7czo0MDoiQVV3UUREaUR6SVE4WExwUTV2ZUIxY1g4UUhDMkdtY2c5QkR6b085YiI7czo5OiJfcHJldmlvdXMiO2E6MTp7czozOiJ1cmwiO3M6MzQ6Imh0dHBzOi8vYThjamg3YnM4by5mbG9uZHJlemlrLmluZm8iO31zOjY6Il9mbGFzaCI7YToyOntzOjM6Im9sZCI7YTowOnt9czozOiJuZXciO2E6MDp7fX19',1767112622),
('XOHFjIMx6qKgRfb8pmenn7cHFqTGWlanm7hdiL0O',NULL,'3.8.49.83','Mozilla/5.0','YTozOntzOjY6Il90b2tlbiI7czo0MDoiN2JPallBZ1hRcU1INUhNR0xlRmF1YTRzVUQyTXhhQ3lZanRnQ2h0VSI7czo5OiJfcHJldmlvdXMiO2E6MTp7czozOiJ1cmwiO3M6MjI6Imh0dHBzOi8vMTY0LjkyLjI0NC4xOTIiO31zOjY6Il9mbGFzaCI7YToyOntzOjM6Im9sZCI7YTowOnt9czozOiJuZXciO2E6MDp7fX19',1766885202),
('XqfqkIS5FL3cBot43nRQgwu2xhjiD1Ue1wRCN398',NULL,'20.14.73.238','Mozilla/5.0 zgrab/0.x','YTozOntzOjY6Il90b2tlbiI7czo0MDoiQmNOcFBneUlDOXltRm81RFpVWGFPN2l6YUhFa1gzV0VLU2FiZHEwQSI7czo5OiJfcHJldmlvdXMiO2E6MTp7czozOiJ1cmwiO3M6MjI6Imh0dHBzOi8vMTY0LjkyLjI0NC4xOTIiO31zOjY6Il9mbGFzaCI7YToyOntzOjM6Im9sZCI7YTowOnt9czozOiJuZXciO2E6MDp7fX19',1767420937),
('XQOyV6QFh3gD4EjZON70oEhS42R9QF1BlzTftqzt',NULL,'34.90.33.19','Mozilla/5.0 (compatible; CMS-Checker/1.0; +https://example.com)','YTozOntzOjY6Il90b2tlbiI7czo0MDoiVUVyY0N0WFFza0w2ZHJCdTA2c2ZaMlVja1NKTXdUYmpLbTB6Z2l4NyI7czo5OiJfcHJldmlvdXMiO2E6MTp7czozOiJ1cmwiO3M6Mjc6Imh0dHBzOi8vZWhrYW0uYWJ1a2hhbGlsLmFwcCI7fXM6NjoiX2ZsYXNoIjthOjI6e3M6Mzoib2xkIjthOjA6e31zOjM6Im5ldyI7YTowOnt9fX0=',1766754657),
('Xr84Fpox870gfVOpoiQI5i8LhIgnoUfMsYFw3faP',NULL,'172.235.168.35','Mozilla/5.0 (iPhone; CPU iPhone OS 18_3 like Mac OS X) AppleWebKit/605.1.15 (KHTML','YTozOntzOjY6Il90b2tlbiI7czo0MDoicWd6YWNsOW9zb2RqeXJUZWExN2tNZ080ZEkyeE9kczdHWW94ODhJUCI7czo5OiJfcHJldmlvdXMiO2E6MTp7czozOiJ1cmwiO3M6Mjg6Imh0dHBzOi8vMTY0LjkyLjI0NC4xOTIvbG9naW4iO31zOjY6Il9mbGFzaCI7YToyOntzOjM6Im9sZCI7YTowOnt9czozOiJuZXciO2E6MDp7fX19',1767355959),
('xSAPr1R3FBgmwArsETfxkgUAFi9KQ9nQLesRoLEj',NULL,'109.105.210.104','Mozilla/5.0 (Windows NT 10.0; Win64; x64) AppleWebKit/537.36 (KHTML, like Gecko) Chrome/60.0.3112.113 Safari/537.36','YTozOntzOjY6Il90b2tlbiI7czo0MDoiYVFHa2huckpmNFBwM2Z6YjZYVWJnUUc5ZGVTeEJFbmhiQno2d0IwVSI7czo5OiJfcHJldmlvdXMiO2E6MTp7czozOiJ1cmwiO3M6MjI6Imh0dHBzOi8vMTY0LjkyLjI0NC4xOTIiO31zOjY6Il9mbGFzaCI7YToyOntzOjM6Im9sZCI7YTowOnt9czozOiJuZXciO2E6MDp7fX19',1766827941),
('xsfIj9XwIZSqDHXfeqTOvrYjawmePFa16HIl7QHN',NULL,'51.254.204.161','Mozilla/5.0','YTozOntzOjY6Il90b2tlbiI7czo0MDoid1YxNmh3RDU2NXZqUUxzS3BUaklCaGdhZGJsZXRaTE9UWVZWWEZabSI7czo5OiJfcHJldmlvdXMiO2E6MTp7czozOiJ1cmwiO3M6Mjg6Imh0dHBzOi8vZWhrYW0uYWJ1a2hhbGlsLnNpdGUiO31zOjY6Il9mbGFzaCI7YToyOntzOjM6Im9sZCI7YTowOnt9czozOiJuZXciO2E6MDp7fX19',1766911688),
('xTdXTFSinDUcCdQJembFPWCGEfy1IkzaGAEY1HrP',NULL,'165.154.11.37','curl/7.29.0','YTozOntzOjY6Il90b2tlbiI7czo0MDoiU3RFdkRuS2Z5SWRIRkdkN0s2MUdHUlAxZjI3YldyZlRnbUhKUHpGWCI7czo5OiJfcHJldmlvdXMiO2E6MTp7czozOiJ1cmwiO3M6MjI6Imh0dHBzOi8vMTY0LjkyLjI0NC4xOTIiO31zOjY6Il9mbGFzaCI7YToyOntzOjM6Im9sZCI7YTowOnt9czozOiJuZXciO2E6MDp7fX19',1767937556),
('xUIzz3vgRiQMAOUiu1vwPWZxIWVtFXtAe1NTYmHN',NULL,'220.167.232.10','Mozilla/5.0 (Windows NT 6.1) AppleWebKit/537.36 (KHTML, like Gecko) Chrome/49.0.2623.112 Safari/537.36','YTozOntzOjY6Il90b2tlbiI7czo0MDoiVHdiU0FVZnF1cW5reE13N1RsQlh0aEZodkc2NUFDRzA0ZFNTQUhuQiI7czo5OiJfcHJldmlvdXMiO2E6MTp7czozOiJ1cmwiO3M6Mjg6Imh0dHBzOi8vZWhrYW0uYWJ1a2hhbGlsLnNpdGUiO31zOjY6Il9mbGFzaCI7YToyOntzOjM6Im9sZCI7YTowOnt9czozOiJuZXciO2E6MDp7fX19',1767831717),
('XvFLOELhHRQEAUSVXW7rsGYxOChuDNa6pXUSVyDj',NULL,'185.12.59.118','Mozilla/5.0 (Windows NT 10.0; Win64; x64; rv:132.0) Gecko/20100101 Firefox/132.0','YTozOntzOjY6Il90b2tlbiI7czo0MDoibGlNeFNzeHJnTmF2ZzhOT2VFcWxHWlpwVUlPZHVYVkgxazRUdGNsYyI7czo5OiJfcHJldmlvdXMiO2E6MTp7czozOiJ1cmwiO3M6MjI6Imh0dHBzOi8vMTY0LjkyLjI0NC4xOTIiO31zOjY6Il9mbGFzaCI7YToyOntzOjM6Im9sZCI7YTowOnt9czozOiJuZXciO2E6MDp7fX19',1768411045),
('xvTpZoAMsxMUQqiW7oUZGf1Wu0hnoIrTKwTAzexp',NULL,'172.236.1.139','Mozilla/5.0 (Windows NT 6.1; WOW64; rv:8.0) Gecko/20100101 Firefox/8.0','YTozOntzOjY6Il90b2tlbiI7czo0MDoiMDdMUlVpWGNSbW1KMkxmRVNKb0Z0d3NrYVNUVFMwazZTZWRPbkhHeSI7czo5OiJfcHJldmlvdXMiO2E6MTp7czozOiJ1cmwiO3M6MjI6Imh0dHBzOi8vMTY0LjkyLjI0NC4xOTIiO31zOjY6Il9mbGFzaCI7YToyOntzOjM6Im9sZCI7YTowOnt9czozOiJuZXciO2E6MDp7fX19',1768546270),
('xvTZzoBLgNn3Uh0HdO9h9AmVvY688jDWIEeXwHfX',NULL,'172.236.30.215','Mozilla/5.0 (Windows NT 6.1; WOW64; rv:8.0) Gecko/20100101 Firefox/8.0','YTozOntzOjY6Il90b2tlbiI7czo0MDoiUU1Nd1hVdUFvVE1id0NDUlhnUmVWMVBaaXgxRlpKWmFQbUR0aTRZYiI7czo5OiJfcHJldmlvdXMiO2E6MTp7czozOiJ1cmwiO3M6MjI6Imh0dHBzOi8vMTY0LjkyLjI0NC4xOTIiO31zOjY6Il9mbGFzaCI7YToyOntzOjM6Im9sZCI7YTowOnt9czozOiJuZXciO2E6MDp7fX19',1767327895),
('xWq99OW0EXO8TOhYZCJDvx2eXzGhvMNMhkOQdq81',NULL,'35.195.180.151','python-requests/2.32.5','YTozOntzOjY6Il90b2tlbiI7czo0MDoibEkyUVcyRjFDU2ZoN01QSlJOa3o4a083bzdyZnZDQ3pHR0dqTXRzWiI7czo5OiJfcHJldmlvdXMiO2E6MTp7czozOiJ1cmwiO3M6MjI6Imh0dHBzOi8vMTY0LjkyLjI0NC4xOTIiO31zOjY6Il9mbGFzaCI7YToyOntzOjM6Im9sZCI7YTowOnt9czozOiJuZXciO2E6MDp7fX19',1767437738),
('XwytpNi21gcg93dPFq5mmo7spJOgEDVmrcYMPsVh',NULL,'167.94.146.51','Mozilla/5.0 (compatible; CensysInspect/1.1; +https://about.censys.io/)','YTozOntzOjY6Il90b2tlbiI7czo0MDoieUFYZnBkTVRyRGRBYjlZMkhSMjZKWFlCMlFFeTZGNHh3OXl5VUttUiI7czo5OiJfcHJldmlvdXMiO2E6MTp7czozOiJ1cmwiO3M6MjI6Imh0dHBzOi8vMTY0LjkyLjI0NC4xOTIiO31zOjY6Il9mbGFzaCI7YToyOntzOjM6Im9sZCI7YTowOnt9czozOiJuZXciO2E6MDp7fX19',1768381738),
('XxijuHzIFUu903nY31GnMujDxzUJX20i41doDVLV',NULL,'174.138.34.231','Mozilla/5.0 (Windows NT 10.0; Win64; x64) AppleWebKit/537.36 (KHTML, like Gecko) Chrome/108.0.0.0 Safari/537.36','YTozOntzOjY6Il90b2tlbiI7czo0MDoiZUJLMDk4ZFQxMTNNQzhmUlE2V3BLV21hNTI2eXhrVEgyNHQ0YWVJeCI7czo5OiJfcHJldmlvdXMiO2E6MTp7czozOiJ1cmwiO3M6MjI6Imh0dHBzOi8vMTY0LjkyLjI0NC4xOTIiO31zOjY6Il9mbGFzaCI7YToyOntzOjM6Im9sZCI7YTowOnt9czozOiJuZXciO2E6MDp7fX19',1766985101),
('xXWfID6lFzDNCTj06jiH99wS5pWc8Y8HIcgS320X',NULL,'43.167.241.46','Mozilla/5.0 (iPhone; CPU iPhone OS 13_2_3 like Mac OS X) AppleWebKit/605.1.15 (KHTML, like Gecko) Version/13.0.3 Mobile/15E148 Safari/604.1','YTozOntzOjY6Il90b2tlbiI7czo0MDoiV2V3Q3c4ZG9RbWExcUJmMzBDWU45NnNWb1U1TWJCaWlVN0Y5SmdMdiI7czo5OiJfcHJldmlvdXMiO2E6MTp7czozOiJ1cmwiO3M6Mjg6Imh0dHBzOi8vMTY0LjkyLjI0NC4xOTIvbG9naW4iO31zOjY6Il9mbGFzaCI7YToyOntzOjM6Im9sZCI7YTowOnt9czozOiJuZXciO2E6MDp7fX19',1768156289),
('XYpaI87MreJCh2e43sBtdvy03cZ0N74K8EfJqXdr',NULL,'35.196.187.154','Mozilla/5.0 (Windows NT 10.0; Win64; x64) AppleWebKit/537.36 (KHTML, like Gecko) Chrome/78.0.3904.108 Safari/537.36','YTozOntzOjY6Il90b2tlbiI7czo0MDoibkUwQXp5dTlzTXFFUUVoV3pvdnduU25SRUd1TzJuTzdKdXloejAxNyI7czo5OiJfcHJldmlvdXMiO2E6MTp7czozOiJ1cmwiO3M6Mjg6Imh0dHBzOi8vZWhrYW0uYWJ1a2hhbGlsLnNpdGUiO31zOjY6Il9mbGFzaCI7YToyOntzOjM6Im9sZCI7YTowOnt9czozOiJuZXciO2E6MDp7fX19',1768387766),
('xzhDeUYfL4CMlUqtMJe3GVe1Tsnc3IMX4e5B2cE8',NULL,'143.110.142.238','Mozilla/5.0 (Windows NT 10.0; Win64; x64) AppleWebKit/537.36 (KHTML, like Gecko) Chrome/108.0.0.0 Safari/537.36','YTozOntzOjY6Il90b2tlbiI7czo0MDoiVnpFMndsMFRoOW9KSjdGUHVGbGJiMmdaNmRMSURnRzVnc1lZNGxHVyI7czo5OiJfcHJldmlvdXMiO2E6MTp7czozOiJ1cmwiO3M6MjI6Imh0dHBzOi8vMTY0LjkyLjI0NC4xOTIiO31zOjY6Il9mbGFzaCI7YToyOntzOjM6Im9sZCI7YTowOnt9czozOiJuZXciO2E6MDp7fX19',1767956982),
('Y1jI1K4ZQ5ThXH186C7GKZyuCbXnX4QnhH9VzdGN',NULL,'62.210.198.204','Mozilla/5.0 (X11; Linux x86_64) AppleWebKit/537.36 (KHTML, like Gecko) Chrome/132.0.0.0 Safari/537.3','YTozOntzOjY6Il90b2tlbiI7czo0MDoiZ21QSlJVemV1NkdkUDM0NjBNeVVzS3JmVEU2Wm1tMXRnWVBBVDVNUyI7czo5OiJfcHJldmlvdXMiO2E6MTp7czozOiJ1cmwiO3M6MjI6Imh0dHBzOi8vYWJ1a2hhbGlsLnNpdGUiO31zOjY6Il9mbGFzaCI7YToyOntzOjM6Im9sZCI7YTowOnt9czozOiJuZXciO2E6MDp7fX19',1766831131),
('Y1zhq9dArcLMtSBJmRO1gIZq061kNkGE3XyPsEZa',NULL,'78.153.140.203','Mozilla/5.0 (compatible; Konqueror/4.2; Linux) KHTML/4.2.4 (like Gecko) Slackware/13.0','YTozOntzOjY6Il90b2tlbiI7czo0MDoiNW01UnJwQUVsbjV3YjhNMXFndlV3VERTMU80ZERlaWM0R1BIcGVoOCI7czo5OiJfcHJldmlvdXMiO2E6MTp7czozOiJ1cmwiO3M6MzQ6Imh0dHBzOi8vMTY0LjkyLjI0NC4xOTIvP3BocGluZm89LTEiO31zOjY6Il9mbGFzaCI7YToyOntzOjM6Im9sZCI7YTowOnt9czozOiJuZXciO2E6MDp7fX19',1766947892),
('Y2kTi1uZik2Ui0Rk2NqUZ7C7snTSXaa1j9UL0EoN',NULL,'185.91.69.5','Mozilla/5.0 (Windows NT 10.0; Win64; x64) AppleWebKit/537.36 (KHTML, like Gecko) Chrome/94.0.4606.61 Safari/537.36','YTozOntzOjY6Il90b2tlbiI7czo0MDoiSnJDYWhoVWttVEZMVGRidUZ3SGpnNm11VnpnV2xpV1hWTDR4MThWWCI7czo5OiJfcHJldmlvdXMiO2E6MTp7czozOiJ1cmwiO3M6MjI6Imh0dHBzOi8vMTY0LjkyLjI0NC4xOTIiO31zOjY6Il9mbGFzaCI7YToyOntzOjM6Im9sZCI7YTowOnt9czozOiJuZXciO2E6MDp7fX19',1766980361),
('y4qTJLN5IJxeZcL6o1vFalV4sC9kYp0IR1p1tttn',NULL,'45.194.70.253','curl/7.29.0','YTozOntzOjY6Il90b2tlbiI7czo0MDoidE04NWZ6bzFXSWJMWXBnWUNGZzVzakVPd2s4N2JEbWJlUUx1VnY1dSI7czo5OiJfcHJldmlvdXMiO2E6MTp7czozOiJ1cmwiO3M6MjI6Imh0dHBzOi8vMTY0LjkyLjI0NC4xOTIiO31zOjY6Il9mbGFzaCI7YToyOntzOjM6Im9sZCI7YTowOnt9czozOiJuZXciO2E6MDp7fX19',1767386338),
('y9Ng8giVHjWA6IHWaCJ7o0xAJBYU0Sd1e7qhZVJH',NULL,'167.94.138.183','Mozilla/5.0 (compatible; CensysInspect/1.1; +https://about.censys.io/)','YTozOntzOjY6Il90b2tlbiI7czo0MDoiOFROWTFPdExZd1dSUEdsTVpCTkhxZlAybmlnM0tMSkNheGdJbldIUyI7czo5OiJfcHJldmlvdXMiO2E6MTp7czozOiJ1cmwiO3M6MjI6Imh0dHBzOi8vMTY0LjkyLjI0NC4xOTIiO31zOjY6Il9mbGFzaCI7YToyOntzOjM6Im9sZCI7YTowOnt9czozOiJuZXciO2E6MDp7fX19',1768198428),
('yA6UC9NwRFZibkjzQQsO2lDfThI6BKEvu2SCVl5K',NULL,'65.49.1.142','Mozilla/5.0 (X11; CrOS x86_64 14541.0.0) AppleWebKit/537.36 (KHTML, like Gecko) Chrome/123.0.0.0 Safari/537.36','YTozOntzOjY6Il90b2tlbiI7czo0MDoicVVEMTM0N1VCSjlDSUxnZFRYWlNBVlQ1ZFFrdFV3ekM1MGN3dDcyMCI7czo5OiJfcHJldmlvdXMiO2E6MTp7czozOiJ1cmwiO3M6MjI6Imh0dHBzOi8vMTY0LjkyLjI0NC4xOTIiO31zOjY6Il9mbGFzaCI7YToyOntzOjM6Im9sZCI7YTowOnt9czozOiJuZXciO2E6MDp7fX19',1768101782),
('YdbkCqL1WSv5alJupglEk8R4WpC3HsSlYm4w9ySG',NULL,'172.235.235.248','','YTozOntzOjY6Il90b2tlbiI7czo0MDoiT2pLaFdjNW1rWEltYzBSS3BqdTB5UENwSEQ1NGU2YXhCdTM1cEVlRiI7czo5OiJfcHJldmlvdXMiO2E6MTp7czozOiJ1cmwiO3M6Mjg6Imh0dHBzOi8vZWhrYW0uYWJ1a2hhbGlsLnNpdGUiO31zOjY6Il9mbGFzaCI7YToyOntzOjM6Im9sZCI7YTowOnt9czozOiJuZXciO2E6MDp7fX19',1767500427),
('yDUzWHtAQD36kHAHm3rTaDKJrfGBgkSLwBiddEh2',NULL,'45.33.80.243','Mozilla/5.0 (Macintosh; Intel Mac OS X 13_1) AppleWebKit/537.36 (KHTML, like Gecko) Chrome/108.0.0.0 Safari/537.36','YTozOntzOjY6Il90b2tlbiI7czo0MDoiRDFQekxtME1OVUh1cG0xczBQdXpFdDBod1FjSGFpMUthZlFySVVJdCI7czo5OiJfcHJldmlvdXMiO2E6MTp7czozOiJ1cmwiO3M6MjI6Imh0dHBzOi8vMTY0LjkyLjI0NC4xOTIiO31zOjY6Il9mbGFzaCI7YToyOntzOjM6Im9sZCI7YTowOnt9czozOiJuZXciO2E6MDp7fX19',1767961944),
('YeoSZsvZHWcqNzeiTZQ5RG2tHtdzlNADERy0B0Bp',NULL,'104.253.247.147','Mozilla/5.0 (iPhone; CPU iPhone OS 18_5 like Mac OS X) AppleWebKit/605.1.15 (KHTML, like Gecko) CriOS/138.0.7204.156 Mobile/15E148 Safari/604.1','YTozOntzOjY6Il90b2tlbiI7czo0MDoiS2dwT0xPbXBQWWhpa2Y4OUI3TDk0emMwRHRDWUV3THhpY1hiZEJZZiI7czo5OiJfcHJldmlvdXMiO2E6MTp7czozOiJ1cmwiO3M6MjI6Imh0dHBzOi8vYWJ1a2hhbGlsLnNpdGUiO31zOjY6Il9mbGFzaCI7YToyOntzOjM6Im9sZCI7YTowOnt9czozOiJuZXciO2E6MDp7fX19',1766867510),
('yEzzRpKI5NbKVFa6Azg7lE63TFsrAGBXq1rH6Jk0',NULL,'141.148.153.213','Mozilla/5.0 (iPhone; CPU iPhone OS 17_0 like Mac OS X) AppleWebKit/605.1.15 (KHTML, like Gecko) Version/17.0 Mobile/15E148 Safari/604.1','YTozOntzOjY6Il90b2tlbiI7czo0MDoiU1NINENScUtmYm16dlVmZFJIRm1DVGhkQkE4enh0MVR2M0R1TkUzdyI7czo5OiJfcHJldmlvdXMiO2E6MTp7czozOiJ1cmwiO3M6Mjg6Imh0dHBzOi8vZWhrYW0uYWJ1a2hhbGlsLnNpdGUiO31zOjY6Il9mbGFzaCI7YToyOntzOjM6Im9sZCI7YTowOnt9czozOiJuZXciO2E6MDp7fX19',1766783913),
('yFCkMjnC4L1POhhL7GCwohDrwbiqrvDJuuPi9JNB',NULL,'185.247.137.214','Mozilla/5.0 (compatible; InternetMeasurement/1.0; +https://internet-measurement.com/)','YTozOntzOjY6Il90b2tlbiI7czo0MDoibFdFRmNxT3hvRmM3cFV3WURTcllSRDFNTkVMc2dPOVdWT2pJaEJpbiI7czo5OiJfcHJldmlvdXMiO2E6MTp7czozOiJ1cmwiO3M6MjI6Imh0dHBzOi8vMTY0LjkyLjI0NC4xOTIiO31zOjY6Il9mbGFzaCI7YToyOntzOjM6Im9sZCI7YTowOnt9czozOiJuZXciO2E6MDp7fX19',1767735952),
('yfd7CvrCesJZbwgKzSRVsPbtjFjWEizGvQkisVUE',NULL,'45.148.10.158','Mozilla/5.0 (Windows NT 10.0; Win64; x64) AppleWebKit/537.36','YToyOntzOjY6Il90b2tlbiI7czo0MDoiRjh4SDAxQ044QXV2SGJhalo2VmxEdGNPRzdNOHh1ZVNUYk9SN29mdyI7czo2OiJfZmxhc2giO2E6Mjp7czozOiJvbGQiO2E6MDp7fXM6MzoibmV3IjthOjA6e319fQ==',1767209877),
('YgdsLx7CHAgttNpxsCQNgE37oz6mkrjkH9vFiw9c',NULL,'152.32.204.21','Mozilla/5.0 (Macintosh; Intel Mac OS X 10_15_7) AppleWebKit/537.36 (KHTML, like Gecko) Chrome/120.0.0.0 Safari/537.36 Edg/120.0.0.0','YTozOntzOjY6Il90b2tlbiI7czo0MDoiVFVZb3pBTE5QYldiT055M05kamxGQXM1ZGtkR044YWpnczNuZjNReCI7czo5OiJfcHJldmlvdXMiO2E6MTp7czozOiJ1cmwiO3M6MjI6Imh0dHBzOi8vMTY0LjkyLjI0NC4xOTIiO31zOjY6Il9mbGFzaCI7YToyOntzOjM6Im9sZCI7YTowOnt9czozOiJuZXciO2E6MDp7fX19',1768525345),
('yhbmuxmAUfRCTAXkZYJhKcF6EBOGjPY7Qntv7XWe',NULL,'150.241.68.160','Mozilla/5.0','YTozOntzOjY6Il90b2tlbiI7czo0MDoidFlGRUpvRWg0Z09GdnY5Wk1NZ3BKZXhSQVV5MzBYVFNJZzc0T0R4USI7czo5OiJfcHJldmlvdXMiO2E6MTp7czozOiJ1cmwiO3M6Mjg6Imh0dHBzOi8vMTY0LjkyLjI0NC4xOTIvbG9naW4iO31zOjY6Il9mbGFzaCI7YToyOntzOjM6Im9sZCI7YTowOnt9czozOiJuZXciO2E6MDp7fX19',1768377020),
('YhJOYvTxRHmjb93Co7uTHlrejsc9AuevX65Z5YYn',NULL,'91.196.152.146','Mozilla/5.0 (X11; Ubuntu; Linux x86_64; rv:134.0) Gecko/20100101 Firefox/134.0','YTozOntzOjY6Il90b2tlbiI7czo0MDoiTkRYZHFqd0lpVGFrOXBNWkZyM0EySzRTM2hIMXBBRldONmpGRWZPaiI7czo5OiJfcHJldmlvdXMiO2E6MTp7czozOiJ1cmwiO3M6MjI6Imh0dHBzOi8vMTY0LjkyLjI0NC4xOTIiO31zOjY6Il9mbGFzaCI7YToyOntzOjM6Im9sZCI7YTowOnt9czozOiJuZXciO2E6MDp7fX19',1767666234),
('YhXRS4aai4NKHmrStnowBdpjWkaGTHyW67HmgA0H',NULL,'3.249.93.237','Mozilla/5.0 (Windows NT 10.0; Win64; x64) AppleWebKit/537.36 (KHTML, like Gecko) Chrome/60.0.3112.113 Safari/537.36 Assetnote/1.0.0','YTozOntzOjY6Il90b2tlbiI7czo0MDoibHQ0VWZ1SVhhVWIzOXNlb3FnZE40QTFwQXlTck5SanhiZjd6TU5YQyI7czo5OiJfcHJldmlvdXMiO2E6MTp7czozOiJ1cmwiO3M6Mjg6Imh0dHBzOi8vZWhrYW0uYWJ1a2hhbGlsLnNpdGUiO31zOjY6Il9mbGFzaCI7YToyOntzOjM6Im9sZCI7YTowOnt9czozOiJuZXciO2E6MDp7fX19',1766950504),
('YIwylNI2EW0aTDdhqb6UvqmY0EkJyXI2rSpKshos',NULL,'216.180.246.128','\'Mozilla/5.0 (compatible; GenomeCrawlerd/1.0; +https://www.nokia.com/genomecrawler)\'','YTozOntzOjY6Il90b2tlbiI7czo0MDoiZVZhTXFlZ09HOVhub0x1czRTOFlEeXg3OHV6bERzVjU4cExiTVVrdiI7czo5OiJfcHJldmlvdXMiO2E6MTp7czozOiJ1cmwiO3M6MjI6Imh0dHBzOi8vMTY0LjkyLjI0NC4xOTIiO31zOjY6Il9mbGFzaCI7YToyOntzOjM6Im9sZCI7YTowOnt9czozOiJuZXciO2E6MDp7fX19',1768506432),
('yjdkwSl3qneyrjUgTgEzmUp9NXeSx489pLHyyUKz',NULL,'69.12.83.216','Mozilla/5.0 (Windows NT 10.0; Win64; x64) AppleWebKit/537.36 (KHTML, like Gecko) Chrome/138.0.0.0 Safari/537.36 Edg/138.0.0.0','YTozOntzOjY6Il90b2tlbiI7czo0MDoiaFA5MVBrN2dpbkVwcjhhZGxpUFptTmxUUXZQTHlIaWVkclVDN2NLUyI7czo5OiJfcHJldmlvdXMiO2E6MTp7czozOiJ1cmwiO3M6MjI6Imh0dHBzOi8vMTY0LjkyLjI0NC4xOTIiO31zOjY6Il9mbGFzaCI7YToyOntzOjM6Im9sZCI7YTowOnt9czozOiJuZXciO2E6MDp7fX19',1767092023),
('YlNOEoHaRka1wY09D8pdr0phB4bLiXCHXyTxlzCP',NULL,'35.91.30.235','Mozilla/5.0 (Linux; Android 8.0.0; SM-G965U Build/R16NW) AppleWebKit/537.36 (KHTML, like Gecko) Chrome/63.0.3239.111 Mobile Safari/537.36','YTozOntzOjY6Il90b2tlbiI7czo0MDoiUjVNbmZMQWoySmpEVFpKc1lnTGJYSGNOT0tQR2p2UnZWMmhlZ0w1ZSI7czo5OiJfcHJldmlvdXMiO2E6MTp7czozOiJ1cmwiO3M6Mjg6Imh0dHBzOi8vZWhrYW0uYWJ1a2hhbGlsLnNpdGUiO31zOjY6Il9mbGFzaCI7YToyOntzOjM6Im9sZCI7YTowOnt9czozOiJuZXciO2E6MDp7fX19',1766790138),
('YMaU6Uvgw8nNeoUP359Hs6Ce5vIJp6aGMaW3j6c2',NULL,'3.134.148.59','cypex.ai/scanning Mozilla/5.0 (Macintosh; Intel Mac OS X 10_15_7) Chrome/126.0.0.0 Safari/537.36','YTozOntzOjY6Il90b2tlbiI7czo0MDoiWlJKR0xJSFBoenhFYkt0eVd0b0thd09IOWdQQ2s4NkRKS0hzVHFwMSI7czo5OiJfcHJldmlvdXMiO2E6MTp7czozOiJ1cmwiO3M6MjI6Imh0dHBzOi8vMTY0LjkyLjI0NC4xOTIiO31zOjY6Il9mbGFzaCI7YToyOntzOjM6Im9sZCI7YTowOnt9czozOiJuZXciO2E6MDp7fX19',1767510622),
('YmixxgRQGQFhDThl6KchujSSWGTyrT2S5ELSeoZg',1,'89.147.136.198','Mozilla/5.0 (Macintosh; Intel Mac OS X 10.15; rv:147.0) Gecko/20100101 Firefox/147.0','YTo0OntzOjY6Il90b2tlbiI7czo0MDoiWXdLR2RZcmFlTEQ5UzBPVEloNzMxa2tla3RGM3doVmZ0U25VR2dmbCI7czo5OiJfcHJldmlvdXMiO2E6MTp7czozOiJ1cmwiO3M6NTc6Imh0dHBzOi8vZWhrYW0uYWJ1a2hhbGlsLnNpdGUvYWRtaW4vd29ya2Zsb3cvZGVmaW5pdGlvbnMvMSI7fXM6NjoiX2ZsYXNoIjthOjI6e3M6Mzoib2xkIjthOjA6e31zOjM6Im5ldyI7YTowOnt9fXM6NTA6ImxvZ2luX3dlYl81OWJhMzZhZGRjMmIyZjk0MDE1ODBmMDE0YzdmNThlYTRlMzA5ODlkIjtpOjE7fQ==',1768878029),
('YNfWc7e6iVi0NpSHYDVkBqO7mZA6fy8xIHsddSbE',NULL,'103.27.76.106','','YTozOntzOjY6Il90b2tlbiI7czo0MDoiUXgyUWw3V0hralozSk5jN20wNG4wekZuc3VGNDZDSkRnenY3TEwwTiI7czo5OiJfcHJldmlvdXMiO2E6MTp7czozOiJ1cmwiO3M6MjI6Imh0dHBzOi8vMTY0LjkyLjI0NC4xOTIiO31zOjY6Il9mbGFzaCI7YToyOntzOjM6Im9sZCI7YTowOnt9czozOiJuZXciO2E6MDp7fX19',1768046491),
('yoSs3xd8aYK9B9N5fd37YtpBzJaMLCtJ5IzjUxPl',NULL,'185.12.59.118','Mozilla/5.0 (Windows NT 10.0; Win64; x64; rv:132.0) Gecko/20100101 Firefox/132.0','YTozOntzOjY6Il90b2tlbiI7czo0MDoiSWtIaWI3c2ZnY3NEMkFrTUFuZUU2M0wySm9rOVZYVDNYemtZZDZZMCI7czo5OiJfcHJldmlvdXMiO2E6MTp7czozOiJ1cmwiO3M6MjI6Imh0dHBzOi8vMTY0LjkyLjI0NC4xOTIiO31zOjY6Il9mbGFzaCI7YToyOntzOjM6Im9sZCI7YTowOnt9czozOiJuZXciO2E6MDp7fX19',1767124419),
('Ypo90uVWhQkZC02Na2r0Ztkx2UBM0JWodYw5ozKu',NULL,'45.156.129.54','Mozilla/5.0 (Windows NT 10.0; Win64; x64) AppleWebKit/537.36 (KHTML, like Gecko) Chrome/60.0.3112.113 Safari/537.36','YTozOntzOjY6Il90b2tlbiI7czo0MDoiRHVybjZ3UlpqcXpjUktjTnZMbGpjZzF1R0JXeGlwQ2ZwMkpOYm5xbyI7czo5OiJfcHJldmlvdXMiO2E6MTp7czozOiJ1cmwiO3M6MjI6Imh0dHBzOi8vMTY0LjkyLjI0NC4xOTIiO31zOjY6Il9mbGFzaCI7YToyOntzOjM6Im9sZCI7YTowOnt9czozOiJuZXciO2E6MDp7fX19',1767221226),
('yQuah2fRj0qR7aAZrSKKujyTgX9ypdqnSs08X48d',NULL,'185.12.59.118','Mozilla/5.0 (Windows NT 10.0; Win64; x64; rv:132.0) Gecko/20100101 Firefox/132.0','YTozOntzOjY6Il90b2tlbiI7czo0MDoiZHhnaEZBSlNpaE9nSUxtUlpnM1B1dG50aHNGVDM1RkFQcWtDWGdEbSI7czo5OiJfcHJldmlvdXMiO2E6MTp7czozOiJ1cmwiO3M6MjI6Imh0dHBzOi8vMTY0LjkyLjI0NC4xOTIiO31zOjY6Il9mbGFzaCI7YToyOntzOjM6Im9sZCI7YTowOnt9czozOiJuZXciO2E6MDp7fX19',1768848023),
('YSNCRwmAmnGOYqZL4iheeaucB6aTasiZGgnyEBZ3',NULL,'20.169.49.231','Mozilla/5.0 zgrab/0.x','YTozOntzOjY6Il90b2tlbiI7czo0MDoiczJlVGRhR3dHcWVhRlpVN2xLOG1ybnlVMkJZNERpWUJaandSTktYQSI7czo5OiJfcHJldmlvdXMiO2E6MTp7czozOiJ1cmwiO3M6MjI6Imh0dHBzOi8vMTY0LjkyLjI0NC4xOTIiO31zOjY6Il9mbGFzaCI7YToyOntzOjM6Im9sZCI7YTowOnt9czozOiJuZXciO2E6MDp7fX19',1768331999),
('YSOmLvpsuVo1Fv1lEH2l3Fje84ClTDVF3mg9wMLo',NULL,'143.110.209.223','Mozilla/5.0 (X11; Linux x86_64; rv:142.0) Gecko/20100101 Firefox/142.0','YTozOntzOjY6Il90b2tlbiI7czo0MDoibXlXcjY4UkRKenllNkZ0VDRZTWtINVhjQ3dkeXplWFVEd2FWbXgxMiI7czo5OiJfcHJldmlvdXMiO2E6MTp7czozOiJ1cmwiO3M6MjI6Imh0dHBzOi8vMTY0LjkyLjI0NC4xOTIiO31zOjY6Il9mbGFzaCI7YToyOntzOjM6Im9sZCI7YTowOnt9czozOiJuZXciO2E6MDp7fX19',1767294858),
('ysREBWAqBiVsB5Fd6H7VvCLcpSqfPwd7YjMBm2Vn',NULL,'43.248.109.148','Mozilla/5.0 (Windows NT 6.1) AppleWebKit/537.36 (KHTML, like Gecko) Chrome/49.0.2623.112 Safari/537.36','YTozOntzOjY6Il90b2tlbiI7czo0MDoibGJHVE05elNrSFZkd2F4SlNLWktWdTBNb1ZXMTh4R3V5ekN2WlcwQiI7czo5OiJfcHJldmlvdXMiO2E6MTp7czozOiJ1cmwiO3M6MjI6Imh0dHBzOi8vMTY0LjkyLjI0NC4xOTIiO31zOjY6Il9mbGFzaCI7YToyOntzOjM6Im9sZCI7YTowOnt9czozOiJuZXciO2E6MDp7fX19',1767832013),
('yT1MOfsn7wJgOWbAWLnUIH5Anb8S6dflcTPUfw7S',NULL,'44.208.101.145','Mozilla/5.0 (X11; Linux x86_64) AppleWebKit/537.36 (KHTML, like Gecko) HeadlessChrome/132.0.0.0 Safari/537.36','YTozOntzOjY6Il90b2tlbiI7czo0MDoidWJEdEl4cExwN1RzTjJuOEtaUGk4R0tzcWlySXdlclpPQkJnMEx5cSI7czo5OiJfcHJldmlvdXMiO2E6MTp7czozOiJ1cmwiO3M6Mjg6Imh0dHBzOi8vZWhrYW0uYWJ1a2hhbGlsLnNpdGUiO31zOjY6Il9mbGFzaCI7YToyOntzOjM6Im9sZCI7YTowOnt9czozOiJuZXciO2E6MDp7fX19',1766861515),
('YwmFyXVylsQkN94CVljii8PwbMiSiWp4wmP60Ec1',NULL,'165.154.36.91','','YTozOntzOjY6Il90b2tlbiI7czo0MDoieGo1aGd1bWpaQzAza1pNZXZOb3hIcEQ1aGZadElmYklUOUlCOHZ3MyI7czo5OiJfcHJldmlvdXMiO2E6MTp7czozOiJ1cmwiO3M6MjI6Imh0dHBzOi8vMTY0LjkyLjI0NC4xOTIiO31zOjY6Il9mbGFzaCI7YToyOntzOjM6Im9sZCI7YTowOnt9czozOiJuZXciO2E6MDp7fX19',1766880324),
('YxLIppxmtTtdQti6RQCAZ2v8dviNbRDSUGaFzFSW',NULL,'34.248.137.227','Mozilla/5.0 (X11; Linux x86_64) AppleWebKit/537.36 (KHTML, like Gecko) Chrome/132.0.0.0 Safari/537.36','YTozOntzOjY6Il90b2tlbiI7czo0MDoiZzlob2gxelJ4TXowdnNGdmhodU5NMmlZdzFLeEk1SjRmT1RjbTV6UiI7czo5OiJfcHJldmlvdXMiO2E6MTp7czozOiJ1cmwiO3M6Mjg6Imh0dHBzOi8vZWhrYW0uYWJ1a2hhbGlsLnNpdGUiO31zOjY6Il9mbGFzaCI7YToyOntzOjM6Im9sZCI7YTowOnt9czozOiJuZXciO2E6MDp7fX19',1766794762),
('YxnEzwWQiQhrwzkSVzi9VKKpRBouaX7pyYLagkDv',NULL,'204.76.203.8','Mozilla/5.0','YTozOntzOjY6Il90b2tlbiI7czo0MDoiNlFmQU1rNG9aSUdBZ09JNUp4VElCQ21UdDFPZGVmdVFoSXRpM1dWcyI7czo5OiJfcHJldmlvdXMiO2E6MTp7czozOiJ1cmwiO3M6MjI6Imh0dHBzOi8vMTY0LjkyLjI0NC4xOTIiO31zOjY6Il9mbGFzaCI7YToyOntzOjM6Im9sZCI7YTowOnt9czozOiJuZXciO2E6MDp7fX19',1767701207),
('YxTOMLKVpejX7vr7SAKBlKAu6Gmcr4fVN3WDc95l',NULL,'65.49.1.162','Mozilla/5.0 (X11; Linux x86_64) AppleWebKit/537.36 (KHTML, like Gecko) Chrome/108.0.0.0 Safari/537.36','YTozOntzOjY6Il90b2tlbiI7czo0MDoiTmZ6Z2g3QVo4UUpac3BKdFBnN2lhekhQUFVPQ0owVno1Q21yUms1UiI7czo5OiJfcHJldmlvdXMiO2E6MTp7czozOiJ1cmwiO3M6MjI6Imh0dHBzOi8vMTY0LjkyLjI0NC4xOTIiO31zOjY6Il9mbGFzaCI7YToyOntzOjM6Im9sZCI7YTowOnt9czozOiJuZXciO2E6MDp7fX19',1766880621),
('YyCHEP9kUHtLeKPB4V1VSsvPmjoYfPxbFhEp0Exo',NULL,'65.49.1.75','Mozilla/5.0 (Macintosh; Intel Mac OS X 10_15_7) AppleWebKit/605.1.15 (KHTML, like Gecko) Version/26.0 Safari/605.1.15','YTozOntzOjY6Il90b2tlbiI7czo0MDoiNFVNTW9qRUpPUms1Q0YwOUptcGZQa2N2UHp0WWkyQ2ZvczRyM2t4MCI7czo5OiJfcHJldmlvdXMiO2E6MTp7czozOiJ1cmwiO3M6MjI6Imh0dHBzOi8vMTY0LjkyLjI0NC4xOTIiO31zOjY6Il9mbGFzaCI7YToyOntzOjM6Im9sZCI7YTowOnt9czozOiJuZXciO2E6MDp7fX19',1768189435),
('yyuY5sZc9jgZ9enAzYIRUmnB9CU1s346XFW8PwJM',NULL,'34.38.83.65','python-requests/2.32.5','YTozOntzOjY6Il90b2tlbiI7czo0MDoic3JtY0JjSmg3UUV1Y1VWV3hkR09FVGNuenRyWE5CZ01ta2ppdVhBRCI7czo5OiJfcHJldmlvdXMiO2E6MTp7czozOiJ1cmwiO3M6MjI6Imh0dHBzOi8vMTY0LjkyLjI0NC4xOTIiO31zOjY6Il9mbGFzaCI7YToyOntzOjM6Im9sZCI7YTowOnt9czozOiJuZXciO2E6MDp7fX19',1768025678),
('yyvrEYLFOsnpgLm0HPisFnXKfU5m6vsAxZvSRVRy',NULL,'165.154.41.50','curl/7.29.0','YTozOntzOjY6Il90b2tlbiI7czo0MDoicHNpeEFZTUZyMGZzUFZIclZ5ckNOV2dlSkpvRUplODJqYlNhR2VIRiI7czo5OiJfcHJldmlvdXMiO2E6MTp7czozOiJ1cmwiO3M6Mjg6Imh0dHBzOi8vZWhrYW0uYWJ1a2hhbGlsLnNpdGUiO31zOjY6Il9mbGFzaCI7YToyOntzOjM6Im9sZCI7YTowOnt9czozOiJuZXciO2E6MDp7fX19',1767735898),
('yzzhJ1iWam3dy9doBHsf95s8KdigyYvlCI51f2ko',NULL,'206.168.34.204','Mozilla/5.0 (compatible; CensysInspect/1.1; +https://about.censys.io/)','YTozOntzOjY6Il90b2tlbiI7czo0MDoiZmVFSlpkMjlqQTVFUTBZQm51QnNqRnc4Y0tpV3BCZ09ISXg5ZmkzWCI7czo5OiJfcHJldmlvdXMiO2E6MTp7czozOiJ1cmwiO3M6MjI6Imh0dHBzOi8vMTY0LjkyLjI0NC4xOTIiO31zOjY6Il9mbGFzaCI7YToyOntzOjM6Im9sZCI7YTowOnt9czozOiJuZXciO2E6MDp7fX19',1767383871),
('z1cylkq2kgrEcZw0xC6FxqwVYx0FiKk3oPaoySvk',NULL,'89.248.168.227','Mozilla/5.0 (Windows NT 10.0; Win64; x64) AppleWebKit/537.36 (KHTML, like Gecko) Chrome/137.0.0.0 Safari/537.36','YTozOntzOjY6Il90b2tlbiI7czo0MDoiUkt1alZZcDVYcXUxelJvVmtPZll0cU5jU043VTJqMDE3Z0U5Y2tRdyI7czo5OiJfcHJldmlvdXMiO2E6MTp7czozOiJ1cmwiO3M6MzI6Imh0dHBzOi8vMTY0LjkyLjI0NC4xOTIvaW5kZXgucGhwIjt9czo2OiJfZmxhc2giO2E6Mjp7czozOiJvbGQiO2E6MDp7fXM6MzoibmV3IjthOjA6e319fQ==',1767496848),
('z3D2Oc4Fc0qPC1L0NVqyBY5UNv8IvEFTDCpGJUUa',NULL,'103.200.92.162','Mozilla/5.0 (CentOS; Linux x86_64) AppleWebKit/537.36 (KHTML, like Gecko) Chrome/133.0.0.0 Safari/537.36','YTozOntzOjY6Il90b2tlbiI7czo0MDoiazVIczIyeEljWWdYTjdoSXNsV3JuZ1RKYzh6T3ZxWVpKUDFjeHFlQyI7czo5OiJfcHJldmlvdXMiO2E6MTp7czozOiJ1cmwiO3M6MjI6Imh0dHBzOi8vMTY0LjkyLjI0NC4xOTIiO31zOjY6Il9mbGFzaCI7YToyOntzOjM6Im9sZCI7YTowOnt9czozOiJuZXciO2E6MDp7fX19',1767277308),
('Z8woTKukjcmTkevxLiIGuqrYPemgCe5Rz1InNBLO',NULL,'167.94.138.36','Mozilla/5.0 (compatible; CensysInspect/1.1; +https://about.censys.io/)','YTozOntzOjY6Il90b2tlbiI7czo0MDoidnRETUVjaUFFWDBXeTV1NlBxbkZ4VHhxeGloUE9aSDBmM1RCN2tKeiI7czo5OiJfcHJldmlvdXMiO2E6MTp7czozOiJ1cmwiO3M6MjI6Imh0dHBzOi8vMTY0LjkyLjI0NC4xOTIiO31zOjY6Il9mbGFzaCI7YToyOntzOjM6Im9sZCI7YTowOnt9czozOiJuZXciO2E6MDp7fX19',1767059308),
('zagVMw3Gu7PHOn8quTfCqxSmmQXl9Nc6b2xWQkdj',NULL,'175.30.48.65','Mozilla/5.0 (Windows NT 6.1) AppleWebKit/537.36 (KHTML, like Gecko) Chrome/49.0.2623.112 Safari/537.36','YTozOntzOjY6Il90b2tlbiI7czo0MDoibEVwTEE3SEtoZVhIOU85VjhnVTc2d3YzYlZJZGJNYUdJWWdIV2RTbyI7czo5OiJfcHJldmlvdXMiO2E6MTp7czozOiJ1cmwiO3M6Mjg6Imh0dHBzOi8vZWhrYW0uYWJ1a2hhbGlsLnNpdGUiO31zOjY6Il9mbGFzaCI7YToyOntzOjM6Im9sZCI7YTowOnt9czozOiJuZXciO2E6MDp7fX19',1767831953),
('ZaJabHWQIW1le8kEjqcStMt7JSXR2sdxY9Yrc7oC',NULL,'217.70.150.149','Mozilla/5.0 (Windows NT 10.0; Win64; x64) AppleWebKit/537.36 (KHTML, like Gecko) brave/134.0.6998.178 Safari/537.36','YTozOntzOjY6Il90b2tlbiI7czo0MDoiNklOVkFGOHlmOFpWbHM1ZWVSM1NPcW92dk5uUEJja0JvTDc0QWxrMyI7czo5OiJfcHJldmlvdXMiO2E6MTp7czozOiJ1cmwiO3M6MjI6Imh0dHBzOi8vYWJ1a2hhbGlsLnNpdGUiO31zOjY6Il9mbGFzaCI7YToyOntzOjM6Im9sZCI7YTowOnt9czozOiJuZXciO2E6MDp7fX19',1766830882),
('zcxj3tlUbB6CL2VYkNX7wIkCcqxHXL9OvaCCo1ML',NULL,'150.241.68.160','Mozilla/5.0','YToyOntzOjY6Il90b2tlbiI7czo0MDoiTXRuODJRRXlwb09zNGdoRTBNUHVrNWU1SlZONUtLbDZxSHlaNFFQYyI7czo2OiJfZmxhc2giO2E6Mjp7czozOiJvbGQiO2E6MDp7fXM6MzoibmV3IjthOjA6e319fQ==',1768046355),
('Zd0RESSnNDymYDnRbmIbYFfTCyr0nVY5x7P0EDV8',NULL,'20.65.192.151','Mozilla/5.0 zgrab/0.x','YTozOntzOjY6Il90b2tlbiI7czo0MDoiZXBQeUR1czJIV1FRYnhTR3dZRm1KRWVPVDdYTE5BSHpOMXlrRkdEUSI7czo5OiJfcHJldmlvdXMiO2E6MTp7czozOiJ1cmwiO3M6MjI6Imh0dHBzOi8vMTY0LjkyLjI0NC4xOTIiO31zOjY6Il9mbGFzaCI7YToyOntzOjM6Im9sZCI7YTowOnt9czozOiJuZXciO2E6MDp7fX19',1767001071),
('zeXugkXBiKIGeu5J2ilcIlObYkiOoSEc8LnU25Lj',NULL,'71.6.232.24','Mozilla/5.0 (Windows NT 10.0; Win64; x64) AppleWebKit/537.36 (KHTML, like Gecko) Chrome/134.0.0.0 Safari/537.36','YTozOntzOjY6Il90b2tlbiI7czo0MDoicnNHSFBGMVk3c3ZjYmZhalYyRWwySEhxc2lGbXlQTEN0NkF2Y1FWaCI7czo5OiJfcHJldmlvdXMiO2E6MTp7czozOiJ1cmwiO3M6MjI6Imh0dHBzOi8vMTY0LjkyLjI0NC4xOTIiO31zOjY6Il9mbGFzaCI7YToyOntzOjM6Im9sZCI7YTowOnt9czozOiJuZXciO2E6MDp7fX19',1768797985),
('ZFcGPKBp1Gge7rLO7DffrMqw8s4e4dYMo5PxOe3j',NULL,'217.70.150.149','Mozilla/5.0 (Windows NT 10.0; Win64; x64) AppleWebKit/537.36 (KHTML, like Gecko) brave/134.0.6998.178 Safari/537.36','YTozOntzOjY6Il90b2tlbiI7czo0MDoiaEQzQnVFMzZWRUhYNHBaZWQ4RmVycXZENUtkaWN4aXhYallwUkVuOCI7czo5OiJfcHJldmlvdXMiO2E6MTp7czozOiJ1cmwiO3M6MjI6Imh0dHBzOi8vYWJ1a2hhbGlsLnNpdGUiO31zOjY6Il9mbGFzaCI7YToyOntzOjM6Im9sZCI7YTowOnt9czozOiJuZXciO2E6MDp7fX19',1766830884),
('zGmnqfzcwBBt1Cqq6OOhqEfFqjbLvOk92ePBTzrH',NULL,'209.160.115.2','Mozilla/5.0 (Macintosh; Intel Mac OS X 10_15_7) AppleWebKit/605.1.15 (KHTML, like Gecko) Version/16.6 Safari/605.1.15','YTozOntzOjY6Il90b2tlbiI7czo0MDoiVkRVb0NxdEZTbFVzck5RYklFeGxOTEN4S0p4V1RjQTNyVXRGM1F0UCI7czo5OiJfcHJldmlvdXMiO2E6MTp7czozOiJ1cmwiO3M6MjI6Imh0dHBzOi8vMTY0LjkyLjI0NC4xOTIiO31zOjY6Il9mbGFzaCI7YToyOntzOjM6Im9sZCI7YTowOnt9czozOiJuZXciO2E6MDp7fX19',1768757338),
('zgWtaTr6ItLb2baI3V1B0ijXwa88EK5Wh1t2F9lR',NULL,'23.27.145.243','Mozilla/5.0 (X11; Linux i686; rv:109.0) Gecko/20100101 Firefox/120.0','YTozOntzOjY6Il90b2tlbiI7czo0MDoiSlRjZUZ3NzNhV3NSeWt2dUVtYzh5OGtHM2xLZWNpd2IybGJwYTJ4MyI7czo5OiJfcHJldmlvdXMiO2E6MTp7czozOiJ1cmwiO3M6Mjg6Imh0dHBzOi8vZWhrYW0uYWJ1a2hhbGlsLnNpdGUiO31zOjY6Il9mbGFzaCI7YToyOntzOjM6Im9sZCI7YTowOnt9czozOiJuZXciO2E6MDp7fX19',1766963013),
('ZHHYGuDMCV7U6f7a5ncRKkBpJwKX5uf2aFL0Ge9h',NULL,'64.62.197.4','Mozilla/5.0 (Windows NT 10.0; Win64; x64) AppleWebKit/537.36 (KHTML, like Gecko) Chrome/140.0.0.0 Safari/537.36 Edg/140.0.0.0','YTozOntzOjY6Il90b2tlbiI7czo0MDoiWlMxSldkSFBqYzRZN2ZHYXdNV0IxYjhTNVphSDFUeUZacHZrQURlMyI7czo5OiJfcHJldmlvdXMiO2E6MTp7czozOiJ1cmwiO3M6MjI6Imh0dHBzOi8vMTY0LjkyLjI0NC4xOTIiO31zOjY6Il9mbGFzaCI7YToyOntzOjM6Im9sZCI7YTowOnt9czozOiJuZXciO2E6MDp7fX19',1767485674),
('ZjEDChu1Jck6BjIbmU7drZhVvEyXbROGLN5UOMOp',NULL,'65.49.1.212','Mozilla/5.0 (Macintosh; Intel Mac OS X 10_15_7) AppleWebKit/537.36 (KHTML, like Gecko) Chrome/109.0.0.0 Safari/537.36','YTozOntzOjY6Il90b2tlbiI7czo0MDoieUpMeldJT2g0TlBSMjB5WjhZTXdPTkN6eU5ydnBsc1Q5aDhZOE5XMiI7czo5OiJfcHJldmlvdXMiO2E6MTp7czozOiJ1cmwiO3M6MjI6Imh0dHBzOi8vMTY0LjkyLjI0NC4xOTIiO31zOjY6Il9mbGFzaCI7YToyOntzOjM6Im9sZCI7YTowOnt9czozOiJuZXciO2E6MDp7fX19',1768635462),
('ZJJOtkCgPIrZbTqDLPKzH4Va1qMy4MdZMV6POP4i',NULL,'185.247.137.217','Mozilla/5.0 (compatible; InternetMeasurement/1.0; +https://internet-measurement.com/)','YTozOntzOjY6Il90b2tlbiI7czo0MDoibElJcHBHM0J0T3FSQklhYjA0TVdZUkFraU1ZNG5aNXFsTWpFTXNERyI7czo5OiJfcHJldmlvdXMiO2E6MTp7czozOiJ1cmwiO3M6MjI6Imh0dHBzOi8vMTY0LjkyLjI0NC4xOTIiO31zOjY6Il9mbGFzaCI7YToyOntzOjM6Im9sZCI7YTowOnt9czozOiJuZXciO2E6MDp7fX19',1767477398),
('ZjYpAZC6FVZjp3NGiyfwXIwv8mPD2R4Y9i942aea',NULL,'199.45.154.125','Mozilla/5.0 (compatible; CensysInspect/1.1; +https://about.censys.io/)','YTozOntzOjY6Il90b2tlbiI7czo0MDoiZnhCcVhBazlmUURuaW9UR2pGTmViOEVrSU9jY0d6RVZUUWFKRmNDciI7czo5OiJfcHJldmlvdXMiO2E6MTp7czozOiJ1cmwiO3M6MjI6Imh0dHBzOi8vMTY0LjkyLjI0NC4xOTIiO31zOjY6Il9mbGFzaCI7YToyOntzOjM6Im9sZCI7YTowOnt9czozOiJuZXciO2E6MDp7fX19',1768500879),
('ZKtJqFnQbOO6xA5R7jGlHeDT7LJVrTT0PCD8Bq8G',NULL,'18.183.70.27','Mozilla/5.0 (Windows NT 10.0; Win64; x64) AppleWebKit/537.36 (KHTML, like Gecko) Chrome/60.0.3112.113 Safari/537.36 Assetnote/1.0.0','YTozOntzOjY6Il90b2tlbiI7czo0MDoiTENHakMzcEVuZGZEWW9UbGdoN3J5ZXZZMHJzYW5TbHBmS2NWMEJ4bCI7czo5OiJfcHJldmlvdXMiO2E6MTp7czozOiJ1cmwiO3M6Mjg6Imh0dHBzOi8vZWhrYW0uYWJ1a2hhbGlsLnNpdGUiO31zOjY6Il9mbGFzaCI7YToyOntzOjM6Im9sZCI7YTowOnt9czozOiJuZXciO2E6MDp7fX19',1766807951),
('Zlo7YCcDlsvrMR4uH37gPwZZ64DH1eUpS79uIOcX',NULL,'150.241.68.165','Mozilla/5.0','YTozOntzOjY6Il90b2tlbiI7czo0MDoid25ETVNjU0xBdkY2TzY3Q1huSnFLVTRPaHVGazFaV0dhYU8xQTRoRCI7czo5OiJfcHJldmlvdXMiO2E6MTp7czozOiJ1cmwiO3M6MjI6Imh0dHBzOi8vMTY0LjkyLjI0NC4xOTIiO31zOjY6Il9mbGFzaCI7YToyOntzOjM6Im9sZCI7YTowOnt9czozOiJuZXciO2E6MDp7fX19',1768386363),
('ZLZJcMyO1PpR9MZhkkTkZHwRdh3TasumGOxGSvk1',NULL,'54.211.202.76','Mozilla/5.0 (iPhone; CPU iPhone OS 12_2 like Mac OS X) AppleWebKit/605.1.15 (KHTML, like Gecko) Mobile/15E148','YTozOntzOjY6Il90b2tlbiI7czo0MDoiQzhTVXhKMk1ldFZTcFZTM3d4WktWUXVpclphMEZValZUWVJITlVoZCI7czo5OiJfcHJldmlvdXMiO2E6MTp7czozOiJ1cmwiO3M6Mjg6Imh0dHBzOi8vZWhrYW0uYWJ1a2hhbGlsLnNpdGUiO31zOjY6Il9mbGFzaCI7YToyOntzOjM6Im9sZCI7YTowOnt9czozOiJuZXciO2E6MDp7fX19',1766784065),
('zN2rCvf0VIVVSq0eLmPIjsNAJJPZEqunJwS3cgWO',NULL,'204.76.203.18','','YTozOntzOjY6Il90b2tlbiI7czo0MDoiRHI5d2Rvc0FQWGpjc1FUNlRiWnc0Z25tTjN2N3JCZkJHczBRYjkxdCI7czo5OiJfcHJldmlvdXMiO2E6MTp7czozOiJ1cmwiO3M6MjI6Imh0dHBzOi8vMTY0LjkyLjI0NC4xOTIiO31zOjY6Il9mbGFzaCI7YToyOntzOjM6Im9sZCI7YTowOnt9czozOiJuZXciO2E6MDp7fX19',1768562926),
('ZNlGj45kf9a4sIDQ9UB5zFbzw8UfAnpvPjwN0JaT',NULL,'45.90.62.36','Mozilla/5.0 (Windows NT 10.0; Win64; x64) AppleWebKit/537.36 (KHTML, like Gecko) Chrome/94.0.4606.61 Safari/537.36','YTozOntzOjY6Il90b2tlbiI7czo0MDoicjNaSHBocUtnQWdKbnpUM3JvUEtKRnRuUUxUVTJ5a2ZIYlg4Q1J3aSI7czo5OiJfcHJldmlvdXMiO2E6MTp7czozOiJ1cmwiO3M6Mjg6Imh0dHBzOi8vZWhrYW0uYWJ1a2hhbGlsLnNpdGUiO31zOjY6Il9mbGFzaCI7YToyOntzOjM6Im9sZCI7YTowOnt9czozOiJuZXciO2E6MDp7fX19',1767070390),
('zOLyeRrHIu3ea9NJyA523xzFLBPZYWkL66DaSADO',NULL,'172.235.168.35','Mozilla/5.0 (iPhone; CPU iPhone OS 18_3 like Mac OS X) AppleWebKit/605.1.15 (KHTML','YTozOntzOjY6Il90b2tlbiI7czo0MDoiVDRKWEliWTdLdUJrQlYzZGRjeXo3NkZadjZpWnlmU1pyRDJmUGt4ViI7czo5OiJfcHJldmlvdXMiO2E6MTp7czozOiJ1cmwiO3M6MjI6Imh0dHBzOi8vMTY0LjkyLjI0NC4xOTIiO31zOjY6Il9mbGFzaCI7YToyOntzOjM6Im9sZCI7YTowOnt9czozOiJuZXciO2E6MDp7fX19',1767355954),
('zPTIV5sJ0r16yTlJpDVs0z98UNcmNxN8cbMbQqLb',NULL,'147.185.132.97','Hello from Palo Alto Networks, find out more about our scans in https://docs-cortex.paloaltonetworks.com/r/1/Cortex-Xpanse/Scanning-activity','YTozOntzOjY6Il90b2tlbiI7czo0MDoiMHl5NFlUaGxmTm1lcFFvanhEdGFZQ2p1U1h3czMyU1BoZFB5U3AwRCI7czo5OiJfcHJldmlvdXMiO2E6MTp7czozOiJ1cmwiO3M6Mjg6Imh0dHBzOi8vZWhrYW0uYWJ1a2hhbGlsLnNpdGUiO31zOjY6Il9mbGFzaCI7YToyOntzOjM6Im9sZCI7YTowOnt9czozOiJuZXciO2E6MDp7fX19',1767808098),
('ZqT4TKPFsDLOma1fxNP6OiOh8FwEGAZ33uDDoAI5',NULL,'5.149.130.174','Mozilla/5.0 (Windows NT 10.0; Win64; x64) AppleWebKit/537.36 (KHTML, like Gecko) Chrome/120.0.0.0 Safari/537.36','YTozOntzOjY6Il90b2tlbiI7czo0MDoicmhrcmoxamoxZzJiV1p2S1JXalo3azBMT2N4WmY1Y3ppYnM1eUVlNiI7czo5OiJfcHJldmlvdXMiO2E6MTp7czozOiJ1cmwiO3M6MjI6Imh0dHBzOi8vMTY0LjkyLjI0NC4xOTIiO31zOjY6Il9mbGFzaCI7YToyOntzOjM6Im9sZCI7YTowOnt9czozOiJuZXciO2E6MDp7fX19',1768526040),
('ZSELdkMO66mcLtQyEiEeG6oJYP7m2vY8w61kjUYC',NULL,'45.227.253.95','Mozilla/5.0 (Windows NT 10.0; Win64; x64) AppleWebKit/537.36 (KHTML, like Gecko) Chrome/115.0.0.0 Safari/537.36 Edg/115.0.1901.203','YTozOntzOjY6Il90b2tlbiI7czo0MDoieXpiQnhyTlFvcURrcjB5VERhRk5oYllrOFhCWTlvWFlYYlpYMUdvMSI7czo5OiJfcHJldmlvdXMiO2E6MTp7czozOiJ1cmwiO3M6Mjg6Imh0dHBzOi8vMTY0LjkyLjI0NC4xOTIvbG9naW4iO31zOjY6Il9mbGFzaCI7YToyOntzOjM6Im9sZCI7YTowOnt9czozOiJuZXciO2E6MDp7fX19',1768037156),
('ZVVwWlRhhIuiVF7mMMFbSj956NEv9ZPH4482XUUf',NULL,'65.49.1.24','Mozilla/5.0 (Macintosh; Intel Mac OS X 10_15_7) AppleWebKit/537.36 (KHTML, like Gecko) Chrome/136.0.0.0 Safari/537.36','YTozOntzOjY6Il90b2tlbiI7czo0MDoiTDAyMjVtR3J3V2wzTmYzdkJ6RmRQOExVOFVZcVJPTVZLVFR4RVlnNyI7czo5OiJfcHJldmlvdXMiO2E6MTp7czozOiJ1cmwiO3M6MjI6Imh0dHBzOi8vMTY0LjkyLjI0NC4xOTIiO31zOjY6Il9mbGFzaCI7YToyOntzOjM6Im9sZCI7YTowOnt9czozOiJuZXciO2E6MDp7fX19',1767768318),
('zX4USoeHK67sLG2i2p5ZodwlUTHmIt3MIbIb3NhM',NULL,'5.189.130.33','Mozilla/5.0 (Fedora; Linux i686) AppleWebKit/537.36 (KHTML, like Gecko) Chrome/126.0.0.0 Safari/537.36','YTozOntzOjY6Il90b2tlbiI7czo0MDoiaVVwNU9kRGtuMGZCRTdWZWs1TnB0R1VvY2g2UGkyUTczbUQ5UGk1RiI7czo5OiJfcHJldmlvdXMiO2E6MTp7czozOiJ1cmwiO3M6MjI6Imh0dHBzOi8vMTY0LjkyLjI0NC4xOTIiO31zOjY6Il9mbGFzaCI7YToyOntzOjM6Im9sZCI7YTowOnt9czozOiJuZXciO2E6MDp7fX19',1768032503),
('ZXXaGg8gcsIflAzUSjWpRx9dzXzECftFUBb7IDtf',NULL,'34.52.219.24','python-requests/2.32.5','YTozOntzOjY6Il90b2tlbiI7czo0MDoiVWd1bTNXV3JCYXR6M2lFdTFWdktlYXNpQndDd2ZldTlvQjZDekhnZCI7czo5OiJfcHJldmlvdXMiO2E6MTp7czozOiJ1cmwiO3M6MjI6Imh0dHBzOi8vMTY0LjkyLjI0NC4xOTIiO31zOjY6Il9mbGFzaCI7YToyOntzOjM6Im9sZCI7YTowOnt9czozOiJuZXciO2E6MDp7fX19',1767590770),
('ZYWdiYIU9UciJj5QhMTetoe4tb7ky3cokGVAoH98',NULL,'78.153.140.203','Mozilla/5.0 (X11; Ubuntu; Linux x86_64; rv:15.0) Gecko/20100101 Firefox/15.0','YTozOntzOjY6Il90b2tlbiI7czo0MDoiOEhiNnVxU0ozSW9TU1FVV1JpcjhxNjRXOXlnSlpCcEM5WnlHa1BaZCI7czo5OiJfcHJldmlvdXMiO2E6MTp7czozOiJ1cmwiO3M6MzQ6Imh0dHBzOi8vMTY0LjkyLjI0NC4xOTIvP3BocGluZm89LTEiO31zOjY6Il9mbGFzaCI7YToyOntzOjM6Im9sZCI7YTowOnt9czozOiJuZXciO2E6MDp7fX19',1767164617);
/*!40000 ALTER TABLE `sessions` ENABLE KEYS */;
UNLOCK TABLES;
commit;

--
-- Table structure for table `step_evidence_files`
--

DROP TABLE IF EXISTS `step_evidence_files`;
/*!40101 SET @saved_cs_client     = @@character_set_client */;
/*!40101 SET character_set_client = utf8mb4 */;
CREATE TABLE `step_evidence_files` (
  `id` bigint(20) unsigned NOT NULL AUTO_INCREMENT,
  `step_id` bigint(20) unsigned NOT NULL,
  `file_path` varchar(255) NOT NULL,
  `file_name` varchar(255) DEFAULT NULL,
  `file_type` varchar(255) DEFAULT NULL,
  `created_at` timestamp NULL DEFAULT NULL,
  `updated_at` timestamp NULL DEFAULT NULL,
  PRIMARY KEY (`id`),
  KEY `step_evidence_files_step_id_foreign` (`step_id`),
  CONSTRAINT `step_evidence_files_step_id_foreign` FOREIGN KEY (`step_id`) REFERENCES `steps` (`id`) ON DELETE CASCADE
) ENGINE=InnoDB DEFAULT CHARSET=utf8mb4 COLLATE=utf8mb4_unicode_ci;
/*!40101 SET character_set_client = @saved_cs_client */;

--
-- Dumping data for table `step_evidence_files`
--

LOCK TABLES `step_evidence_files` WRITE;
/*!40000 ALTER TABLE `step_evidence_files` DISABLE KEYS */;
set autocommit=0;
/*!40000 ALTER TABLE `step_evidence_files` ENABLE KEYS */;
UNLOCK TABLES;
commit;

--
-- Table structure for table `step_feedbacks`
--

DROP TABLE IF EXISTS `step_feedbacks`;
/*!40101 SET @saved_cs_client     = @@character_set_client */;
/*!40101 SET character_set_client = utf8mb4 */;
CREATE TABLE `step_feedbacks` (
  `id` bigint(20) unsigned NOT NULL AUTO_INCREMENT,
  `workflow_transition_id` bigint(20) unsigned NOT NULL,
  `step_id` bigint(20) unsigned NOT NULL,
  `notes` text NOT NULL,
  `created_by` bigint(20) unsigned NOT NULL,
  `created_at` timestamp NULL DEFAULT NULL,
  `updated_at` timestamp NULL DEFAULT NULL,
  PRIMARY KEY (`id`),
  KEY `step_feedbacks_created_by_foreign` (`created_by`),
  CONSTRAINT `step_feedbacks_created_by_foreign` FOREIGN KEY (`created_by`) REFERENCES `users` (`id`)
) ENGINE=InnoDB DEFAULT CHARSET=utf8mb4 COLLATE=utf8mb4_general_ci;
/*!40101 SET character_set_client = @saved_cs_client */;

--
-- Dumping data for table `step_feedbacks`
--

LOCK TABLES `step_feedbacks` WRITE;
/*!40000 ALTER TABLE `step_feedbacks` DISABLE KEYS */;
set autocommit=0;
/*!40000 ALTER TABLE `step_feedbacks` ENABLE KEYS */;
UNLOCK TABLES;
commit;

--
-- Table structure for table `step_org_unit_tasks`
--

DROP TABLE IF EXISTS `step_org_unit_tasks`;
/*!40101 SET @saved_cs_client     = @@character_set_client */;
/*!40101 SET character_set_client = utf8mb4 */;
CREATE TABLE `step_org_unit_tasks` (
  `id` bigint(20) unsigned NOT NULL AUTO_INCREMENT,
  `step_id` bigint(20) unsigned NOT NULL,
  `org_unit_id` bigint(20) unsigned NOT NULL,
  `period_template_id` bigint(20) unsigned NOT NULL,
  `target` int(11) NOT NULL DEFAULT 0,
  `achieved` int(11) NOT NULL DEFAULT 0,
  `created_at` timestamp NULL DEFAULT NULL,
  `updated_at` timestamp NULL DEFAULT NULL,
  PRIMARY KEY (`id`),
  KEY `step_org_unit_tasks_step_id_foreign` (`step_id`),
  KEY `step_org_unit_tasks_period_template_id_foreign` (`period_template_id`),
  CONSTRAINT `step_org_unit_tasks_period_template_id_foreign` FOREIGN KEY (`period_template_id`) REFERENCES `period_templates` (`id`) ON DELETE CASCADE,
  CONSTRAINT `step_org_unit_tasks_step_id_foreign` FOREIGN KEY (`step_id`) REFERENCES `steps` (`id`) ON DELETE CASCADE
) ENGINE=InnoDB DEFAULT CHARSET=utf8mb4 COLLATE=utf8mb4_unicode_ci;
/*!40101 SET character_set_client = @saved_cs_client */;

--
-- Dumping data for table `step_org_unit_tasks`
--

LOCK TABLES `step_org_unit_tasks` WRITE;
/*!40000 ALTER TABLE `step_org_unit_tasks` DISABLE KEYS */;
set autocommit=0;
/*!40000 ALTER TABLE `step_org_unit_tasks` ENABLE KEYS */;
UNLOCK TABLES;
commit;

--
-- Table structure for table `step_transitions`
--

DROP TABLE IF EXISTS `step_transitions`;
/*!40101 SET @saved_cs_client     = @@character_set_client */;
/*!40101 SET character_set_client = utf8mb4 */;
CREATE TABLE `step_transitions` (
  `id` bigint(20) unsigned NOT NULL AUTO_INCREMENT,
  `step_id` bigint(20) unsigned NOT NULL,
  `actor_id` bigint(20) unsigned NOT NULL,
  `from_stage_id` bigint(20) unsigned DEFAULT NULL,
  `to_stage_id` bigint(20) unsigned DEFAULT NULL,
  `action` enum('submit','approve','return','reject') NOT NULL,
  `comments` text DEFAULT NULL,
  `created_at` timestamp NULL DEFAULT NULL,
  `updated_at` timestamp NULL DEFAULT NULL,
  PRIMARY KEY (`id`),
  KEY `step_transitions_step_id_foreign` (`step_id`),
  KEY `step_transitions_actor_id_foreign` (`actor_id`),
  KEY `step_transitions_from_stage_id_foreign` (`from_stage_id`),
  KEY `step_transitions_to_stage_id_foreign` (`to_stage_id`),
  CONSTRAINT `step_transitions_actor_id_foreign` FOREIGN KEY (`actor_id`) REFERENCES `users` (`id`),
  CONSTRAINT `step_transitions_from_stage_id_foreign` FOREIGN KEY (`from_stage_id`) REFERENCES `workflow_stages` (`id`) ON DELETE SET NULL,
  CONSTRAINT `step_transitions_step_id_foreign` FOREIGN KEY (`step_id`) REFERENCES `steps` (`id`) ON DELETE CASCADE,
  CONSTRAINT `step_transitions_to_stage_id_foreign` FOREIGN KEY (`to_stage_id`) REFERENCES `workflow_stages` (`id`) ON DELETE SET NULL
) ENGINE=InnoDB DEFAULT CHARSET=utf8mb4 COLLATE=utf8mb4_unicode_ci;
/*!40101 SET character_set_client = @saved_cs_client */;

--
-- Dumping data for table `step_transitions`
--

LOCK TABLES `step_transitions` WRITE;
/*!40000 ALTER TABLE `step_transitions` DISABLE KEYS */;
set autocommit=0;
/*!40000 ALTER TABLE `step_transitions` ENABLE KEYS */;
UNLOCK TABLES;
commit;

--
-- Table structure for table `steps`
--

DROP TABLE IF EXISTS `steps`;
/*!40101 SET @saved_cs_client     = @@character_set_client */;
/*!40101 SET character_set_client = utf8mb4 */;
CREATE TABLE `steps` (
  `id` bigint(20) unsigned NOT NULL AUTO_INCREMENT,
  `project_id` bigint(20) unsigned NOT NULL,
  `activity_id` bigint(20) unsigned NOT NULL,
  `assigned_user_id` bigint(20) unsigned DEFAULT NULL,
  `meta` longtext CHARACTER SET utf8mb4 COLLATE utf8mb4_bin DEFAULT NULL CHECK (json_valid(`meta`)),
  `name` varchar(255) NOT NULL,
  `start_date` date DEFAULT NULL,
  `end_date` date DEFAULT NULL,
  `target_percentage` decimal(5,2) NOT NULL DEFAULT 0.00,
  `phase` enum('planning','implementation','review','close') NOT NULL COMMENT 'مرحلة العمل',
  `supporting_document` text DEFAULT NULL,
  `is_need_evidence_file` tinyint(1) NOT NULL DEFAULT 0,
  `is_need_to_put_target` tinyint(1) NOT NULL DEFAULT 0,
  `ordered` int(10) unsigned NOT NULL DEFAULT 0,
  `created_at` timestamp NULL DEFAULT NULL,
  `updated_at` timestamp NULL DEFAULT NULL,
  PRIMARY KEY (`id`),
  KEY `steps_project_id_foreign` (`project_id`),
  KEY `fk_steps_assigned_user` (`assigned_user_id`),
  CONSTRAINT `fk_steps_assigned_user` FOREIGN KEY (`assigned_user_id`) REFERENCES `users` (`id`) ON DELETE SET NULL,
  CONSTRAINT `steps_project_id_foreign` FOREIGN KEY (`project_id`) REFERENCES `projects` (`id`) ON DELETE CASCADE
) ENGINE=InnoDB AUTO_INCREMENT=153 DEFAULT CHARSET=utf8mb4 COLLATE=utf8mb4_unicode_ci;
/*!40101 SET character_set_client = @saved_cs_client */;

--
-- Dumping data for table `steps`
--

LOCK TABLES `steps` WRITE;
/*!40000 ALTER TABLE `steps` DISABLE KEYS */;
set autocommit=0;
INSERT INTO `steps` VALUES
(4,14,35,NULL,NULL,'التخطيط','2026-01-06','2026-01-06',0.00,'planning',NULL,0,0,0,'2026-01-06 14:22:38','2026-01-06 14:22:38'),
(5,14,35,NULL,NULL,'تحديد فريق العمل','2026-01-15','2026-01-21',0.00,'planning','قرار وزاري',1,0,0,'2026-01-06 14:26:18','2026-01-06 14:27:09'),
(6,23,23,NULL,NULL,'عقد الاجتماع الأول لمشروع نور القرآن لوضع الرؤية العامة وخطة العمل','2026-01-26','2026-02-27',14.29,'planning','محضر اجتماع الأول لمشروع نور القرآن',0,0,1,'2026-01-12 01:18:09','2026-01-12 01:18:09'),
(7,23,23,NULL,NULL,'وضع خطة مفصلة لكل نشاط، وتحديد آلية التنفيذ وإجراءات التشغيل','2026-02-02','2026-02-26',10.71,'planning','الخطط التفصيلة لأنشطة مشروع نور القرآن',0,0,2,'2026-01-12 01:18:09','2026-01-12 01:18:09'),
(8,23,23,NULL,NULL,'إعداد التصور المبدئي حول إقامة المؤتمر','2026-03-01','2026-04-16',25.00,'planning','ملف متكامل حول التصور المبدئي للملتقى مشتملا على - المكان والزمان - عنوان الملتقى والمحاور الفئات المستهدفة - الاحتياجات والتكلفة المالية',0,0,3,'2026-01-12 01:18:09','2026-01-12 01:18:09'),
(9,23,23,NULL,NULL,'الإعلان والتسجيل في نشاط برنامج (الإجازة القرآنية)','2026-02-09','2026-04-13',4.68,'implementation','رابط التسجيل في نشاط (الإجازة القرآنية)',0,0,4,'2026-01-12 01:18:09','2026-01-12 01:18:09'),
(10,23,23,NULL,NULL,'يوم السرد القرآني لبرنامج (الإجازة القرآنية)','2026-08-17','2026-09-11',1.56,'implementation','توثيق إعلامي ليوم السرد القرآني',0,0,5,'2026-01-12 01:18:09','2026-01-12 01:18:09'),
(11,23,23,NULL,NULL,'الإعلان والتسجيل في نشاط (برنامج تعليم القرآن الكريم عن بعد)','2026-01-01','2026-01-20',1.04,'implementation','صورة إعلان التسجيل في نشاط (تعليم القرآن الكريم)',0,0,6,'2026-01-12 01:18:09','2026-01-12 01:18:09'),
(12,23,23,NULL,NULL,'الملتقى القرآني لمدارس القرآن الكريم','2026-09-15','2026-10-12',1.56,'implementation','توثيق إعلامي للملتقى القرآني',0,0,7,'2026-01-12 01:18:09','2026-01-12 01:18:09'),
(13,23,23,NULL,NULL,'الإعلان والتسجيل في نشاط (مسابقة فاستمسك القرآنية)','2026-02-02','2026-02-27',1.56,'implementation','رابط التسجيل في نشاط (مسابقة فاستمسك القرآنية)',0,0,8,'2026-01-12 01:18:09','2026-01-12 01:18:09'),
(14,23,23,NULL,NULL,'إقامة التصفيات الأولية في نشاط (مسابقة فاستمسك القرآنية)','2026-02-02','2026-03-27',3.64,'implementation','حصر الأعداد المتقدمة في نشاط (مسابقة فاستمسك القرآنية)',0,0,9,'2026-01-12 01:18:09','2026-01-12 01:18:09'),
(15,23,23,NULL,NULL,'إعلان أسماء المتأهيلن للتصفيات النهائية في المسابقة','2026-04-01','2026-05-01',8.33,'implementation','نشر أسماء النتأهلين عبر الوسائل الإعلامية',0,0,10,'2026-01-12 01:18:09','2026-01-12 01:18:09'),
(16,23,23,NULL,NULL,'إقامة التصفيات النهائية للمسابقة','2026-09-01','2026-10-01',8.33,'implementation','توثيق إعلامي للتصفيات النهائية',0,0,11,'2026-01-12 01:18:09','2026-01-12 01:18:09'),
(17,23,23,NULL,NULL,'مخاطبة المؤسسات الداعمة والراعية للمؤتمر','2026-04-01','2026-04-15',0.40,'implementation','قائمة بالجهات التي تمت مخاطبتها نسخ من الخطابات إذا لزم الأمر',0,0,12,'2026-01-12 01:18:09','2026-01-12 01:18:09'),
(18,23,23,NULL,NULL,'مخاطبة المحاضرين والمدربين لإرسال المادة العلمية','2026-08-01','2026-10-31',13.33,'implementation',' قائمة بالمحاضرين والمدربين نسخ من الخطابات إذا استدعى الأمر',0,0,13,'2026-01-12 01:18:09','2026-01-12 01:18:09'),
(19,23,23,NULL,NULL,'مخاطبة مدارس القرآن الكريم ومدارس القرآن الكريم الوقفية حول إقامة المؤتمر، وعمل رابط إلكتروني لتسجيل المشاركين','2026-08-01','2026-10-31',13.33,'implementation','قائمة بعدد المشاركين ',0,0,14,'2026-01-12 01:18:09','2026-01-12 01:18:09'),
(20,23,23,NULL,NULL,'تنفيذ المؤتمر','2026-08-01','2026-10-31',13.33,'implementation','إعلان المؤتمر، الأخبار الإعلامية',0,0,15,'2026-01-12 01:18:09','2026-01-12 01:18:09'),
(21,23,23,NULL,NULL,'إعداد إحصائيات الدارسين في نشاط (تعليم القرآن الكريم عن بعد) للنصف الأول','2026-01-01','2026-01-26',4.00,'review','إحصائية الدارسين في نشاط (تعليم القرآن الكريم) للنصف الأول',0,0,16,'2026-01-12 01:18:09','2026-01-12 01:18:09'),
(22,23,23,NULL,NULL,'إعداد إحصائيات الدارسين في نشاط (الإجازة القرآنية) للنصف الأول','2026-01-07','2026-02-24',8.00,'review','إحصائية الدارسين في نشاط (الإجازة القرآنية) للنصف الأول',0,0,17,'2026-01-12 01:18:09','2026-01-12 01:18:09'),
(23,23,23,NULL,NULL,'إعداد إحصائيات الدارسين في نشاط (تعليم القرآن الكريم عن بعد) للنصف الثاني','2026-11-23','2026-12-11',2.67,'review','إحصائية الدارسين في نشاط (تعليم القرآن الكريم) للنصف الثاني',0,0,18,'2026-01-12 01:18:09','2026-01-12 01:18:09'),
(24,23,23,NULL,NULL,'إعداد إحصائيات الدارسين في نشاط (الإجازة القرآنية) للنصف الثاني','2026-11-23','2026-12-11',2.67,'review','إحصائية الدارسين في نشاط (الإجازة القرآنية) للنصف الثاني',0,0,19,'2026-01-12 01:18:09','2026-01-12 01:18:09'),
(25,23,23,NULL,NULL,'إعداد إحصائيات الدارسين في نشاط (مسابقة فاستمسك القرآنية) للنصف الثاني','2026-11-23','2026-12-11',2.67,'review','إحصائية الدارسين في نشاط (مسابقة فاستمسك القرآنية) للنصف الثاني',0,0,20,'2026-01-12 01:18:09','2026-01-12 01:18:09'),
(26,23,23,NULL,NULL,'إقامة الحفل النهائي لمسابقة فاستمسك لحفظ القرآن الكريم','2026-11-01','2026-12-25',0.00,'review','توثيق إعلامي للحفل وإحضائية الحفظة والحافظات ',0,0,21,'2026-01-12 01:18:09','2026-01-12 01:18:09'),
(27,23,23,NULL,NULL,'إعداد استبانة لتقييم رضا المشاركين في المؤتمر','2026-11-01','2026-11-30',10.00,'review','رابط الاستبانة، أو تقرير رضا المشاركين',0,0,22,'2026-01-12 01:18:09','2026-01-12 01:18:09'),
(28,23,23,NULL,NULL,'تجميع المادة العلمية والتوثيق الإعلامي','2026-11-01','2026-11-30',10.00,'review','قائمة بعناوين المواد العلمية التي تم تقديمها في الملتقى',0,0,23,'2026-01-12 01:18:09','2026-01-12 01:18:09'),
(29,23,23,NULL,NULL,'إعداد تقرير نهائي للأنشطة وذكر التحديات والحلول والتوصيات','2026-12-07','2026-12-18',15.00,'close','تقرير نهائي للأنشطة في مشروع نور القرآن',0,0,24,'2026-01-12 01:18:09','2026-01-12 01:18:09'),
(30,23,23,NULL,NULL,'رفع توصيات المؤتمر والخطة المقترحة لتنفيذ التوصيات','2026-12-01','2026-12-31',7.50,'close','جدول التوصيات والإجراءات المقترحة لتنفيذ التوصيات',0,0,25,'2026-01-12 01:18:09','2026-01-12 01:18:09'),
(31,17,17,NULL,NULL,'التحضير للبرنامج الرمضاني للكوادر الدينية','2025-01-02','2025-01-07',0.57,'planning','تقرير تحضير البرنامج الرمضاني للكوادر الدينية',0,0,1,'2026-01-12 01:22:22','2026-01-12 01:22:22'),
(32,17,17,NULL,NULL,'الاجتماع لتحديد احتياجات الانماء الوظيفي  للمرشدات الدينيات وتحديد الورش والزمان والمكان','2025-01-08','2025-01-09',0.57,'planning','تقرير احتياجات الإنماء الوظيفي للمرشدات الدينيات',0,0,2,'2026-01-12 01:22:22','2026-01-12 01:22:22'),
(33,17,17,NULL,NULL,'الاجتماع للتحضير لفعالية جنة لتحديد الزمان والمكان والفئة المستهدفة','2025-01-13','2025-01-14',0.57,'planning','تقرير تحضير فعالية جنة',0,0,3,'2026-01-12 01:22:22','2026-01-12 01:22:22'),
(34,17,17,NULL,NULL,'التنسيق بين المديرية العامة للوعظ والإرشاد وزارة الثقافة ورياضة والشبابم لتحضير لمعارض الكتاب الدولية ومعرض مسقط الدولي للكتاب','2025-01-01','2025-01-15',1.14,'planning','تقرير تنسيق المشاركة في معارض الكتاب',0,0,4,'2026-01-12 01:22:22','2026-01-12 01:22:22'),
(35,17,17,NULL,NULL,'رفع التصور كاملا للارتباط المالي والاعتماد من قبل معالي الوزير الموقر للمشاركة في معارض الكتاب الدولية ومعرض مسقط الدولي للكتاب','2025-01-10','2025-01-20',1.14,'planning','تقرير اعتماد التمويل للمشاركة في معارض الكتاب',0,0,5,'2026-01-12 01:22:22','2026-01-12 01:22:22'),
(36,17,17,NULL,NULL,'الاجتماع لتجهيز احتياجات معرض وفعالية جنة','2025-01-27','2025-01-28',0.57,'planning','تقرير تجهيز معرض وفعالية جنة',0,0,6,'2026-01-12 01:22:22','2026-01-12 01:22:22'),
(37,17,17,NULL,NULL,'التحضير لإقامة برنامج ملتقى الكوادر الدينية','2025-01-01','2025-01-31',2.84,'planning','تقرير تحضير ملتقى الكوادر الدينية',0,0,7,'2026-01-12 01:22:22','2026-01-12 01:22:22'),
(38,17,17,NULL,NULL,'الاجتماع للتحضير لملتقيات السيدة عائشة لتحديد الزمان والمكان والفئة المستهدفة','2025-02-16','2025-02-18',0.57,'planning','تقرير تحضير ملتقيات السيدة عائشة',0,0,8,'2026-01-12 01:22:22','2026-01-12 01:22:22'),
(39,17,17,NULL,NULL,'الاجتماع لتحديد الخطة السنوية للمنشورات الالكترونية وتحديد البرامج التي ستقدم عبر برنامج الوعظ الالكتروني','2025-02-16','2025-02-19',0.57,'planning','تقرير الخطة السنوية للوعظ الإلكتروني',0,0,9,'2026-01-12 01:22:22','2026-01-12 01:22:22'),
(40,17,17,NULL,NULL,'عقد اجتماع للتحضير لفعالية الرسول الأعظم لتحديد الزمان والمكان والفئة المستهدفة','2025-09-01','2025-09-04',0.57,'planning','تقرير تحضير فعالية الرسول الأعظم',0,0,10,'2026-01-12 01:22:22','2026-01-12 01:22:22'),
(41,17,17,NULL,NULL,'الاجتماع لتجهيز احتياجات معرض وفعالية الرسول الأعظم','2025-09-07','2025-09-08',0.57,'planning','تقرير تجهيز معرض وفعالية الرسول الأعظم',0,0,11,'2026-01-12 01:22:22','2026-01-12 01:22:22'),
(42,17,17,NULL,NULL,'الاجتماع للتحضير لفعالية مسارات امنة لتحديد الزمان والمكان والفئة المستهدفة','2025-09-08','2025-09-09',0.57,'planning','تقرير تحضير فعالية مسارات آمنة',0,0,12,'2026-01-12 01:22:22','2026-01-12 01:22:22'),
(43,17,17,NULL,NULL,'الاجتماع لتجهيز احتياجات معرض وفعالية مسارات امنه','2025-09-09','2025-09-10',0.57,'planning','تقرير تجهيز معرض وفعالية مسارات آمنة',0,0,13,'2026-01-12 01:22:22','2026-01-12 01:22:22'),
(44,17,17,NULL,NULL,'الاجتماع للتحضير لفعالية ندوة المرأة العمانية لتحديد الزمان والمكان والفئة المستهدفة','2025-10-01','2025-10-02',0.57,'planning','تقرير تحضير ندوة المرأة العمانية',0,0,14,'2026-01-12 01:22:22','2026-01-12 01:22:22'),
(45,17,17,NULL,NULL,'الاجتماع لتجهيز احتياجات المعرض المصاحب لندوة المرأة العمانية','2025-10-05','2025-10-06',0.57,'planning','تقرير تجهيز معرض ندوة المرأة العمانية',0,0,15,'2026-01-12 01:22:22','2026-01-12 01:22:22'),
(46,17,17,NULL,NULL,'الاجتماع للتحضير للملتقى الأرشاد','2025-11-06','2025-11-07',0.57,'planning','تقرير تحضير ملتقى الإرشاد',0,0,16,'2026-01-12 01:22:22','2026-01-12 01:22:22'),
(47,17,17,NULL,NULL,'تصميم إعلان الانماء المهني','2025-01-09','2025-01-10',0.57,'planning','تقرير تصميم إعلان الإنماء المهني',0,0,17,'2026-01-12 01:22:22','2026-01-12 01:22:22'),
(48,17,17,NULL,NULL,'الاجتماع لتحضير المادة العلمية والوسائل التعليمية لملتقى السيدة عائشة','2025-02-18','2025-02-19',0.57,'planning','تقرير تجهيز المادة العلمية لملتقى السيدة عائشة',0,0,18,'2026-01-12 01:22:22','2026-01-12 01:22:22'),
(49,17,17,NULL,NULL,'اعداد قوائم المطبوعات التي سيتم المشاركة بها في  معارض الكتاب الدولية ومعرض مسقط الدولي للكتاب','2025-01-25','2025-02-18',2.27,'planning','تقرير قوائم المطبوعات لمعارض الكتاب',0,0,19,'2026-01-12 01:22:22','2026-01-12 01:22:22'),
(50,17,17,NULL,NULL,'رفع أسماء المشاركين في معارض الكتاب الدولية ومعرض مسقط الدولي للكتاب','2025-01-28','2025-02-19',2.27,'planning','تقرير أسماء المشاركين في معارض الكتاب',0,0,20,'2026-01-12 01:22:22','2026-01-12 01:22:22'),
(51,17,17,NULL,NULL,'عمل التنسيقات اللازمة مع وزارة الثقافة والرياضة والشباب و وزارة الإعلام لحجز الأجنحة وتوحيد المشاركة باسم السلطنة في  معارض الكتاب الدولية ومعرض مسقط الدولي للكتاب','2025-01-21','2025-02-21',2.84,'planning','تقرير تنسيق الأجنحة في معارض الكتاب',0,0,21,'2026-01-12 01:22:22','2026-01-12 01:22:22'),
(52,17,17,NULL,NULL,'إعداد الخطة السنوية للوعظ الالكتروني','2025-02-23','2025-02-24',0.57,'planning','تقرير تنفيذ خطة الوعظ الإلكتروني',0,0,22,'2026-01-12 01:22:22','2026-01-12 01:22:22'),
(53,17,17,NULL,NULL,'الاجتماع بالفريق المشكل لملتقى الكوادر الدينية','2025-02-24','2025-02-25',0.57,'planning','تقرير اجتماع فريق ملتقى الكوادر الدينية',0,0,23,'2026-01-12 01:22:22','2026-01-12 01:22:22'),
(54,17,17,NULL,NULL,'تجهيز أركان المعرض والمواد العلمية لفعالية مسارات امنه','2025-09-14','2025-09-15',0.57,'planning','تقرير تجهيز معرض وفعالية مسارات آمنة',0,0,24,'2026-01-12 01:22:22','2026-01-12 01:22:22'),
(55,17,17,NULL,NULL,'تجهيز أركان المعرض والمواد العلمية لفعالية الرسول الأعظم','2025-09-08','2025-09-09',0.57,'planning','تقرير تجهيز معرض وفعالية الرسول الأعظم',0,0,25,'2026-01-12 01:22:22','2026-01-12 01:22:22'),
(56,17,17,NULL,NULL,'تجهيز أركان المعرض والمواد العلمية لفعالية جنة','2025-02-23','2025-02-24',0.57,'planning','تقرير تجهيز معرض وفعالية جنة',0,0,26,'2026-01-12 01:22:22','2026-01-12 01:22:22'),
(57,17,17,NULL,NULL,'تجهيز أركان المعرض والمواد العلمية وأوراق العمل لفعالية ندوة المرأة العمانية','2025-10-18','2025-10-19',0.57,'planning','تقرير تجهيز معرض ندوة المرأة العمانية',0,0,27,'2026-01-12 01:22:22','2026-01-12 01:22:22'),
(58,17,17,NULL,NULL,'التجهيز للفعالية وتحضير الدورات والوسائل المستخدمة لملتقيات الإرشاد','2025-11-09','2025-11-10',0.57,'planning','تقرير تجهيز الدورات لملتقيات الإرشاد',0,0,28,'2026-01-12 01:22:22','2026-01-12 01:22:22'),
(59,17,17,NULL,NULL,'إعداد الخطة العامة لبرنامج الوعظ الشامل 1','2026-02-03','2026-02-05',0.57,'planning','تقرير محضر اجتماع التخطيط لبرنامج الوعظ الشامل 1',0,0,29,'2026-01-12 01:22:22','2026-01-12 01:22:22'),
(60,17,17,NULL,NULL,'إعداد الخطة العامة لبرنامج الوعظ الشامل 2','2026-04-07','2026-04-09',0.57,'planning','تقرير محضر اجتماع التخطيط لبرنامج الوعظ الشامل 2',0,0,30,'2026-01-12 01:22:22','2026-01-12 01:22:22'),
(61,17,17,NULL,NULL,'إعداد الخطة العامة لبرنامج الوعظ الشامل 3','2026-06-09','2026-06-11',0.57,'planning','تقرير محضر اجتماع التخطيط لبرنامج الوعظ الشامل 3',0,0,31,'2026-01-12 01:22:22','2026-01-12 01:22:22'),
(62,17,17,NULL,NULL,'إعداد الخطة العامة لبرنامج الوعظ الشامل 4','2026-09-15','2026-09-17',0.57,'planning','تقرير محضر اجتماع التخطيط لبرنامج الوعظ الشامل 4',0,0,32,'2026-01-12 01:22:22','2026-01-12 01:22:22'),
(63,17,17,NULL,NULL,'إعداد خطة القافلة الوعظية1','2026-05-19','2026-05-21',0.57,'planning','تقرير محضر اجتماع التخطيط للقافلة الوعظية1',0,0,33,'2026-01-12 01:22:22','2026-01-12 01:22:22'),
(64,17,17,NULL,NULL,'إعداد خطة القافلة الوعظية2','2026-10-27','2026-10-29',0.57,'planning','تقرير محضر اجتماع التخطيط للقافلة الوعظية2',0,0,34,'2026-01-12 01:22:22','2026-01-12 01:22:22'),
(65,17,17,NULL,NULL,'إعداد خطة الندوة 1','2026-07-05','2026-07-06',0.57,'planning','	تقرير محضر اجتماع التخطيط للندوة الدينية1',0,0,35,'2026-01-12 01:22:22','2026-01-12 01:22:22'),
(66,17,17,NULL,NULL,'2 إعداد خطة الندوة','2026-11-01','2026-11-03',0.57,'planning','	تقرير محضر اجتماع التخطيط للندوة الدينية 2 ',0,0,36,'2026-01-12 01:22:22','2026-01-12 01:22:22'),
(67,17,17,NULL,NULL,'البدء في تنفيذ برامج الانماء المهني','2025-01-12','2025-01-25',2.29,'implementation','تقرير بدء تنفيذ برامج الإنماء المهني',0,0,37,'2026-01-12 01:22:22','2026-01-12 01:22:22'),
(68,17,17,NULL,NULL,'البدء في تنفيذ المعرض والفعاليات المصاحبة لفعالية جنة','2025-02-27','2025-02-28',1.14,'implementation','تقرير بدء تنفيذ معرض وفعاليات جنة',0,0,38,'2026-01-12 01:22:22','2026-01-12 01:22:22'),
(69,17,17,NULL,NULL,'بدء تنفيذ الوعظ الإلكتروني ونشر المنشورات الالكترونية لبرنامج الوعظ الالكتروني','2025-03-02','2025-03-03',1.14,'implementation','تقرير بدء تنفيذ الوعظ الإلكتروني',0,0,39,'2026-01-12 01:22:22','2026-01-12 01:22:22'),
(70,17,17,NULL,NULL,'التعاقد مع الشركات المختصة لتنفيذ ديكورجناح الوزارة في معرض مسقط الدولي للكتاب','2025-04-15','2025-04-30',3.43,'implementation','تقرير التعاقد على ديكور جناح الوزارة',0,0,40,'2026-01-12 01:22:22','2026-01-12 01:22:22'),
(71,17,17,NULL,NULL,'إدارة جناح الوزارة  في معرض مسقط للكتاب من قبل الفريق المشارك.','2025-04-20','2025-05-11',3.43,'implementation','تقرير إدارة جناح الوزارة في معرض الكتاب',0,0,41,'2026-01-12 01:22:22','2026-01-12 01:22:22'),
(72,17,17,NULL,NULL,'بدء التدريس الفعلي بملتقيات السيدة عائشة','2025-02-23','2025-06-19',19.43,'implementation','تقرير بدء تدريس ملتقيات السيدة عائشة',0,0,42,'2026-01-12 01:22:22','2026-01-12 01:22:22'),
(73,17,17,NULL,NULL,'البدء في تنفيذ معرض مسارات امنه والفعاليات المصاحبة','2025-09-15','2025-09-16',1.14,'implementation','تقرير بدء تنفيذ معرض مسارات آمنة',0,0,43,'2026-01-12 01:22:22','2026-01-12 01:22:22'),
(74,17,17,NULL,NULL,'البدء في تنفيذ المعرض والفعاليات المصاحبة لبرنامج الرسول الأعظم','2025-09-21','2025-09-25',1.14,'implementation','تقرير بدء تنفيذ معرض الرسول الأعظم',0,0,44,'2026-01-12 01:22:22','2026-01-12 01:22:22'),
(75,17,17,NULL,NULL,'البدء في تنفيذ ندوة المراة العمانية والمعرض المصاحب','2025-10-20','2025-10-23',1.14,'implementation','تقرير بدء تنفيذ ندوة المرأة العمانية',0,0,45,'2026-01-12 01:22:22','2026-01-12 01:22:22'),
(76,17,17,NULL,NULL,'تنفيذ فعالية ملتقيات الارشاد وتقديم الدورات','2025-11-12','2025-11-13',1.14,'implementation','تقرير تنفيذ ملتقيات الإرشاد',0,0,46,'2026-01-12 01:22:22','2026-01-12 01:22:22'),
(77,17,17,NULL,NULL,'تنفيذ نشاط  ملتقى الكوادر الدينية وإقامة الفعالية','2025-11-02','2025-11-30',4.57,'implementation','تقرير تنفيذ ملتقى الكوادر الدينية',0,0,47,'2026-01-12 01:22:22','2026-01-12 01:22:22'),
(78,17,17,NULL,NULL,'البدء في تنفيذ برامج الوعظ الشامل1 وفق الخطة المعتمدة.','2026-02-08','2026-02-10',1.14,'implementation','تقرير تنفيذ برنامج الوعظ الشامل1',0,0,48,'2026-01-12 01:22:22','2026-01-12 01:22:22'),
(79,17,17,NULL,NULL,'البدء في تنفيذ برامج الوعظ الشامل2 وفق الخطة المعتمدة.','2026-04-12','2026-04-14',1.14,'implementation','تقرير تنفيذ برنامج الوعظ الشامل2',0,0,49,'2026-01-12 01:22:22','2026-01-12 01:22:22'),
(80,17,17,NULL,NULL,'البدء في تنفيذ برامج الوعظ الشامل3 وفق الخطة المعتمدة.','2026-06-14','2026-06-16',1.14,'implementation','تقرير تنفيذ برنامج الوعظ الشامل3',0,0,50,'2026-01-12 01:22:22','2026-01-12 01:22:22'),
(81,17,17,NULL,NULL,'البدء في تنفيذ برامج الوعظ الشامل4 وفق الخطة المعتمدة.','2026-09-20','2026-09-22',1.14,'implementation','تقرير تنفيذ برنامج الوعظ الشامل4',0,0,51,'2026-01-12 01:22:22','2026-01-12 01:22:22'),
(82,17,17,NULL,NULL,'البدء في تنفيذ الندوة 1 حسب البرنامج','2026-07-14','2026-07-15',1.14,'implementation','تقرير تنفيذ الندوة الدينية1',0,0,52,'2026-01-12 01:22:22','2026-01-12 01:22:22'),
(83,17,17,NULL,NULL,'البدء في تنفيذ الندوة 2 حسب البرنامج','2026-11-17','2026-11-18',1.14,'implementation','تقرير تنفيذ الندوة الدينية2',0,0,53,'2026-01-12 01:22:22','2026-01-12 01:22:22'),
(84,17,17,NULL,NULL,'البدء في تنفيذ برامج القافلة الوعظية1 ميدانيًا حسب الخطة المعتمدة','2026-05-02','2026-05-04',1.14,'implementation','تقرير تنفيذ القافلة الوعظية1',0,0,54,'2026-01-12 01:22:22','2026-01-12 01:22:22'),
(85,17,17,NULL,NULL,'البدء في تنفيذ برامج القافلة الوعظية2 ميدانيًا حسب الخطة المعتمدة','2026-11-01','2026-11-03',1.14,'implementation','تقرير تنفيذ القافلة الوعظية2',0,0,55,'2026-01-12 01:22:22','2026-01-12 01:22:22'),
(86,17,17,NULL,NULL,'تقييم المرشدات لبرنامج الانماء المهني وتقديم التغذية الراجعة','2025-01-30','2025-01-31',1.33,'review','تقرير تقييم الإنماء المهني للمرشدات',0,0,56,'2026-01-12 01:22:22','2026-01-12 01:22:22'),
(87,17,17,NULL,NULL,'التغذية الراجعه لمعرض جنة والفعاليات المصاحبة','2025-02-03','2025-03-03',5.33,'review','تقرير التغذية الراجعة لمعرض جنة',0,0,57,'2026-01-12 01:22:22','2026-01-12 01:22:22'),
(88,17,17,NULL,NULL,'التغذية الراجعة لملتقيات السيدة عائشة','2025-06-30','2025-07-01',1.33,'review','تقرير التغذية الراجعة لملتقيات السيدة عائشة',0,0,58,'2026-01-12 01:22:22','2026-01-12 01:22:22'),
(89,17,17,NULL,NULL,'التغذية الراجعة لمعرض  مسارات امنه والفعاليات المصاحبة','2025-09-18','2025-09-19',1.33,'review','تقرير التغذية الراجعة لمعرض مسارات آمنة',0,0,59,'2026-01-12 01:22:22','2026-01-12 01:22:22'),
(90,17,17,NULL,NULL,'التغذية الراجعه لمعرض الرسول الأعظم والفعاليات المصاحبة','2025-09-28','2025-09-29',1.33,'review','تقرير التغذية الراجعة لمعرض الرسول الأعظم',0,0,60,'2026-01-12 01:22:22','2026-01-12 01:22:22'),
(91,17,17,NULL,NULL,'استطلاع رأي الجمهور في الوعظ الاكتروني','2025-12-04','2025-12-05',1.33,'review','تقرير استطلاع رأي الجمهور حول الوعظ الإلكتروني',0,0,61,'2026-01-12 01:22:22','2026-01-12 01:22:22'),
(92,17,17,NULL,NULL,'التغذية الراجعه لندوة المراة العمانية والمعرض المصاحب','2025-10-28','2025-10-29',1.33,'review','تقرير التغذية الراجعة لندوة المرأة العمانية ومعرضها',0,0,62,'2026-01-12 01:22:22','2026-01-12 01:22:22'),
(93,17,17,NULL,NULL,'تقييم ورش الارشاد والتغذية الراجعة للملتقى','2025-11-16','2025-11-17',1.33,'review','تقرير تقييم ورش الإرشاد والتغذية الراجعة للملتقى',0,0,63,'2026-01-12 01:22:22','2026-01-12 01:22:22'),
(94,17,17,NULL,NULL,'تقييم الأداء وتحديد التحديات التي واجهت المشاركة في معارض الكتاب الدولية ومعرض مسقط الدولي للكتاب  أثناء التنفيذ واعداد التوصيات للمعارض القادمة.','2025-11-23','2025-12-15',5.33,'review','تقرير تقييم أداء المشاركة في معارض الكتاب والتحديات والتوصيات',0,0,64,'2026-01-12 01:22:22','2026-01-12 01:22:22'),
(95,17,17,NULL,NULL,'تقييم مستوى التفاعل والمحتوى للندوة 1','2026-07-29','2026-07-30',1.33,'review','تقرير التغذية الراجعة للندوة 1',0,0,65,'2026-01-12 01:22:22','2026-01-12 01:22:22'),
(96,17,17,NULL,NULL,'تقييم مستوى التفاعل والمحتوى للندوة 2','2026-11-25','2026-11-26',1.33,'review','تقرير التغذية الراجعة للندوة2',0,0,66,'2026-01-12 01:22:22','2026-01-12 01:22:22'),
(97,17,17,NULL,NULL,'تقييم سير القافلة 1 ومدى تحقق الأهداف','2026-05-28','2026-05-29',1.33,'review','تقرير التغذية الراجعة للقافلة الوعظية1',0,0,67,'2026-01-12 01:22:22','2026-01-12 01:22:22'),
(98,17,17,NULL,NULL,'تقييم سير القافلة 2 ومدى تحقق الأهداف','2026-12-02','2026-12-03',1.33,'review','تقرير التغذية الراجعة للقافلة الوعظية2',0,0,68,'2026-01-12 01:22:22','2026-01-12 01:22:22'),
(99,17,17,NULL,NULL,'التغذية الراجعة لبرنامج الوعظ الشامل1وقياس أثر البرنامج الوعظي','2026-02-22','2026-02-23',1.33,'review','تقرير التغذية الراجعة لبرنامج الوعظ الشامل1',0,0,69,'2026-01-12 01:22:22','2026-01-12 01:22:22'),
(100,17,17,NULL,NULL,'التغذية الراجعة لبرنامج الوعظ الشامل2وقياس أثر البرنامج الوعظي','2026-04-27','2026-04-28',1.33,'review','تقرير التغذية الراجعة لبرنامج الوعظ الشامل2',0,0,70,'2026-01-12 01:22:22','2026-01-12 01:22:22'),
(101,17,17,NULL,NULL,'التغذية الراجعة لبرنامج الوعظ الشامل3وقياس أثر البرنامج الوعظي','2026-06-29','2026-06-30',1.33,'review','تقرير التغذية الراجعة لبرنامج الوعظ الشامل3',0,0,71,'2026-01-12 01:22:22','2026-01-12 01:22:22'),
(102,17,17,NULL,NULL,'التغذية الراجعة لبرنامج الوعظ الشامل4وقياس أثر البرنامج الوعظي','2026-09-28','2026-09-29',1.33,'review','تقرير التغذية الراجعة لبرنامج الوعظ الشامل4',0,0,72,'2026-01-12 01:22:22','2026-01-12 01:22:22'),
(103,17,17,NULL,NULL,'ختام فعالية الانماء المهني وإرفاق التقرير النهائي','2025-02-02','2025-02-03',0.60,'close','التقرير الختامي لفعالية الإنماء المهني',0,0,73,'2026-01-12 01:22:22','2026-01-12 01:22:22'),
(104,17,17,NULL,NULL,'ختام فعالية  جنة واعداد التقرير النهائي','2025-03-03','2025-03-04',0.60,'close','التقرير الختامي لفعالية جنة',0,0,74,'2026-01-12 01:22:22','2026-01-12 01:22:22'),
(105,17,17,NULL,NULL,'ختام ملتقيات السيدة عائشة واعداد التقرير النهائي','2025-03-07','2025-04-08',3.00,'close','التقرير الختامي لملتقيات السيدة عائشة',0,0,75,'2026-01-12 01:22:22','2026-01-12 01:22:22'),
(106,17,17,NULL,NULL,'ختام فعالية مسارات امنه  واعداد التقرير النهائي','2025-09-21','2025-09-22',0.60,'close','التقرير الختامي لفعالية مسارات آمنة',0,0,76,'2026-01-12 01:22:22','2026-01-12 01:22:22'),
(107,17,17,NULL,NULL,'ختام فعالية الرسول الأعظم  واعداد التقرير النهائي','2025-09-29','2025-09-30',0.60,'close','التقرير الختامي لفعالية الرسول الأعظم',0,0,77,'2026-01-12 01:22:22','2026-01-12 01:22:22'),
(108,17,17,NULL,NULL,'دراسة التحديات ووضع التوصيات ورفع التقرير النهائي للوعظ الالكتروني','2025-10-20','2025-10-22',0.60,'close','التقرير النهائي لتحديات الوعظ الإلكتروني والتوصيات',0,0,78,'2026-01-12 01:22:22','2026-01-12 01:22:22'),
(109,17,17,NULL,NULL,'ختام ندوة المراة العمانية واعداد التقرير النهائي','2025-11-02','2025-11-03',0.60,'close','التقرير الختامي لندوة المرأة العمانية',0,0,79,'2026-01-12 01:22:22','2026-01-12 01:22:22'),
(110,17,17,NULL,NULL,'ختام فعالية ملتقيات  الارشاد الديني والتكريم','2025-11-23','2025-11-24',0.60,'close','التقرير الختامي لملتقيات الإرشاد والتكريم',0,0,80,'2026-01-12 01:22:22','2026-01-12 01:22:22'),
(111,17,17,NULL,NULL,'اعداد التقرير النهائي لفعالية ملتقى الكوادر الدينية','2025-12-01','2025-12-16',1.80,'close','التقرير الختامي لملتقى الكوادر الدينية',0,0,81,'2026-01-12 01:22:22','2026-01-12 01:22:22'),
(112,17,17,NULL,NULL,'ختام فعالية القافلة الوعظية1 وإعداد التقرير النهائي','2026-06-10','2026-06-11',0.60,'close','	التقرير النهائي لتقييم القافلة الوعظية ',0,0,82,'2026-01-12 01:22:22','2026-01-12 01:22:22'),
(113,17,17,NULL,NULL,'ختام فعالية القافلة الوعظية 2 وإعداد التقرير النهائي','2026-12-16','2026-12-17',0.60,'close','	التقرير النهائي لتقييم القافلة الوعظية ',0,0,83,'2026-01-12 01:22:22','2026-01-12 01:22:22'),
(114,17,17,NULL,NULL,'ختام الندوة الدينية 1 وإعداد التقرير النهائي','2026-08-12','2026-08-13',0.60,'close','التقرير النهائي للندوة الدينية',0,0,84,'2026-01-12 01:22:22','2026-01-12 01:22:22'),
(115,17,17,NULL,NULL,'ختام الندوة الدينية 2 وإعداد التقرير النهائي','2026-11-29','2026-11-30',0.60,'close','التقرير النهائي للندوة الدينية',0,0,85,'2026-01-12 01:22:22','2026-01-12 01:22:22'),
(116,17,17,NULL,NULL,'ختام فعالية برنامج الوعظ الشامل1 وإعداد التقرير النهائي','2026-03-07','2026-03-08',0.60,'close','التقرير النهائي لبرنامج الوعظ الشامل',0,0,86,'2026-01-12 01:22:22','2026-01-12 01:22:22'),
(117,17,17,NULL,NULL,'ختام فعالية برنامج الوعظ الشامل2 وإعداد التقرير النهائي','2026-05-14','2026-05-15',0.60,'close','التقرير النهائي لبرنامج الوعظ الشامل',0,0,87,'2026-01-12 01:22:22','2026-01-12 01:22:22'),
(118,17,17,NULL,NULL,'ختام فعالية برنامج الوعظ الشامل3 وإعداد التقرير النهائي','2026-08-20','2026-08-21',0.60,'close','التقرير النهائي لبرنامج الوعظ الشامل',0,0,88,'2026-01-12 01:22:22','2026-01-12 01:22:22'),
(119,17,17,NULL,NULL,'ختام فعالية برنامج الوعظ الشامل4 وإعداد التقرير النهائي','2026-10-29','2026-10-30',0.60,'close','التقرير النهائي لبرنامج الوعظ الشامل',0,0,89,'2026-01-12 01:22:22','2026-01-12 01:22:22'),
(120,17,17,NULL,NULL,'رفع التقرير الختامي للمشاركة في معارض الكتاب الدولية ومعرض مسقط الدولي للكتاب','2025-12-01','2025-12-15',1.20,'close','التقرير الختامي للمشاركة في معارض الكتاب',0,0,90,'2026-01-12 01:22:22','2026-01-12 01:22:22'),
(121,17,17,NULL,NULL,'توقيع مدير المشروع :',NULL,NULL,0.00,'close','مراجعة فريق التخطيط  :',0,0,91,'2026-01-12 01:22:22','2026-01-12 01:22:22'),
(122,18,18,NULL,NULL,'التحضير للمدرسة الفقهية وتحديد المقررات الفصلية','2025-02-16','2025-02-17',0.47,'planning','تقرير تحضير المدرسة الفقهية وتحديد المقررات',0,0,1,'2026-01-12 01:22:39','2026-01-12 01:22:39'),
(123,18,18,NULL,NULL,'بدء التسجيل للالتحاق بالمدرسة الفقهية','2025-02-23','2025-02-24',0.47,'planning','قائمة تسجيل الالتحاق بالمدرسة الفقهية',0,0,2,'2026-01-12 01:22:39','2026-01-12 01:22:39'),
(124,18,18,NULL,NULL,'الإعداد الشامل للملتقيات الصيفية (1) والتحضير الشامل لبرنامج الفقيه الصغير','2025-02-02','2025-02-26',1.89,'planning','تقرير تجهيز الملتقيات الصيفية وبرنامج الفقيه الصغير',0,0,3,'2026-01-12 01:22:39','2026-01-12 01:22:39'),
(125,18,18,NULL,NULL,'الاجتماع للتحضير لملتقى صيفنا مميز لتحديد الزمان والمكان والفئة المستهدفة والمواد المطروحة','2025-06-15','2025-06-17',0.47,'planning','تقرير اجتماع تحضير ملتقى صيفنا مميز',0,0,4,'2026-01-12 01:22:39','2026-01-12 01:22:39'),
(126,18,18,NULL,NULL,'بدء التسجيل للالتحاق بالملتقيات الصيفية لبرنامج صيفنا مميز','2025-06-16','2025-06-18',0.47,'planning','تقرير تسجيل ملتقيات صيفنا مميز',0,0,5,'2026-01-12 01:22:39','2026-01-12 01:22:39'),
(127,18,18,NULL,NULL,'إعداد المادة العلمية والوسائل المصاحبة للملتقيات الشتوية','2025-01-19','2025-01-23',0.47,'planning','تقرير إعداد المادة العلمية للملتقيات الشتوية',0,0,6,'2026-01-12 01:22:39','2026-01-12 01:22:39'),
(128,18,18,NULL,NULL,'التخطيط لتطوير الملتقيات الصيفيه والطالب الفقيه لهذا العام','2025-04-02','2025-12-31',18.40,'planning','تقرير تخطيط تطوير الملتقيات الصيفية وبرنامج الطالب الفقيه',0,0,7,'2026-01-12 01:22:39','2026-01-12 01:22:39'),
(129,18,18,NULL,NULL,'إعداد وتحضير لبرنامج صيفنا مميز (الأهداف – الأنشطة – الفئات العمرية) وجدولتها','2026-04-15','2026-04-30',1.42,'planning','تقرير محضر اجتماع التخطيط والتسجيل لبرنامج صيفنا مميز',0,0,8,'2026-01-12 01:22:39','2026-01-12 01:22:39'),
(130,18,18,NULL,NULL,'إعداد وتحضير لبرنامج الطالب الفقية (الأهداف – الأنشطة – الفئات العمرية) وجدولتها','2026-07-15','2026-07-17',0.47,'planning','تقرير محضر اجتماع التخطيط والتسجيل لبرنامج الطالب الفقية',0,0,9,'2026-01-12 01:22:39','2026-01-12 01:22:39'),
(131,18,18,NULL,NULL,'تجهيز المواد العلمية والوسائل التعليمية لصيفنا مميز','2025-06-18','2025-06-19',0.47,'planning','تقرير تجهيز المواد لصيفنا مميز',0,0,10,'2026-01-12 01:22:39','2026-01-12 01:22:39'),
(132,18,18,NULL,NULL,'بدء برامج الملتقيات الشتوية','2025-01-12','2025-01-25',1.51,'implementation','تقرير بدء برامج الملتقيات الشتوية',0,0,11,'2026-01-12 01:22:39','2026-01-12 01:22:39'),
(133,18,18,NULL,NULL,'بدء التدريس الفعلي في المدرسة الفقهية','2025-01-26','2025-02-13',2.26,'implementation','تقرير بدء التدريس في المدرسة الفقهية',0,0,12,'2026-01-12 01:22:39','2026-01-12 01:22:39'),
(134,18,18,NULL,NULL,'البدء في برامج الملتقيات الصيفية لبرنامج صيفنا مميز','2025-03-25','2025-03-26',0.75,'implementation','تقرير انطلاق ملتقيات صيفنا مميز',0,0,13,'2026-01-12 01:22:39','2026-01-12 01:22:39'),
(135,18,18,NULL,NULL,'البدء في تنفيذ الملتقيات الصيفية(1)','2025-06-22','2025-08-21',6.79,'implementation','تقرير تنفيذ الملتقيات الصيفية (1)',0,0,14,'2026-01-12 01:22:39','2026-01-12 01:22:39'),
(136,18,18,NULL,NULL,'البدء في تنفيذ برنامج صيفنا مميز','2026-06-15','2026-07-15',3.77,'implementation','	تقرير تنفيذ برنامج صيفنا مميز',0,0,15,'2026-01-12 01:22:39','2026-01-12 01:22:39'),
(137,18,18,NULL,NULL,'البدء في تنفيذ برنامج الطالب الفقية','2026-09-07','2026-12-31',12.83,'implementation','تقرير تنفيذ برنامج الطالب الفقية ',0,0,16,'2026-01-12 01:22:39','2026-01-12 01:22:39'),
(138,18,18,NULL,NULL,'البدء في تنفيذ برنامج الطالب الفقيه حسب المقرر لهذا العام','2025-09-14','2025-12-30',12.08,'implementation','تقرير تنفيذ برنامج الطالب الفقيه',0,0,17,'2026-01-12 01:22:39','2026-01-12 01:22:39'),
(139,18,18,NULL,NULL,'التغذية الراجعة والنتائج لتنفيذ الملتقيات الشتوية','2025-02-16','2025-02-17',1.54,'review','تقرير التغذية الراجعة للملتقيات الشتوية',0,0,18,'2026-01-12 01:22:39','2026-01-12 01:22:39'),
(140,18,18,NULL,NULL,'المراجعة والتغذية الراجعة لمدى تنفيذ برنامج الطالب الفقيه','2025-04-06','2025-04-30',6.15,'review','تقرير مراجعة تنفيذ برنامج الطالب الفقيه',0,0,19,'2026-01-12 01:22:39','2026-01-12 01:22:39'),
(141,18,18,NULL,NULL,'عمل الاختبارات النهائية للمدرسة الفقهية','2025-06-29','2025-06-30',1.54,'review','تقرير اختبارات المدرسة الفقهية',0,0,20,'2026-01-12 01:22:39','2026-01-12 01:22:39'),
(142,18,18,NULL,NULL,'التغذية الراجعة لتنفيذ الملتقيات الصيفية لبرنامج صيفنا مميز','2025-08-27','2025-08-28',1.54,'review','تقرير مراجعة ملتقيات صيفنا مميز',0,0,21,'2026-01-12 01:22:39','2026-01-12 01:22:39'),
(143,18,18,NULL,NULL,'التغذية الراجعة وتقييم أثر برنامج صيفنا مميز','2026-08-17','2026-08-20',1.54,'review','	تقرير التغذية الراجعة لبرنامج صيفنا مميز',0,0,22,'2026-01-12 01:22:39','2026-01-12 01:22:39'),
(144,18,18,NULL,NULL,'التغذية الراجعة وتقييم أثر برنامج الطالب الفقية','2026-06-29','2026-06-30',1.54,'review','تقرير التغذية الراجعة لبرنامج الطالب الفقية',0,0,23,'2026-01-12 01:22:39','2026-01-12 01:22:39'),
(145,18,18,NULL,NULL,'المراجعة والتغذية الراجعة لتنفيذ برنامج الملتقيات الصيفية (1)','2025-08-05','2025-08-31',6.15,'review','تقرير مراجعة تنفيذ الملتقيات الصيفية (1)',0,0,24,'2026-01-12 01:22:39','2026-01-12 01:22:39'),
(146,18,18,NULL,NULL,'ختام الملتقيات الشتوية واعداد التقرير النهائي','2025-02-20','2025-02-21',0.44,'close','تقرير ختام الملتقيات الشتوية',0,0,25,'2026-01-12 01:22:39','2026-01-12 01:22:39'),
(147,18,18,NULL,NULL,'ختام الفصل الدراسي للمدرسة الفقهية وإعداد التقرير النهائي','2025-06-01','2025-06-05',0.44,'close','تقرير ختام الفصل الدراسي للمدرسة الفقهية',0,0,26,'2026-01-12 01:22:39','2026-01-12 01:22:39'),
(148,18,18,NULL,NULL,'ختام برنامج صيفنا مميز و إعداد التقرير الختامي والتقييم','2026-09-01','2026-09-04',0.00,'close','التقرير النهائي لبرنامج صيفنا مميز',0,0,27,'2026-01-12 01:22:39','2026-01-12 01:22:39'),
(149,18,18,NULL,NULL,'ختام برنامج الطالب الفقية و إعداد التقرير الختامي والتقييم','2026-07-13','2026-07-14',0.00,'close','التقرير النهائي لبرنامج الطالب الفقية',0,0,28,'2026-01-12 01:22:39','2026-01-12 01:22:39'),
(150,18,18,NULL,NULL,'ختام الملتقيات الصيفية لبرنامج صيفنا مميز واعداد التقرير النهائي','2025-08-31','2025-09-01',0.44,'close','تقرير ختام ملتقيات صيفنا مميز',0,0,29,'2026-01-12 01:22:39','2026-01-12 01:22:39'),
(151,18,18,NULL,NULL,'إعداد التقرير النهائي للملتقيات الصيفية (1) وبرنامج الفقيه الصغير','2025-06-12','2025-12-31',12.79,'close','التقرير النهائي للملتقيات الصيفية (1) وبرنامج الفقيه الصغير',0,0,30,'2026-01-12 01:22:39','2026-01-12 01:22:39'),
(152,18,18,NULL,NULL,'توقيع مدير المشروع :',NULL,NULL,0.00,'close','مراجعة فريق التخطيط  :',0,0,31,'2026-01-12 01:22:39','2026-01-12 01:22:39');
/*!40000 ALTER TABLE `steps` ENABLE KEYS */;
UNLOCK TABLES;
commit;

--
-- Table structure for table `swot_boards`
--

DROP TABLE IF EXISTS `swot_boards`;
/*!40101 SET @saved_cs_client     = @@character_set_client */;
/*!40101 SET character_set_client = utf8mb4 */;
CREATE TABLE `swot_boards` (
  `id` bigint(20) unsigned NOT NULL AUTO_INCREMENT,
  `swot_project_id` bigint(20) unsigned NOT NULL,
  `type` enum('strength','weakness','opportunity','threat') NOT NULL,
  `content` varchar(100) NOT NULL,
  `participant_name` varchar(20) NOT NULL,
  `ip_address` varchar(45) NOT NULL,
  `session_id` varchar(255) NOT NULL,
  `created_at` timestamp NULL DEFAULT NULL,
  `updated_at` timestamp NULL DEFAULT NULL,
  PRIMARY KEY (`id`),
  KEY `swot_boards_swot_project_id_type_index` (`swot_project_id`,`type`),
  KEY `swot_boards_session_id_index` (`session_id`),
  CONSTRAINT `swot_boards_swot_project_id_foreign` FOREIGN KEY (`swot_project_id`) REFERENCES `swot_projects` (`id`) ON DELETE CASCADE
) ENGINE=InnoDB AUTO_INCREMENT=77 DEFAULT CHARSET=utf8mb4 COLLATE=utf8mb4_unicode_ci;
/*!40101 SET character_set_client = @saved_cs_client */;

--
-- Dumping data for table `swot_boards`
--

LOCK TABLES `swot_boards` WRITE;
/*!40000 ALTER TABLE `swot_boards` DISABLE KEYS */;
set autocommit=0;
INSERT INTO `swot_boards` VALUES
(30,5,'strength','1. تبعية لمكتب الوزير في أعلى الهرم','1','37.40.254.247','XgcRiTz2L2cr1U9AdN19uMnN0qioAls6S96LUV50','2026-01-05 10:34:28','2026-01-05 10:34:28'),
(31,5,'strength','دائرة التخطيط','1','37.40.249.15','SZkOhDfWZTeFWhWYP3gZueABz0Codp80XtjZFfBq','2026-01-05 10:34:48','2026-01-05 10:34:48'),
(32,5,'strength','فريق منسجم','1','37.40.151.34','9efwVQSfYbZZZN3uC5YKry8g7aC9EISmCJbapn7r','2026-01-05 10:35:07','2026-01-05 10:35:07'),
(33,5,'strength','الخبرة','1','212.146.178.200','qAQJQDEOlrKT997VmiSXYU2EfUNGEvwhNVcxGDll','2026-01-05 10:35:07','2026-01-05 10:35:07'),
(34,5,'weakness','دائرة التخطيط','1','37.40.249.15','SZkOhDfWZTeFWhWYP3gZueABz0Codp80XtjZFfBq','2026-01-05 10:35:17','2026-01-05 10:35:17'),
(35,5,'weakness','عدم ترتيب الأعمال حسب الأولوية','1','212.146.177.93','7E1GttTNmuyPXBvqsiCSZnmCAX6sjSpKLFezZe5U','2026-01-05 10:35:22','2026-01-05 10:35:22'),
(36,5,'strength','المكانة','1','37.40.254.247','XgcRiTz2L2cr1U9AdN19uMnN0qioAls6S96LUV50','2026-01-05 10:35:39','2026-01-05 10:35:39'),
(37,5,'strength','المعرفة الكاملة','1','212.146.178.200','qAQJQDEOlrKT997VmiSXYU2EfUNGEvwhNVcxGDll','2026-01-05 10:36:07','2026-01-05 10:36:07'),
(38,5,'strength','همة عالية للتطوير','1','37.40.151.34','9efwVQSfYbZZZN3uC5YKry8g7aC9EISmCJbapn7r','2026-01-05 10:36:33','2026-01-05 10:36:33'),
(39,5,'strength','القدرة والمبادرة والحرص على انهاء الاعمال، السمعة','1','37.40.254.247','XgcRiTz2L2cr1U9AdN19uMnN0qioAls6S96LUV50','2026-01-05 10:38:01','2026-01-05 10:38:01'),
(40,5,'weakness','تحديات في جمع البيانات','1','188.135.50.243','fJ3qvNeLiMlfv3qW2K8RfHDKmji9vm8kY505tjnR','2026-01-05 10:40:49','2026-01-05 10:40:49'),
(41,5,'strength','مرونة العمل','1','37.40.151.34','9efwVQSfYbZZZN3uC5YKry8g7aC9EISmCJbapn7r','2026-01-05 10:41:24','2026-01-05 10:41:24'),
(42,5,'strength','قدرة على البرمجة','1','37.40.151.34','9efwVQSfYbZZZN3uC5YKry8g7aC9EISmCJbapn7r','2026-01-05 10:42:19','2026-01-05 10:42:19'),
(43,5,'strength','حمدان','1','37.40.151.34','9efwVQSfYbZZZN3uC5YKry8g7aC9EISmCJbapn7r','2026-01-05 10:42:46','2026-01-05 10:42:46'),
(44,5,'strength','المدير العام','1','37.40.151.34','9efwVQSfYbZZZN3uC5YKry8g7aC9EISmCJbapn7r','2026-01-05 10:44:30','2026-01-05 10:44:30'),
(45,5,'strength','التواصل مع القطاعات','1','212.146.178.200','qAQJQDEOlrKT997VmiSXYU2EfUNGEvwhNVcxGDll','2026-01-05 10:44:35','2026-01-05 10:44:35'),
(46,5,'strength','وجود برنامج محكم فعال وذكي','1','37.40.249.15','SZkOhDfWZTeFWhWYP3gZueABz0Codp80XtjZFfBq','2026-01-05 10:46:04','2026-01-05 10:46:04'),
(47,5,'threat','الرؤية','1','37.40.151.34','9efwVQSfYbZZZN3uC5YKry8g7aC9EISmCJbapn7r','2026-01-05 10:46:11','2026-01-05 10:55:20'),
(48,5,'weakness','قلة عدد الموظفين','1','212.146.178.200','qAQJQDEOlrKT997VmiSXYU2EfUNGEvwhNVcxGDll','2026-01-05 10:46:38','2026-01-05 10:46:38'),
(49,5,'weakness','تاخر البرنامج','1','37.40.151.34','9efwVQSfYbZZZN3uC5YKry8g7aC9EISmCJbapn7r','2026-01-05 10:46:49','2026-01-05 10:46:49'),
(50,5,'weakness','المكاتب','1','37.40.151.34','9efwVQSfYbZZZN3uC5YKry8g7aC9EISmCJbapn7r','2026-01-05 10:47:09','2026-01-05 10:47:09'),
(51,5,'weakness','عدم استغلال الصلاحيات وإلزام والتزام القطاعات بالمطلوب','1','37.40.254.247','XgcRiTz2L2cr1U9AdN19uMnN0qioAls6S96LUV50','2026-01-05 10:47:14','2026-01-05 10:47:14'),
(52,5,'weakness','الموازنات المالية','1','37.40.151.34','9efwVQSfYbZZZN3uC5YKry8g7aC9EISmCJbapn7r','2026-01-05 10:47:34','2026-01-05 10:47:34'),
(53,5,'weakness','التغذية','1','37.40.151.34','9efwVQSfYbZZZN3uC5YKry8g7aC9EISmCJbapn7r','2026-01-05 10:47:43','2026-01-05 10:47:43'),
(54,5,'weakness','تنفيذ خطة التدريب وتطويرها،','1','37.40.254.247','XgcRiTz2L2cr1U9AdN19uMnN0qioAls6S96LUV50','2026-01-05 10:48:04','2026-01-05 10:48:04'),
(55,5,'weakness','ضعف الإعلام','1','37.40.151.34','9efwVQSfYbZZZN3uC5YKry8g7aC9EISmCJbapn7r','2026-01-05 10:48:16','2026-01-05 10:48:16'),
(56,5,'weakness','التخطيط يعاني في تاخير استلام البيانات من اصحاب المبادا','1','37.40.249.15','SZkOhDfWZTeFWhWYP3gZueABz0Codp80XtjZFfBq','2026-01-05 10:48:31','2026-01-05 10:48:31'),
(57,5,'weakness','تداخل الاختصاصات','1','37.40.254.247','XgcRiTz2L2cr1U9AdN19uMnN0qioAls6S96LUV50','2026-01-05 10:49:21','2026-01-05 10:49:21'),
(58,5,'weakness','ضعف التقارير','1','37.40.151.34','9efwVQSfYbZZZN3uC5YKry8g7aC9EISmCJbapn7r','2026-01-05 10:49:39','2026-01-05 10:49:39'),
(59,5,'weakness','ترتيب الاولويات','1','212.146.178.200','qAQJQDEOlrKT997VmiSXYU2EfUNGEvwhNVcxGDll','2026-01-05 10:49:44','2026-01-05 10:49:44'),
(60,5,'weakness','عدم الالتزام بالوقت','1','212.146.178.200','qAQJQDEOlrKT997VmiSXYU2EfUNGEvwhNVcxGDll','2026-01-05 10:50:05','2026-01-05 10:50:05'),
(61,5,'weakness','التوعية ونشر عمل الدائرة','1','37.40.254.247','XgcRiTz2L2cr1U9AdN19uMnN0qioAls6S96LUV50','2026-01-05 10:50:25','2026-01-05 10:50:25'),
(62,5,'opportunity','اهتمام الدولة بالتخطيط','1','37.40.151.34','9efwVQSfYbZZZN3uC5YKry8g7aC9EISmCJbapn7r','2026-01-05 10:50:45','2026-01-05 10:50:45'),
(63,5,'opportunity','عام الاتقان','1','212.146.178.200','qAQJQDEOlrKT997VmiSXYU2EfUNGEvwhNVcxGDll','2026-01-05 10:51:08','2026-01-05 10:51:08'),
(64,5,'opportunity','الفرص الابتكارية ونقل المعرفة','1','37.40.151.34','9efwVQSfYbZZZN3uC5YKry8g7aC9EISmCJbapn7r','2026-01-05 10:51:29','2026-01-05 10:51:29'),
(65,5,'opportunity','حوكمة التخطيط','1','37.40.151.34','9efwVQSfYbZZZN3uC5YKry8g7aC9EISmCJbapn7r','2026-01-05 10:52:17','2026-01-05 10:52:17'),
(66,5,'opportunity','برامج تدريبية','1','37.40.249.15','SZkOhDfWZTeFWhWYP3gZueABz0Codp80XtjZFfBq','2026-01-05 10:52:35','2026-01-05 10:52:35'),
(67,5,'opportunity','برامج تدريبية قوية في التخطيط','1','37.40.254.247','XgcRiTz2L2cr1U9AdN19uMnN0qioAls6S96LUV50','2026-01-05 10:53:17','2026-01-05 10:53:17'),
(68,5,'threat','صعوبة التزام مدراء المشاريع','1','212.146.178.200','qAQJQDEOlrKT997VmiSXYU2EfUNGEvwhNVcxGDll','2026-01-05 10:55:13','2026-01-05 10:55:13'),
(69,5,'threat','الطلبات الحكومية الكثيرة','1','37.40.151.34','9efwVQSfYbZZZN3uC5YKry8g7aC9EISmCJbapn7r','2026-01-05 10:55:46','2026-01-05 10:55:46'),
(70,5,'threat','تداخل الاختصاصات','1','37.40.254.247','XgcRiTz2L2cr1U9AdN19uMnN0qioAls6S96LUV50','2026-01-05 10:56:24','2026-01-05 10:56:24'),
(71,5,'threat','تداخل الاختصاصات','1','37.40.151.34','9efwVQSfYbZZZN3uC5YKry8g7aC9EISmCJbapn7r','2026-01-05 10:56:29','2026-01-05 10:56:29'),
(72,5,'threat','قرارات تغييريه مفاجئة','1','37.40.249.15','SZkOhDfWZTeFWhWYP3gZueABz0Codp80XtjZFfBq','2026-01-05 10:56:42','2026-01-05 10:56:42'),
(73,5,'threat','التدخل في أعمال الدائرة','1','212.146.178.200','qAQJQDEOlrKT997VmiSXYU2EfUNGEvwhNVcxGDll','2026-01-05 10:57:40','2026-01-05 10:57:40'),
(74,5,'threat','الوكيل','1','37.40.151.34','9efwVQSfYbZZZN3uC5YKry8g7aC9EISmCJbapn7r','2026-01-05 10:57:44','2026-01-05 10:58:59'),
(75,5,'threat','قلة المعرفة','1','37.40.151.34','9efwVQSfYbZZZN3uC5YKry8g7aC9EISmCJbapn7r','2026-01-05 11:00:08','2026-01-05 11:00:08'),
(76,5,'threat','مقاومة التغيير','1','37.40.151.34','9efwVQSfYbZZZN3uC5YKry8g7aC9EISmCJbapn7r','2026-01-05 11:00:33','2026-01-05 11:00:33');
/*!40000 ALTER TABLE `swot_boards` ENABLE KEYS */;
UNLOCK TABLES;
commit;

--
-- Table structure for table `swot_finalizes`
--

DROP TABLE IF EXISTS `swot_finalizes`;
/*!40101 SET @saved_cs_client     = @@character_set_client */;
/*!40101 SET character_set_client = utf8mb4 */;
CREATE TABLE `swot_finalizes` (
  `id` bigint(20) unsigned NOT NULL AUTO_INCREMENT,
  `swot_project_id` bigint(20) unsigned NOT NULL,
  `summary` text DEFAULT NULL,
  `strength_strategy` text DEFAULT NULL,
  `weakness_strategy` text DEFAULT NULL,
  `opportunity_strategy` text DEFAULT NULL,
  `threat_strategy` text DEFAULT NULL,
  `action_items` longtext CHARACTER SET utf8mb4 COLLATE utf8mb4_bin DEFAULT NULL CHECK (json_valid(`action_items`)),
  `created_by` bigint(20) unsigned NOT NULL,
  `created_at` timestamp NULL DEFAULT NULL,
  `updated_at` timestamp NULL DEFAULT NULL,
  PRIMARY KEY (`id`),
  KEY `swot_finalizes_swot_project_id_foreign` (`swot_project_id`),
  KEY `swot_finalizes_created_by_foreign` (`created_by`),
  CONSTRAINT `swot_finalizes_created_by_foreign` FOREIGN KEY (`created_by`) REFERENCES `users` (`id`),
  CONSTRAINT `swot_finalizes_swot_project_id_foreign` FOREIGN KEY (`swot_project_id`) REFERENCES `swot_projects` (`id`) ON DELETE CASCADE
) ENGINE=InnoDB AUTO_INCREMENT=4 DEFAULT CHARSET=utf8mb4 COLLATE=utf8mb4_unicode_ci;
/*!40101 SET character_set_client = @saved_cs_client */;

--
-- Dumping data for table `swot_finalizes`
--

LOCK TABLES `swot_finalizes` WRITE;
/*!40000 ALTER TABLE `swot_finalizes` DISABLE KEYS */;
set autocommit=0;
INSERT INTO `swot_finalizes` VALUES
(1,1,'خامسًا: المحاور الاستراتيجية\nالمحور الأول: حوكمة منهج رؤية الهلال ودعم القرار الرسمي\nالهدف: ضمان سلامة وموثوقية قرار دخول الأشهر الهجرية.\nالمبادرات:\n•	اعتماد دليل منهج رؤية الهلال\n•	توحيد إجراءات اللجان\n•	إنشاء ملف قرار موحد\nالمؤشرات:\n•	الالتزام الزمني بإصدار البيان\n•	صفر اعتماد لشهادة مخالفة علميًا\n________________________________________\nالمحور الثاني: رصد الأهلة والظواهر الفلكية\nالهدف: رفع كفاءة ودقة أعمال الرصد.\nالمبادرات:\n•	تطوير منهجيات الرصد\n•	تعزيز التنسيق بين اللجان\n•	توثيق نتائج الرصد شهريًا\nالمؤشرات:\n•	دقة نتائج الرصد\n•	عدد الليالي الرصدية الناجحة\n________________________________________\nالمحور الثالث: إدارة وتشغيل المراصد والمناظير\nالهدف: ضمان الجاهزية الفنية المستدامة.\nالمبادرات:\n•	خطة صيانة دورية\n•	تحديث المراصد\n•	استكمال مرصد جبل شمس\nالمؤشرات:\n•	نسبة الجاهزية\n•	تقليل الأعطال\n________________________________________\nالمحور الرابع: التقارير الفلكية والتقويم الهجري\nالهدف: إصدار تقارير وتقويم معتمدين علميًا ورسميًا.\nالمبادرات:\n•	توحيد نماذج التقارير\n•	تطوير البرامج الحاسوبية\n•	مراجعة الأخبار الفلكية\nالمؤشرات:\n•	الالتزام بجدول الإصدار\n•	مستوى الاعتماد المؤسسي\n________________________________________\nالمحور الخامس: التواصل المؤسسي والمجتمعي\nالهدف: تعزيز الثقة المجتمعية والظهور الرسمي.\nالمبادرات:\n•	تفعيل حسابات التواصل الاجتماعي\n•	محتوى توعوي علمي موسمي\n•	إدارة الشائعات استباقيًا\nالمؤشرات:\n•	مستوى التفاعل\n•	انخفاض الجدل الإعلامي\n________________________________________\nالمحور السادس: الشراكات وبناء القدرات\nالهدف: تنمية الكفاءات وتعزيز الحضور العلمي.\nالمبادرات:\n•	خطة تدريب تخصصي\n•	شراكات علمية\n•	المشاركة في المؤتمرات\nالمؤشرات:\n•	عدد الدورات\n•	عدد الشراكات الفاعلة\n________________________________________\nسادسًا: الخطة الزمنية\nالسنة	الأولويات\nالأولى	الحوكمة – المنهج – توحيد الإجراءات\nالثانية	تطوير المراصد – الشراكات – التحول الرقمي\nالثالثة	التميز العلمي – الاستدامة – المرجعية الإقليمية\n________________________________________\nسابعًا: إدارة المخاطر\n•	تثبيت هوية الدائرة واختصاصها\n•	الاستناد للمنهج العلمي في مواجهة الشائعات\n•	المرونة التنظيمية أمام التغيرات الهيكلية\n________________________________________\nثامنًا: مخرجات الخطة\n•	استراتيجية معتمدة\n•	خطط سنوية واضحة\n•	مؤشرات أداء قابلة للقياس\n•	تعزيز مكانة الدائرة وموثوقيتها','1. حوكمة منهج رؤية الهلال ودعم القرار الرسمي\n2. رصد الأهلة والظواهر الفلكية','1. إدارة وتشغيل المراصد والمناظير',NULL,'1. التقارير الفلكية والتقويم الهجري.\n2. لتواصل المؤسسي والمجتمعي.\n3. الشراكات وبناء القدرات .','[{\"title\":\"\\u062d\\u0648\\u0643\\u0645\\u0629 \\u0645\\u0646\\u0647\\u062c \\u0631\\u0624\\u064a\\u0629 \\u0627\\u0644\\u0647\\u0644\\u0627\\u0644\",\"owner\":\"\\u064a\\u0648\\u0633\\u0641 \\u0627\\u0644\\u0631\\u062d\\u0628\\u064a\",\"priority\":\"High\",\"deadline\":\"2026-01-04\"},{\"title\":\"\\u0631\\u0635\\u062f \\u0627\\u0644\\u0623\\u0647\\u0644\\u0629 \\u0648\\u0627\\u0644\\u0638\\u0648\\u0627\\u0647\\u0631 \\u0627\\u0644\\u0641\\u0644\\u0643\\u064a\\u0629\",\"owner\":\"\\u0633\\u0644\\u0637\\u0627\\u0646 \\u0627\\u0644\\u0633\\u0644\\u064a\\u0645\\u064a\",\"priority\":\"High\",\"deadline\":\"2026-01-05\"},{\"title\":\"1. \\u0625\\u062f\\u0627\\u0631\\u0629 \\u0648\\u062a\\u0634\\u063a\\u064a\\u0644 \\u0627\\u0644\\u0645\\u0631\\u0627\\u0635\\u062f \\u0648\\u0627\\u0644\\u0645\\u0646\\u0627\\u0638\\u064a\\u0631\",\"owner\":\"\\u0631\\u0626\\u064a\\u0633 \\u0642\\u0633\\u0645 \\u0627\\u0644\\u0645\\u0631\\u0627\\u0635\\u062f\",\"priority\":\"High\",\"deadline\":\"2026-01-01\"}]',1,'2025-12-28 08:41:25','2025-12-28 11:07:40'),
(2,2,NULL,NULL,NULL,NULL,NULL,NULL,1,'2025-12-29 11:52:26','2025-12-29 11:52:26'),
(3,5,'أولًا: التحليل الاستراتيجي المختصر (قراءة SWOT)\n1️⃣ دلالات نقاط القوة\n\nقوة المكانة التنظيمية (تبعية لمكتب الوزير – مدير عام – سمعة).\n\nتوفر رأس مال بشري نوعي (فريق منسجم، خبرة، معرفة، مبادرة، برمجة).\n\nوجود نظام تقني ذكي يدعم أعمال التخطيط.\n\nمرونة عالية في بيئة العمل والتواصل مع القطاعات.\n\n👉 الاستنتاج: الدائرة مؤهلة للقيادة المؤسسية للتخطيط إذا فُعِّلت الصلاحيات وربطت القطاعات بمنظومة واضحة.\n\n2️⃣ دلالات نقاط الضعف\n\nضعف الحوكمة التشغيلية (أولويات، وقت، تقارير، تداخل اختصاصات).\n\nتحديات كبيرة في البيانات (تأخير، ضعف التزام).\n\nمحدودية الموارد (عدد الموظفين، موازنات، بيئة عمل).\n\nضعف الإعلام والتوعية بدور الدائرة.\n\n👉 الاستنتاج: المشكلة ليست في الرؤية بل في التنفيذ والانضباط المؤسسي.\n\n3️⃣ دلالات الفرص\n\nاهتمام الدولة بالتخطيط وعام الإتقان.\n\nتوفر برامج تدريب قوية وحوكمة التخطيط.\n\nفرص الابتكار ونقل المعرفة.\n\n👉 الاستنتاج: البيئة الخارجية داعمة جدًا ويمكن استثمارها لرفع نضج الدائرة.\n\n4️⃣ دلالات التهديدات\n\nمقاومة التغيير.\n\nكثرة الطلبات الحكومية.\n\nقرارات مفاجئة وتدخلات.\n\nضعف التزام مدراء المشاريع وتداخل الاختصاصات.\n\n👉 الاستنتاج: الحاجة إلى أطر رسمية ملزمة تقلل الاعتماد على الأشخاص.\n\nثانيًا: الأهداف الاستراتيجية لدائرة التخطيط\nالهدف الاستراتيجي (1)\nتعزيز الحوكمة والانضباط المؤسسي في عمليات التخطيط\n\nمؤشرات الأداء:\n\n% الالتزام بالجداول الزمنية المعتمدة.\n\nعدد حالات تداخل الاختصاصات المسجلة سنويًا.\n\nنسبة الخطط المعتمدة دون ملاحظات جوهرية.\n\nالمبادرات:\n\nإعداد دليل حوكمة التخطيط المؤسسي.\n\nإعادة توصيف الاختصاصات والأدوار التخطيطية.\n\nاعتماد مصفوفة صلاحيات إلزامية للقطاعات.\n\nالهدف الاستراتيجي (2)\nتحسين جودة وتوفر البيانات التخطيطية\n\nمؤشرات الأداء:\n\nنسبة استلام البيانات في الوقت المحدد.\n\nنسبة اكتمال البيانات دون ملاحظات.\n\nعدد مرات إعادة طلب البيانات.\n\nالمبادرات:\n\nتطوير نظام إلكتروني موحد لإدارة البيانات التخطيطية.\n\nتوقيع اتفاقيات مستوى خدمة (SLA) مع القطاعات.\n\nإعداد دليل موحد لمتطلبات البيانات.\n\nالهدف الاستراتيجي (3)\nرفع كفاءة التخطيط والمتابعة والتقارير\n\nمؤشرات الأداء:\n\nجودة التقارير (حسب تقييم الإدارة العليا).\n\nعدد التقارير التحليلية مقابل الوصفية.\n\nزمن إعداد التقرير الدوري.\n\nالمبادرات:\n\nتطوير نموذج تقارير ذكية (Dashboards).\n\nأتمتة التقارير الدورية عبر النظام.\n\nتدريب الفريق على التحليل الاستراتيجي المتقدم.\n\nالهدف الاستراتيجي (4)\nبناء القدرات المؤسسية لدائرة التخطيط\n\nمؤشرات الأداء:\n\nعدد الساعات التدريبية للفرد.\n\nنسبة تطبيق ما بعد التدريب.\n\nمستوى نضج التخطيط المؤسسي (Maturity Level).\n\nالمبادرات:\n\nتنفيذ برنامج متخصص في التخطيط الاستراتيجي وإدارة الأداء.\n\nالاستفادة من البرامج الوطنية والدولية.\n\nنقل المعرفة داخليًا (مجتمعات ممارسة).\n\nالهدف الاستراتيجي (5)\nتعزيز الصورة المؤسسية لدائرة التخطيط والتواصل المؤثر\n\nمؤشرات الأداء:\n\nمستوى وعي القطاعات بدور الدائرة.\n\nعدد المواد الإعلامية التوعوية.\n\nمستوى رضا القطاعات.\n\nالمبادرات:\n\nإعداد خطة إعلامية وتوعوية للدائرة.\n\nتنظيم ورش تعريفية دورية للقطاعات.\n\nإصدار تقرير إنجازات سنوي لدائرة التخطيط.','تعزيز الحوكمة والانضباط المؤسسي في عمليات التخطيط','تحسين جودة وتوفر البيانات التخطيطية\nتعزيز الصورة المؤسسية لدائرة التخطيط والتواصل المؤثر','رفع كفاءة التخطيط والمتابعة والتقارير','بناء القدرات المؤسسية لدائرة التخطيط','[{\"title\":\"\\u062a\\u0639\\u0632\\u064a\\u0632 \\u0627\\u0644\\u062d\\u0648\\u0643\\u0645\\u0629 \\u0648\\u0627\\u0644\\u0627\\u0646\\u0636\\u0628\\u0627\\u0637 \\u0627\\u0644\\u0645\\u0624\\u0633\\u0633\\u064a \\u0641\\u064a \\u0639\\u0645\\u0644\\u064a\\u0627\\u062a \\u0627\\u0644\\u062a\\u062e\\u0637\\u064a\\u0637\",\"owner\":\"\\u0645\\u0633\\u0639\\u0648\\u062f\",\"priority\":\"High\",\"deadline\":\"2026-01-12\"},{\"title\":\"\\u062a\\u062d\\u0633\\u064a\\u0646 \\u062c\\u0648\\u062f\\u0629 \\u0648\\u062a\\u0648\\u0641\\u0631 \\u0627\\u0644\\u0628\\u064a\\u0627\\u0646\\u0627\\u062a \\u0627\\u0644\\u062a\\u062e\\u0637\\u064a\\u0637\\u064a\\u0629\",\"owner\":\"\\u062d\\u0645\\u064a\\u062f\",\"priority\":\"High\",\"deadline\":\"2026-01-12\"},{\"title\":\"\\u062a\\u0639\\u0632\\u064a\\u0632 \\u0627\\u0644\\u0635\\u0648\\u0631\\u0629 \\u0627\\u0644\\u0645\\u0624\\u0633\\u0633\\u064a\\u0629 \\u0644\\u062f\\u0627\\u0626\\u0631\\u0629 \\u0627\\u0644\\u062a\\u062e\\u0637\\u064a\\u0637 \\u0648\\u0627\\u0644\\u062a\\u0648\\u0627\\u0635\\u0644 \\u0627\\u0644\\u0645\\u0624\\u062b\\u0631\",\"owner\":\"\\u0625\\u064a\\u0645\\u0627\\u0646\",\"priority\":\"High\",\"deadline\":\"2026-01-12\"},{\"title\":\"\\u0628\\u0646\\u0627\\u0621 \\u0627\\u0644\\u0642\\u062f\\u0631\\u0627\\u062a \\u0627\\u0644\\u0645\\u0624\\u0633\\u0633\\u064a\\u0629 \\u0644\\u062f\\u0627\\u0626\\u0631\\u0629 \\u0627\\u0644\\u062a\\u062e\\u0637\\u064a\\u0637\",\"owner\":\"\\u0623\\u062d\\u0645\\u062f - \\u062d\\u0645\\u062f\\u0627\\u0646\",\"priority\":\"High\",\"deadline\":\"2026-01-12\"},{\"title\":\"\\u0631\\u0641\\u0639 \\u0643\\u0641\\u0627\\u0621\\u0629 \\u0627\\u0644\\u062a\\u062e\\u0637\\u064a\\u0637 \\u0648\\u0627\\u0644\\u0645\\u062a\\u0627\\u0628\\u0639\\u0629 \\u0648\\u0627\\u0644\\u062a\\u0642\\u0627\\u0631\\u064a\\u0631\",\"owner\":\"\\u0625\\u0628\\u0631\\u0627\\u0647\\u064a\\u0645\",\"priority\":\"High\",\"deadline\":\"2026-01-12\"}]',1,'2026-01-05 11:01:57','2026-01-05 11:26:24');
/*!40000 ALTER TABLE `swot_finalizes` ENABLE KEYS */;
UNLOCK TABLES;
commit;

--
-- Table structure for table `swot_projects`
--

DROP TABLE IF EXISTS `swot_projects`;
/*!40101 SET @saved_cs_client     = @@character_set_client */;
/*!40101 SET character_set_client = utf8mb4 */;
CREATE TABLE `swot_projects` (
  `id` bigint(20) unsigned NOT NULL AUTO_INCREMENT,
  `title` varchar(255) NOT NULL,
  `public_token` varchar(255) NOT NULL,
  `is_active` tinyint(1) NOT NULL DEFAULT 1,
  `created_by` bigint(20) unsigned NOT NULL,
  `is_finalized` tinyint(1) NOT NULL DEFAULT 0,
  `finalized_at` timestamp NULL DEFAULT NULL,
  `created_at` timestamp NULL DEFAULT NULL,
  `updated_at` timestamp NULL DEFAULT NULL,
  PRIMARY KEY (`id`),
  UNIQUE KEY `swot_projects_public_token_unique` (`public_token`),
  KEY `swot_projects_public_token_index` (`public_token`),
  KEY `swot_projects_created_by_is_active_index` (`created_by`,`is_active`),
  CONSTRAINT `swot_projects_created_by_foreign` FOREIGN KEY (`created_by`) REFERENCES `users` (`id`) ON DELETE CASCADE
) ENGINE=InnoDB AUTO_INCREMENT=6 DEFAULT CHARSET=utf8mb4 COLLATE=utf8mb4_unicode_ci;
/*!40101 SET character_set_client = @saved_cs_client */;

--
-- Dumping data for table `swot_projects`
--

LOCK TABLES `swot_projects` WRITE;
/*!40000 ALTER TABLE `swot_projects` DISABLE KEYS */;
set autocommit=0;
INSERT INTO `swot_projects` VALUES
(1,'تحليل سوات لدائرة الشؤون الفلكية','uzPEEZHJJgKxULbmabFQEI3kBE1J3A7J',0,1,1,'2025-12-28 11:07:40','2025-12-28 08:36:44','2026-01-05 11:32:46'),
(2,'استراتيجية دائرة التخطيط','KBgszEEMwFjE1ivsoHSRQoM0FXtMWYDV',0,1,0,NULL,'2025-12-29 09:59:07','2026-01-05 11:32:46'),
(3,'دائرة الزكاة','33osvaJkqq6rbrkuC8QnEPYdiE5CR0nr',0,1,0,NULL,'2025-12-30 21:17:13','2026-01-05 11:32:46'),
(4,'دائرة الزكاة','qo6vVciQBHWGgYiFRT4wjWli6md0xxO4',0,1,0,NULL,'2025-12-30 21:18:25','2026-01-05 11:32:46'),
(5,'خطة دائرة التخطيط2026','0mxFiYk3nDMK3dERnSvLD6K6tPop0WQQ',1,1,1,'2026-01-05 11:26:24','2026-01-05 10:15:31','2026-01-05 11:26:24');
/*!40000 ALTER TABLE `swot_projects` ENABLE KEYS */;
UNLOCK TABLES;
commit;

--
-- Table structure for table `task_assignees`
--

DROP TABLE IF EXISTS `task_assignees`;
/*!40101 SET @saved_cs_client     = @@character_set_client */;
/*!40101 SET character_set_client = utf8mb4 */;
CREATE TABLE `task_assignees` (
  `id` bigint(20) unsigned NOT NULL AUTO_INCREMENT,
  `task_id` bigint(20) unsigned NOT NULL,
  `user_id` bigint(20) unsigned NOT NULL,
  `status` enum('pending','in_progress','completed') NOT NULL DEFAULT 'pending',
  `notes` text DEFAULT NULL,
  `completed_at` timestamp NULL DEFAULT NULL,
  `created_at` timestamp NULL DEFAULT NULL,
  `updated_at` timestamp NULL DEFAULT NULL,
  PRIMARY KEY (`id`),
  UNIQUE KEY `task_assignees_task_id_user_id_unique` (`task_id`,`user_id`),
  KEY `task_assignees_user_id_index` (`user_id`),
  CONSTRAINT `task_assignees_task_id_foreign` FOREIGN KEY (`task_id`) REFERENCES `tasks` (`id`) ON DELETE CASCADE,
  CONSTRAINT `task_assignees_user_id_foreign` FOREIGN KEY (`user_id`) REFERENCES `users` (`id`) ON DELETE CASCADE
) ENGINE=InnoDB DEFAULT CHARSET=utf8mb4 COLLATE=utf8mb4_unicode_ci;
/*!40101 SET character_set_client = @saved_cs_client */;

--
-- Dumping data for table `task_assignees`
--

LOCK TABLES `task_assignees` WRITE;
/*!40000 ALTER TABLE `task_assignees` DISABLE KEYS */;
set autocommit=0;
/*!40000 ALTER TABLE `task_assignees` ENABLE KEYS */;
UNLOCK TABLES;
commit;

--
-- Table structure for table `task_attachments`
--

DROP TABLE IF EXISTS `task_attachments`;
/*!40101 SET @saved_cs_client     = @@character_set_client */;
/*!40101 SET character_set_client = utf8mb4 */;
CREATE TABLE `task_attachments` (
  `id` bigint(20) unsigned NOT NULL AUTO_INCREMENT,
  `task_id` bigint(20) unsigned NOT NULL,
  `uploaded_by` bigint(20) unsigned NOT NULL,
  `file_name` varchar(255) NOT NULL,
  `file_path` varchar(255) NOT NULL,
  `file_type` varchar(255) DEFAULT NULL,
  `file_size` int(11) DEFAULT NULL,
  `created_at` timestamp NULL DEFAULT NULL,
  `updated_at` timestamp NULL DEFAULT NULL,
  PRIMARY KEY (`id`),
  KEY `task_attachments_uploaded_by_foreign` (`uploaded_by`),
  KEY `task_attachments_task_id_index` (`task_id`),
  CONSTRAINT `task_attachments_task_id_foreign` FOREIGN KEY (`task_id`) REFERENCES `tasks` (`id`) ON DELETE CASCADE,
  CONSTRAINT `task_attachments_uploaded_by_foreign` FOREIGN KEY (`uploaded_by`) REFERENCES `users` (`id`) ON DELETE CASCADE
) ENGINE=InnoDB DEFAULT CHARSET=utf8mb4 COLLATE=utf8mb4_unicode_ci;
/*!40101 SET character_set_client = @saved_cs_client */;

--
-- Dumping data for table `task_attachments`
--

LOCK TABLES `task_attachments` WRITE;
/*!40000 ALTER TABLE `task_attachments` DISABLE KEYS */;
set autocommit=0;
/*!40000 ALTER TABLE `task_attachments` ENABLE KEYS */;
UNLOCK TABLES;
commit;

--
-- Table structure for table `task_comments`
--

DROP TABLE IF EXISTS `task_comments`;
/*!40101 SET @saved_cs_client     = @@character_set_client */;
/*!40101 SET character_set_client = utf8mb4 */;
CREATE TABLE `task_comments` (
  `id` bigint(20) unsigned NOT NULL AUTO_INCREMENT,
  `task_id` bigint(20) unsigned NOT NULL,
  `user_id` bigint(20) unsigned NOT NULL,
  `comment` text NOT NULL,
  `created_at` timestamp NULL DEFAULT NULL,
  `updated_at` timestamp NULL DEFAULT NULL,
  PRIMARY KEY (`id`),
  KEY `task_comments_user_id_foreign` (`user_id`),
  KEY `task_comments_task_id_index` (`task_id`),
  CONSTRAINT `task_comments_task_id_foreign` FOREIGN KEY (`task_id`) REFERENCES `tasks` (`id`) ON DELETE CASCADE,
  CONSTRAINT `task_comments_user_id_foreign` FOREIGN KEY (`user_id`) REFERENCES `users` (`id`) ON DELETE CASCADE
) ENGINE=InnoDB DEFAULT CHARSET=utf8mb4 COLLATE=utf8mb4_unicode_ci;
/*!40101 SET character_set_client = @saved_cs_client */;

--
-- Dumping data for table `task_comments`
--

LOCK TABLES `task_comments` WRITE;
/*!40000 ALTER TABLE `task_comments` DISABLE KEYS */;
set autocommit=0;
/*!40000 ALTER TABLE `task_comments` ENABLE KEYS */;
UNLOCK TABLES;
commit;

--
-- Table structure for table `task_logs`
--

DROP TABLE IF EXISTS `task_logs`;
/*!40101 SET @saved_cs_client     = @@character_set_client */;
/*!40101 SET character_set_client = utf8mb4 */;
CREATE TABLE `task_logs` (
  `id` bigint(20) unsigned NOT NULL AUTO_INCREMENT,
  `task_id` bigint(20) unsigned NOT NULL,
  `user_id` bigint(20) unsigned NOT NULL,
  `action` varchar(255) NOT NULL,
  `old_values` longtext CHARACTER SET utf8mb4 COLLATE utf8mb4_bin DEFAULT NULL CHECK (json_valid(`old_values`)),
  `new_values` longtext CHARACTER SET utf8mb4 COLLATE utf8mb4_bin DEFAULT NULL CHECK (json_valid(`new_values`)),
  `created_at` timestamp NULL DEFAULT NULL,
  `updated_at` timestamp NULL DEFAULT NULL,
  PRIMARY KEY (`id`),
  KEY `task_logs_user_id_foreign` (`user_id`),
  KEY `task_logs_task_id_created_at_index` (`task_id`,`created_at`),
  CONSTRAINT `task_logs_task_id_foreign` FOREIGN KEY (`task_id`) REFERENCES `tasks` (`id`) ON DELETE CASCADE,
  CONSTRAINT `task_logs_user_id_foreign` FOREIGN KEY (`user_id`) REFERENCES `users` (`id`) ON DELETE CASCADE
) ENGINE=InnoDB AUTO_INCREMENT=18 DEFAULT CHARSET=utf8mb4 COLLATE=utf8mb4_unicode_ci;
/*!40101 SET character_set_client = @saved_cs_client */;

--
-- Dumping data for table `task_logs`
--

LOCK TABLES `task_logs` WRITE;
/*!40000 ALTER TABLE `task_logs` DISABLE KEYS */;
set autocommit=0;
INSERT INTO `task_logs` VALUES
(1,1,1,'created',NULL,'{\"title\":\"\\u0627\\u0644\\u0645\\u062e\\u0627\\u0637\\u0628\\u0627\\u062a \\u0627\\u0644\\u0631\\u0633\\u0645\\u064a\\u0629 \\u0648\\u062c\\u062f\\u0648\\u0644\\u0629 \\u0627\\u0644\\u0648\\u0631\\u0634 \\u0645\\u0639 \\u0627\\u0644\\u062f\\u0648\\u0627\\u0626\\u0631 \\u0627\\u0644\\u0623\\u062e\\u0631\\u0649.\",\"description\":null,\"priority\":\"medium\",\"assigned_to\":\"4\",\"is_private\":false,\"due_date\":\"2025-12-31T20:00:00.000000Z\",\"creator_id\":1,\"status\":\"pending\",\"mission_id\":2,\"updated_at\":\"2025-12-25T06:26:48.000000Z\",\"created_at\":\"2025-12-25T06:26:48.000000Z\",\"id\":1}','2025-12-25 10:26:48','2025-12-25 10:26:48'),
(2,2,1,'created',NULL,'{\"title\":\"\\u062a\\u062d\\u0644\\u064a\\u0644 \\u0627\\u0644\\u0646\\u062a\\u0627\\u0626\\u062c \\u0627\\u0644\\u0625\\u062d\\u0635\\u0627\\u0626\\u064a\\u0629 \\u0648\\u0635\\u064a\\u0627\\u063a\\u0629 \\u0627\\u0644\\u062a\\u0642\\u0631\\u064a\\u0631 \\u0627\\u0644\\u062e\\u062a\\u0627\\u0645\\u064a \\u0644\\u0644\\u0631\\u0624\\u064a\\u0629.\",\"description\":null,\"priority\":\"medium\",\"assigned_to\":\"7\",\"is_private\":false,\"due_date\":\"2026-01-31T20:00:00.000000Z\",\"creator_id\":1,\"status\":\"pending\",\"mission_id\":2,\"updated_at\":\"2025-12-25T06:27:13.000000Z\",\"created_at\":\"2025-12-25T06:27:13.000000Z\",\"id\":2}','2025-12-25 10:27:13','2025-12-25 10:27:13'),
(3,3,1,'created',NULL,'{\"title\":\"\\u0635\\u064a\\u0627\\u063a\\u0629 \\u0627\\u0644\\u0645\\u0641\\u0627\\u0647\\u064a\\u0645 \\u0627\\u0644\\u0639\\u0644\\u0645\\u064a\\u0629 (\\u0627\\u0644\\u0623\\u0648\\u0644\\u0648\\u064a\\u0629\\u060c \\u0627\\u0644\\u0645\\u0634\\u0631\\u0648\\u0639\\u060c \\u0627\\u0644\\u0645\\u0633\\u062a\\u0647\\u062f\\u0641).\",\"description\":null,\"priority\":\"medium\",\"assigned_to\":\"6\",\"is_private\":false,\"due_date\":\"2025-12-25T20:00:00.000000Z\",\"creator_id\":1,\"status\":\"pending\",\"mission_id\":2,\"updated_at\":\"2025-12-25T06:41:29.000000Z\",\"created_at\":\"2025-12-25T06:41:29.000000Z\",\"id\":3}','2025-12-25 10:41:29','2025-12-25 10:41:29'),
(4,4,1,'created',NULL,'{\"title\":\"\\u0625\\u062e\\u0631\\u0627\\u062c \\u0627\\u0644\\u0639\\u0631\\u0648\\u0636 \\u0627\\u0644\\u062a\\u0642\\u062f\\u064a\\u0645\\u064a\\u0629 \\u0648\\u0627\\u0644\\u0648\\u0633\\u0627\\u0626\\u0644 \\u0627\\u0644\\u0628\\u0635\\u0631\\u064a\\u0629 \\u0627\\u0644\\u062a\\u0639\\u0644\\u064a\\u0645\\u064a\\u0629.\",\"description\":null,\"priority\":\"medium\",\"assigned_to\":\"5\",\"is_private\":false,\"due_date\":\"2025-12-31T20:00:00.000000Z\",\"creator_id\":1,\"status\":\"pending\",\"mission_id\":2,\"updated_at\":\"2025-12-25T06:42:20.000000Z\",\"created_at\":\"2025-12-25T06:42:20.000000Z\",\"id\":4}','2025-12-25 10:42:20','2025-12-25 10:42:20'),
(5,5,1,'created',NULL,'{\"title\":\"\\u062a\\u062c\\u0647\\u064a\\u0632 \\u0627\\u0644\\u0642\\u0627\\u0639\\u0627\\u062a \\u0648\\u0627\\u0644\\u0645\\u0637\\u0628\\u0648\\u0639\\u0627\\u062a \\u0648\\u0627\\u0644\\u062f\\u0639\\u0645 \\u0627\\u0644\\u0645\\u064a\\u062f\\u0627\\u0646\\u064a.\",\"description\":null,\"priority\":\"medium\",\"assigned_to\":\"4\",\"is_private\":false,\"due_date\":\"2025-12-31T20:00:00.000000Z\",\"creator_id\":1,\"status\":\"pending\",\"mission_id\":2,\"updated_at\":\"2025-12-25T06:42:41.000000Z\",\"created_at\":\"2025-12-25T06:42:41.000000Z\",\"id\":5}','2025-12-25 10:42:41','2025-12-25 10:42:41'),
(6,6,1,'created',NULL,'{\"title\":\"\\u0625\\u062f\\u0627\\u0631\\u0629 \\u0627\\u0644\\u0627\\u062e\\u062a\\u0628\\u0627\\u0631\\u0627\\u062a \\u0627\\u0644\\u0625\\u0644\\u0643\\u062a\\u0631\\u0648\\u0646\\u064a\\u0629 \\u0648\\u0642\\u064a\\u0627\\u0633 \\u0623\\u062b\\u0631 \\u0627\\u0644\\u062a\\u062f\\u0631\\u064a\\u0628.\",\"description\":null,\"priority\":\"medium\",\"assigned_to\":\"9\",\"is_private\":false,\"due_date\":\"2026-01-24T20:00:00.000000Z\",\"creator_id\":1,\"status\":\"pending\",\"mission_id\":2,\"updated_at\":\"2025-12-25T06:43:08.000000Z\",\"created_at\":\"2025-12-25T06:43:08.000000Z\",\"id\":6}','2025-12-25 10:43:08','2025-12-25 10:43:08'),
(7,7,1,'created',NULL,'{\"title\":\"\\u0631\\u0641\\u0639 \\u0627\\u0644\\u062a\\u0642\\u0631\\u064a\\u0631 \\u0627\\u0644\\u0646\\u0647\\u0627\\u0626\\u064a \\u0644\\u0645\\u062f\\u064a\\u0631 \\u0627\\u0644\\u062f\\u0627\\u0626\\u0631\\u0629 \\u0644\\u0627\\u0639\\u062a\\u0645\\u0627\\u062f\\u0647 \\u0636\\u0645\\u0646 \\u0625\\u0646\\u062c\\u0627\\u0632\\u0627\\u062a \\u0627\\u0644\\u0631\\u0624\\u064a\\u0629 \\u0644\\u0639\\u0627\\u0645 2025.\",\"description\":null,\"priority\":\"medium\",\"assigned_to\":\"8\",\"is_private\":false,\"due_date\":\"2026-01-30T20:00:00.000000Z\",\"creator_id\":1,\"status\":\"pending\",\"mission_id\":2,\"updated_at\":\"2025-12-25T06:43:37.000000Z\",\"created_at\":\"2025-12-25T06:43:37.000000Z\",\"id\":7}','2025-12-25 10:43:37','2025-12-25 10:43:37'),
(8,8,1,'created',NULL,'{\"title\":\"\\u062a\\u0642\\u0631\\u064a\\u0631 \\u0627\\u0644\\u0623\\u062f\\u0627\\u0621 \\u0627\\u0644\\u0645\\u0624\\u0633\\u0633\\u064a\",\"description\":\"\\u062d\\u0635\\u0631 \\u0627\\u0644\\u0645\\u0624\\u0634\\u0631\\u0627\\u062a\",\"priority\":\"high\",\"assigned_to\":\"5\",\"is_private\":false,\"due_date\":\"2025-12-30T20:00:00.000000Z\",\"creator_id\":1,\"status\":\"pending\",\"mission_id\":2,\"updated_at\":\"2025-12-25T07:11:52.000000Z\",\"created_at\":\"2025-12-25T07:11:52.000000Z\",\"id\":8}','2025-12-25 11:11:52','2025-12-25 11:11:52'),
(9,1,1,'status_changed','{\"status\":\"pending\"}','{\"status\":\"in_progress\"}','2025-12-25 11:12:10','2025-12-25 11:12:10'),
(10,1,1,'status_changed','{\"status\":\"in_progress\"}','{\"status\":\"completed\"}','2025-12-26 16:45:53','2025-12-26 16:45:53'),
(11,7,1,'status_changed','{\"status\":\"pending\"}','{\"status\":\"in_progress\"}','2025-12-26 16:45:56','2025-12-26 16:45:56'),
(12,8,1,'status_changed','{\"status\":\"pending\"}','{\"status\":\"in_progress\"}','2025-12-26 16:46:00','2025-12-26 16:46:00'),
(13,3,1,'status_changed','{\"status\":\"pending\"}','{\"status\":\"in_progress\"}','2025-12-26 16:46:04','2025-12-26 16:46:04'),
(14,3,1,'status_changed','{\"status\":\"in_progress\"}','{\"status\":\"cancelled\"}','2025-12-30 21:27:11','2025-12-30 21:27:11'),
(15,8,1,'status_changed','{\"status\":\"in_progress\"}','{\"status\":\"completed\"}','2026-01-05 11:34:30','2026-01-05 11:34:30'),
(16,7,1,'status_changed','{\"status\":\"in_progress\"}','{\"status\":\"completed\"}','2026-01-05 12:58:26','2026-01-05 12:58:26'),
(17,8,1,'status_changed','{\"status\":\"completed\"}','{\"status\":\"in_progress\"}','2026-01-05 12:58:28','2026-01-05 12:58:28');
/*!40000 ALTER TABLE `task_logs` ENABLE KEYS */;
UNLOCK TABLES;
commit;

--
-- Table structure for table `tasks`
--

DROP TABLE IF EXISTS `tasks`;
/*!40101 SET @saved_cs_client     = @@character_set_client */;
/*!40101 SET character_set_client = utf8mb4 */;
CREATE TABLE `tasks` (
  `id` bigint(20) unsigned NOT NULL AUTO_INCREMENT,
  `mission_id` bigint(20) unsigned NOT NULL,
  `title` varchar(255) NOT NULL,
  `description` text DEFAULT NULL,
  `priority` enum('high','medium','low') NOT NULL DEFAULT 'medium',
  `status` enum('pending','in_progress','completed','cancelled') NOT NULL DEFAULT 'pending',
  `is_private` tinyint(1) NOT NULL DEFAULT 0,
  `creator_id` bigint(20) unsigned NOT NULL,
  `assigned_to` bigint(20) unsigned DEFAULT NULL,
  `due_date` date DEFAULT NULL,
  `completed_at` timestamp NULL DEFAULT NULL,
  `order` int(11) NOT NULL DEFAULT 0,
  `created_at` timestamp NULL DEFAULT NULL,
  `updated_at` timestamp NULL DEFAULT NULL,
  `deleted_at` timestamp NULL DEFAULT NULL,
  PRIMARY KEY (`id`),
  KEY `tasks_assigned_to_foreign` (`assigned_to`),
  KEY `tasks_mission_id_assigned_to_status_index` (`mission_id`,`assigned_to`,`status`),
  KEY `tasks_creator_id_is_private_index` (`creator_id`,`is_private`),
  KEY `tasks_priority_index` (`priority`),
  CONSTRAINT `tasks_assigned_to_foreign` FOREIGN KEY (`assigned_to`) REFERENCES `users` (`id`) ON DELETE SET NULL,
  CONSTRAINT `tasks_creator_id_foreign` FOREIGN KEY (`creator_id`) REFERENCES `users` (`id`) ON DELETE CASCADE,
  CONSTRAINT `tasks_mission_id_foreign` FOREIGN KEY (`mission_id`) REFERENCES `missions` (`id`) ON DELETE CASCADE
) ENGINE=InnoDB AUTO_INCREMENT=9 DEFAULT CHARSET=utf8mb4 COLLATE=utf8mb4_unicode_ci;
/*!40101 SET character_set_client = @saved_cs_client */;

--
-- Dumping data for table `tasks`
--

LOCK TABLES `tasks` WRITE;
/*!40000 ALTER TABLE `tasks` DISABLE KEYS */;
set autocommit=0;
INSERT INTO `tasks` VALUES
(1,2,'المخاطبات الرسمية وجدولة الورش مع الدوائر الأخرى.',NULL,'medium','completed',0,1,4,'2026-01-01','2025-12-26 16:45:53',0,'2025-12-25 10:26:48','2025-12-26 16:45:53',NULL),
(2,2,'تحليل النتائج الإحصائية وصياغة التقرير الختامي للرؤية.',NULL,'medium','pending',0,1,7,'2026-02-01',NULL,0,'2025-12-25 10:27:13','2025-12-25 10:27:13',NULL),
(3,2,'صياغة المفاهيم العلمية (الأولوية، المشروع، المستهدف).',NULL,'medium','cancelled',0,1,6,'2025-12-26',NULL,0,'2025-12-25 10:41:29','2025-12-30 21:27:11',NULL),
(4,2,'إخراج العروض التقديمية والوسائل البصرية التعليمية.',NULL,'medium','pending',0,1,5,'2026-01-01',NULL,0,'2025-12-25 10:42:20','2025-12-25 10:42:20',NULL),
(5,2,'تجهيز القاعات والمطبوعات والدعم الميداني.',NULL,'medium','pending',0,1,4,'2026-01-01',NULL,0,'2025-12-25 10:42:41','2025-12-25 10:42:41',NULL),
(6,2,'إدارة الاختبارات الإلكترونية وقياس أثر التدريب.',NULL,'medium','pending',0,1,9,'2026-01-25',NULL,0,'2025-12-25 10:43:08','2025-12-25 10:43:08',NULL),
(7,2,'رفع التقرير النهائي لمدير الدائرة لاعتماده ضمن إنجازات الرؤية لعام 2025.',NULL,'medium','completed',0,1,8,'2026-01-31','2026-01-05 12:58:26',0,'2025-12-25 10:43:37','2026-01-05 12:58:26',NULL),
(8,2,'تقرير الأداء المؤسسي','حصر المؤشرات','high','in_progress',0,1,5,'2025-12-31',NULL,0,'2025-12-25 11:11:52','2026-01-05 12:58:28',NULL);
/*!40000 ALTER TABLE `tasks` ENABLE KEYS */;
UNLOCK TABLES;
commit;

--
-- Table structure for table `user_workflow_team`
--

DROP TABLE IF EXISTS `user_workflow_team`;
/*!40101 SET @saved_cs_client     = @@character_set_client */;
/*!40101 SET character_set_client = utf8mb4 */;
CREATE TABLE `user_workflow_team` (
  `id` bigint(20) unsigned NOT NULL AUTO_INCREMENT,
  `user_id` bigint(20) unsigned NOT NULL,
  `workflow_team_id` bigint(20) unsigned NOT NULL,
  `created_at` timestamp NULL DEFAULT NULL,
  `updated_at` timestamp NULL DEFAULT NULL,
  PRIMARY KEY (`id`),
  UNIQUE KEY `user_workflow_team_user_id_workflow_team_id_unique` (`user_id`,`workflow_team_id`),
  KEY `user_workflow_team_workflow_team_id_foreign` (`workflow_team_id`),
  CONSTRAINT `user_workflow_team_user_id_foreign` FOREIGN KEY (`user_id`) REFERENCES `users` (`id`) ON DELETE CASCADE,
  CONSTRAINT `user_workflow_team_workflow_team_id_foreign` FOREIGN KEY (`workflow_team_id`) REFERENCES `workflow_teams` (`id`) ON DELETE CASCADE
) ENGINE=InnoDB AUTO_INCREMENT=12 DEFAULT CHARSET=utf8mb4 COLLATE=utf8mb4_unicode_ci;
/*!40101 SET character_set_client = @saved_cs_client */;

--
-- Dumping data for table `user_workflow_team`
--

LOCK TABLES `user_workflow_team` WRITE;
/*!40000 ALTER TABLE `user_workflow_team` DISABLE KEYS */;
set autocommit=0;
INSERT INTO `user_workflow_team` VALUES
(1,3,1,'2026-01-18 21:51:37','2026-01-18 21:51:37'),
(2,7,1,'2026-01-18 21:51:37','2026-01-18 21:51:37'),
(3,9,1,'2026-01-18 21:51:37','2026-01-18 21:51:37'),
(4,8,1,'2026-01-18 21:51:37','2026-01-18 21:51:37'),
(5,10,1,'2026-01-18 21:51:37','2026-01-18 21:51:37'),
(6,4,1,'2026-01-18 21:51:37','2026-01-18 21:51:37'),
(7,5,1,'2026-01-18 21:51:37','2026-01-18 21:51:37'),
(8,2,1,'2026-01-18 21:51:37','2026-01-18 21:51:37'),
(9,6,1,'2026-01-18 21:51:37','2026-01-18 21:51:37'),
(10,5,2,'2026-01-18 21:57:51','2026-01-18 21:57:51'),
(11,2,2,'2026-01-18 21:57:51','2026-01-18 21:57:51');
/*!40000 ALTER TABLE `user_workflow_team` ENABLE KEYS */;
UNLOCK TABLES;
commit;

--
-- Table structure for table `users`
--

DROP TABLE IF EXISTS `users`;
/*!40101 SET @saved_cs_client     = @@character_set_client */;
/*!40101 SET character_set_client = utf8mb4 */;
CREATE TABLE `users` (
  `id` bigint(20) unsigned NOT NULL AUTO_INCREMENT,
  `name` varchar(255) NOT NULL,
  `email` varchar(255) NOT NULL,
  `avatar` varchar(255) DEFAULT NULL,
  `active_role_id` bigint(20) unsigned DEFAULT NULL,
  `email_verified_at` timestamp NULL DEFAULT NULL,
  `password` varchar(255) NOT NULL,
  `remember_token` varchar(100) DEFAULT NULL,
  `created_at` timestamp NULL DEFAULT NULL,
  `updated_at` timestamp NULL DEFAULT NULL,
  PRIMARY KEY (`id`),
  UNIQUE KEY `users_email_unique` (`email`)
) ENGINE=InnoDB AUTO_INCREMENT=11 DEFAULT CHARSET=utf8mb4 COLLATE=utf8mb4_unicode_ci;
/*!40101 SET character_set_client = @saved_cs_client */;

--
-- Dumping data for table `users`
--

LOCK TABLES `users` WRITE;
/*!40000 ALTER TABLE `users` DISABLE KEYS */;
set autocommit=0;
INSERT INTO `users` VALUES
(1,'إدارة النظام','admin@ehkam.com',NULL,NULL,NULL,'$2y$12$HmtJ/l22/h1HVJb7KatrXOC5YOGWaGrZnCxu5B8N/HTMHIStHSxuS','obT3W9XK1owkZr7FgLCPZUpjcozZjwbO2vBavFluBTANucTfYyAwBMEnrPIf','2025-10-11 09:46:11','2025-10-19 15:34:03'),
(2,'محمد الخروصي','mohamed@company.com',NULL,NULL,NULL,'$2y$12$ArUWPX4.tv7gxojvBT3oIe0ugxd6rLGbPXcNpxVHYiTgLf39oxMWO',NULL,'2025-10-19 11:32:13','2025-10-19 11:32:13'),
(3,'أحمد العوفي','ahmedalofi23@gmail.com',NULL,NULL,NULL,'$2y$12$ArUWPX4.tv7gxojvBT3oIe0ugxd6rLGbPXcNpxVHYiTgLf39oxMWO',NULL,'2025-10-19 11:32:13','2025-10-19 11:32:13'),
(4,'حمدان الخاطري','albrzh.net@gmail.com',NULL,NULL,NULL,'$2y$12$ArUWPX4.tv7gxojvBT3oIe0ugxd6rLGbPXcNpxVHYiTgLf39oxMWO',NULL,'2025-10-19 11:32:13','2025-10-19 11:32:13'),
(5,'حميد المعمري','ha91424464@gmail.com',NULL,NULL,NULL,'$2y$12$ArUWPX4.tv7gxojvBT3oIe0ugxd6rLGbPXcNpxVHYiTgLf39oxMWO',NULL,'2025-10-19 11:32:13','2025-10-19 11:32:13'),
(6,'مسعود المعولي','palningmara@gmail.com',NULL,NULL,NULL,'$2y$12$ArUWPX4.tv7gxojvBT3oIe0ugxd6rLGbPXcNpxVHYiTgLf39oxMWO',NULL,'2025-10-19 11:32:13','2025-10-19 11:32:13'),
(7,'إبراهيم البيماني','abukhalil2b@gmail.com',NULL,NULL,NULL,'$2y$12$ArUWPX4.tv7gxojvBT3oIe0ugxd6rLGbPXcNpxVHYiTgLf39oxMWO',NULL,'2025-10-19 11:32:13','2025-10-19 11:32:13'),
(8,'جمال الهنائي','jeeb2020@gmail.com',NULL,NULL,NULL,'$2y$12$ArUWPX4.tv7gxojvBT3oIe0ugxd6rLGbPXcNpxVHYiTgLf39oxMWO',NULL,'2025-10-19 11:32:13','2025-10-19 11:32:13'),
(9,'إيمان الهدابي','imansaid988@gmail.com',NULL,NULL,NULL,'$2y$12$ArUWPX4.tv7gxojvBT3oIe0ugxd6rLGbPXcNpxVHYiTgLf39oxMWO',NULL,'2025-10-19 11:32:13','2025-10-19 11:32:13'),
(10,'حمدان البادي','hamdankhelfan@gmail.com',NULL,NULL,NULL,'$2y$12$6L.Ztrwyvg.JOrNXHoFOS..28nLcfXppUZWzMWn4lZnfAgw7fP3ie',NULL,'2025-12-14 11:39:51','2025-12-14 11:39:51');
/*!40000 ALTER TABLE `users` ENABLE KEYS */;
UNLOCK TABLES;
commit;

--
-- Table structure for table `workflow_instances`
--

DROP TABLE IF EXISTS `workflow_instances`;
/*!40101 SET @saved_cs_client     = @@character_set_client */;
/*!40101 SET character_set_client = utf8mb4 */;
CREATE TABLE `workflow_instances` (
  `id` bigint(20) unsigned NOT NULL AUTO_INCREMENT,
  `workflow_id` bigint(20) unsigned NOT NULL,
  `workflowable_type` varchar(255) NOT NULL,
  `workflowable_id` bigint(20) unsigned NOT NULL,
  `current_stage_id` bigint(20) unsigned DEFAULT NULL,
  `creator_id` bigint(20) unsigned DEFAULT NULL,
  `status` enum('draft','in_progress','completed','returned','rejected','delayed') NOT NULL DEFAULT 'draft',
  `stage_due_at` timestamp NULL DEFAULT NULL,
  `escalation_level` tinyint(4) NOT NULL DEFAULT 0,
  `created_at` timestamp NULL DEFAULT NULL,
  `updated_at` timestamp NULL DEFAULT NULL,
  PRIMARY KEY (`id`),
  UNIQUE KEY `workflow_instances_workflowable_type_workflowable_id_unique` (`workflowable_type`,`workflowable_id`),
  KEY `workflow_instances_workflow_id_foreign` (`workflow_id`),
  KEY `workflow_instances_workflowable_type_workflowable_id_index` (`workflowable_type`,`workflowable_id`),
  KEY `workflow_instances_current_stage_id_foreign` (`current_stage_id`),
  KEY `workflow_instances_creator_id_foreign` (`creator_id`),
  CONSTRAINT `workflow_instances_creator_id_foreign` FOREIGN KEY (`creator_id`) REFERENCES `users` (`id`) ON DELETE SET NULL,
  CONSTRAINT `workflow_instances_current_stage_id_foreign` FOREIGN KEY (`current_stage_id`) REFERENCES `workflow_stages` (`id`) ON DELETE SET NULL,
  CONSTRAINT `workflow_instances_workflow_id_foreign` FOREIGN KEY (`workflow_id`) REFERENCES `workflows` (`id`) ON DELETE CASCADE
) ENGINE=InnoDB AUTO_INCREMENT=6 DEFAULT CHARSET=utf8mb4 COLLATE=utf8mb4_unicode_ci;
/*!40101 SET character_set_client = @saved_cs_client */;

--
-- Dumping data for table `workflow_instances`
--

LOCK TABLES `workflow_instances` WRITE;
/*!40000 ALTER TABLE `workflow_instances` DISABLE KEYS */;
set autocommit=0;
/*!40000 ALTER TABLE `workflow_instances` ENABLE KEYS */;
UNLOCK TABLES;
commit;

--
-- Table structure for table `workflow_requirements`
--

DROP TABLE IF EXISTS `workflow_requirements`;
/*!40101 SET @saved_cs_client     = @@character_set_client */;
/*!40101 SET character_set_client = utf8mb4 */;
CREATE TABLE `workflow_requirements` (
  `id` bigint(20) unsigned NOT NULL AUTO_INCREMENT,
  `workflow_transition_id` bigint(20) unsigned NOT NULL,
  `file_name` varchar(255) NOT NULL,
  `file_path` varchar(255) NOT NULL,
  `mime_type` varchar(255) NOT NULL,
  `size_kb` int(10) unsigned NOT NULL,
  `created_at` timestamp NULL DEFAULT NULL,
  `updated_at` timestamp NULL DEFAULT NULL,
  PRIMARY KEY (`id`),
  KEY `workflow_transition_id` (`workflow_transition_id`),
  CONSTRAINT `1` FOREIGN KEY (`workflow_transition_id`) REFERENCES `workflow_transitions` (`id`) ON DELETE CASCADE
) ENGINE=InnoDB DEFAULT CHARSET=utf8mb4 COLLATE=utf8mb4_unicode_ci;
/*!40101 SET character_set_client = @saved_cs_client */;

--
-- Dumping data for table `workflow_requirements`
--

LOCK TABLES `workflow_requirements` WRITE;
/*!40000 ALTER TABLE `workflow_requirements` DISABLE KEYS */;
set autocommit=0;
/*!40000 ALTER TABLE `workflow_requirements` ENABLE KEYS */;
UNLOCK TABLES;
commit;

--
-- Table structure for table `workflow_stages`
--

DROP TABLE IF EXISTS `workflow_stages`;
/*!40101 SET @saved_cs_client     = @@character_set_client */;
/*!40101 SET character_set_client = utf8mb4 */;
CREATE TABLE `workflow_stages` (
  `id` bigint(20) unsigned NOT NULL AUTO_INCREMENT,
  `workflow_id` bigint(20) unsigned NOT NULL,
  `team_id` bigint(20) unsigned NOT NULL,
  `order` int(11) NOT NULL,
  `name` varchar(255) NOT NULL,
  `can_approve` tinyint(1) NOT NULL DEFAULT 1,
  `can_return` tinyint(1) NOT NULL DEFAULT 1,
  `assignment_type` enum('team','user','role') NOT NULL DEFAULT 'team',
  `meta` longtext CHARACTER SET utf8mb4 COLLATE utf8mb4_bin DEFAULT NULL CHECK (json_valid(`meta`)),
  `allowed_days` int(11) DEFAULT NULL,
  `created_at` timestamp NULL DEFAULT NULL,
  `updated_at` timestamp NULL DEFAULT NULL,
  PRIMARY KEY (`id`),
  UNIQUE KEY `workflow_stages_workflow_id_order_unique` (`workflow_id`,`order`),
  KEY `workflow_stages_team_id_foreign` (`team_id`),
  CONSTRAINT `workflow_stages_team_id_foreign` FOREIGN KEY (`team_id`) REFERENCES `workflow_teams` (`id`) ON DELETE CASCADE,
  CONSTRAINT `workflow_stages_workflow_id_foreign` FOREIGN KEY (`workflow_id`) REFERENCES `workflows` (`id`) ON DELETE CASCADE
) ENGINE=InnoDB AUTO_INCREMENT=6 DEFAULT CHARSET=utf8mb4 COLLATE=utf8mb4_unicode_ci;
/*!40101 SET character_set_client = @saved_cs_client */;

--
-- Dumping data for table `workflow_stages`
--

LOCK TABLES `workflow_stages` WRITE;
/*!40000 ALTER TABLE `workflow_stages` DISABLE KEYS */;
set autocommit=0;
INSERT INTO `workflow_stages` VALUES
(1,1,1,10,'اقتراح المشاريع',1,1,'team',NULL,NULL,'2026-01-18 21:56:12','2026-01-18 21:56:12'),
(2,1,2,20,'مراجعة المشروع من مدير المشروع',0,0,'team',NULL,NULL,'2026-01-18 21:57:08','2026-01-20 15:02:09'),
(3,1,1,30,'اعتماد الخطة التفصيلية',1,1,'team',NULL,NULL,'2026-01-18 21:59:56','2026-01-18 21:59:56'),
(4,1,2,40,'مرحلة تنفيذ خطوات المشروع',0,0,'team',NULL,NULL,'2026-01-18 22:00:25','2026-01-20 15:02:21'),
(5,1,1,50,'مراحلة مراجعة تنفيذ الإجراءات مع الأدلة الداعمة',1,1,'team',NULL,NULL,'2026-01-18 22:01:02','2026-01-18 22:01:02');
/*!40000 ALTER TABLE `workflow_stages` ENABLE KEYS */;
UNLOCK TABLES;
commit;

--
-- Table structure for table `workflow_teams`
--

DROP TABLE IF EXISTS `workflow_teams`;
/*!40101 SET @saved_cs_client     = @@character_set_client */;
/*!40101 SET character_set_client = utf8mb4 */;
CREATE TABLE `workflow_teams` (
  `id` bigint(20) unsigned NOT NULL AUTO_INCREMENT,
  `name` varchar(255) NOT NULL,
  `description` text DEFAULT NULL,
  `created_at` timestamp NULL DEFAULT NULL,
  `updated_at` timestamp NULL DEFAULT NULL,
  PRIMARY KEY (`id`)
) ENGINE=InnoDB AUTO_INCREMENT=3 DEFAULT CHARSET=utf8mb4 COLLATE=utf8mb4_unicode_ci;
/*!40101 SET character_set_client = @saved_cs_client */;

--
-- Dumping data for table `workflow_teams`
--

LOCK TABLES `workflow_teams` WRITE;
/*!40000 ALTER TABLE `workflow_teams` DISABLE KEYS */;
set autocommit=0;
INSERT INTO `workflow_teams` VALUES
(1,'فريق التخطيط',NULL,'2026-01-18 21:51:37','2026-01-18 21:51:37'),
(2,'فريق التنفيذ في مديرية الوعظ',NULL,'2026-01-18 21:57:51','2026-01-18 21:57:51');
/*!40000 ALTER TABLE `workflow_teams` ENABLE KEYS */;
UNLOCK TABLES;
commit;

--
-- Table structure for table `workflow_transitions`
--

DROP TABLE IF EXISTS `workflow_transitions`;
/*!40101 SET @saved_cs_client     = @@character_set_client */;
/*!40101 SET character_set_client = utf8mb4 */;
CREATE TABLE `workflow_transitions` (
  `id` bigint(20) unsigned NOT NULL AUTO_INCREMENT,
  `workflowable_type` varchar(255) NOT NULL,
  `workflowable_id` bigint(20) unsigned NOT NULL,
  `actor_id` bigint(20) unsigned DEFAULT NULL,
  `from_stage_id` bigint(20) unsigned DEFAULT NULL,
  `to_stage_id` bigint(20) unsigned DEFAULT NULL,
  `action` enum('submit','approve','return','reject') NOT NULL,
  `comments` text DEFAULT NULL,
  `created_at` timestamp NULL DEFAULT NULL,
  `updated_at` timestamp NULL DEFAULT NULL,
  PRIMARY KEY (`id`),
  KEY `workflowable_index` (`workflowable_type`,`workflowable_id`),
  KEY `actor_id` (`actor_id`),
  KEY `from_stage_id` (`from_stage_id`),
  KEY `to_stage_id` (`to_stage_id`)
) ENGINE=InnoDB AUTO_INCREMENT=11 DEFAULT CHARSET=utf8mb4 COLLATE=utf8mb4_unicode_ci;
/*!40101 SET character_set_client = @saved_cs_client */;

--
-- Dumping data for table `workflow_transitions`
--

LOCK TABLES `workflow_transitions` WRITE;
/*!40000 ALTER TABLE `workflow_transitions` DISABLE KEYS */;
set autocommit=0;
/*!40000 ALTER TABLE `workflow_transitions` ENABLE KEYS */;
UNLOCK TABLES;
commit;

--
-- Table structure for table `workflows`
--

DROP TABLE IF EXISTS `workflows`;
/*!40101 SET @saved_cs_client     = @@character_set_client */;
/*!40101 SET character_set_client = utf8mb4 */;
CREATE TABLE `workflows` (
  `id` bigint(20) unsigned NOT NULL AUTO_INCREMENT,
  `name` varchar(255) NOT NULL,
  `description` text DEFAULT NULL,
  `is_active` tinyint(1) NOT NULL DEFAULT 1,
  `entity_type` varchar(255) NOT NULL DEFAULT 'App\\Models\\Activity',
  `created_at` timestamp NULL DEFAULT NULL,
  `updated_at` timestamp NULL DEFAULT NULL,
  PRIMARY KEY (`id`),
  UNIQUE KEY `entity_type` (`entity_type`)
) ENGINE=InnoDB AUTO_INCREMENT=5 DEFAULT CHARSET=utf8mb4 COLLATE=utf8mb4_unicode_ci;
/*!40101 SET character_set_client = @saved_cs_client */;

--
-- Dumping data for table `workflows`
--

LOCK TABLES `workflows` WRITE;
/*!40000 ALTER TABLE `workflows` DISABLE KEYS */;
set autocommit=0;
INSERT INTO `workflows` VALUES
(1,'سير إجراء إعداد الخطط التفصيلية للأنشطة','سير عمل لمراجعة وإعتماد الخطط التفصيلية ومتابعة تنفيذ إجراءات المشاريع واعتماد الأدلة الداعمة',1,'App\\Models\\Activity','2026-01-18 21:55:39','2026-01-18 21:55:39');
/*!40000 ALTER TABLE `workflows` ENABLE KEYS */;
UNLOCK TABLES;
commit;

--
-- Table structure for table `workshop_attendances`
--

DROP TABLE IF EXISTS `workshop_attendances`;
/*!40101 SET @saved_cs_client     = @@character_set_client */;
/*!40101 SET character_set_client = utf8mb4 */;
CREATE TABLE `workshop_attendances` (
  `id` bigint(20) unsigned NOT NULL AUTO_INCREMENT,
  `workshop_id` bigint(20) unsigned NOT NULL,
  `attendee_name` varchar(255) NOT NULL,
  `job_title` varchar(255) DEFAULT NULL,
  `department` varchar(255) DEFAULT NULL,
  `created_at` timestamp NULL DEFAULT NULL,
  `updated_at` timestamp NULL DEFAULT NULL,
  PRIMARY KEY (`id`),
  KEY `workshop_attendances_workshop_id_index` (`workshop_id`),
  CONSTRAINT `workshop_attendances_workshop_id_foreign` FOREIGN KEY (`workshop_id`) REFERENCES `workshops` (`id`) ON DELETE CASCADE
) ENGINE=InnoDB AUTO_INCREMENT=70 DEFAULT CHARSET=utf8mb4 COLLATE=utf8mb4_unicode_ci;
/*!40101 SET character_set_client = @saved_cs_client */;

--
-- Dumping data for table `workshop_attendances`
--

LOCK TABLES `workshop_attendances` WRITE;
/*!40000 ALTER TABLE `workshop_attendances` DISABLE KEYS */;
set autocommit=0;
INSERT INTO `workshop_attendances` VALUES
(17,1,'ابراهيم بن عبدالله البيماني','رئيس قسم الإحصاء','دائرة التخطيط','2025-11-02 21:39:25','2025-11-02 21:39:25'),
(18,1,'أحمد بن محمد بن عبدالله العوفي','مدير دائرة التخطيط والإحصاء','دائرة التخطيط','2025-11-02 21:39:25','2025-11-02 21:39:25'),
(19,1,'حمدان بن راشد الخاطري',NULL,'دائرة التخطيط','2025-11-02 21:39:25','2025-11-02 21:39:25'),
(20,1,'هلال بن ناصر بن علي القصابي','المدير المساعد بدائرة الأوقاف بيت المال','دائرة الأوقاف وبيت المال','2025-11-02 21:39:25','2025-11-02 21:39:25'),
(21,1,'جمال بن جابر بن خالد الهنائي',NULL,'دائرة التخطيط','2025-11-02 21:39:25','2025-11-02 21:39:25'),
(22,1,'رحاب بنت علي بن حمد الوهيبية','كاتبة شؤون مالية','دائرة التدقيق الداخلي','2025-11-02 21:39:25','2025-11-02 21:39:25'),
(23,1,'انتصار بن مبارك عبدالله الضامرية','باحثة شؤون إدارية','دائرة  التدقيق الداخلي','2025-11-02 21:39:25','2025-11-02 21:39:25'),
(24,1,'مصطفى محمد العلوي','مدير مختص','مدريرية التخطيط والدراسات','2025-11-02 21:39:25','2025-11-02 21:39:25'),
(25,1,'إدريس بن ناصر المعمري','رئيس قسم تنمية الأصول والاملاك','اموال الايتام والقصر','2025-11-02 21:39:25','2025-11-02 21:39:25'),
(26,1,'حميد سالم ناصر المعمري','رئيس قسم الجودة','مديرية التخطيط','2025-11-02 21:39:25','2025-11-02 21:39:25'),
(27,1,'ناصر بن سعيد بن ناصر المسكري','مهندس مدني','دائرة المنشات والصيانة','2025-11-02 21:39:25','2025-11-02 21:39:25'),
(28,1,'إيمان بنت سعيد بن سليمان الهدابية','أخصائية تخطيط ومتابعة','دائرة التخطيط والإحصاء','2025-11-02 21:39:25','2025-11-02 21:39:25'),
(29,1,'عدي بن سعيد بن سيف المعولي','المدير المساعد بدائرة الأوقاف وبيت المال لشؤون الأوقاف وبيت المال','دائرة الأوقاف وبيت المال','2025-11-02 21:39:25','2025-11-02 21:39:25'),
(30,1,'الأشرف بن منصور بن علي الهنائي','رئيس قسم الأصول والأملاك','دائرة إعمار المساجد ومدارس القرآن الكريم','2025-11-02 21:39:25','2025-11-02 21:39:25'),
(31,1,'احمد بن سعيد بن محمد العامري','باحث شؤون اسلاميه','مكتب الوكيل','2025-11-02 21:39:25','2025-11-02 21:39:25'),
(32,1,'مسعود المعولي','رئيس قسم التخطيط','دائرة التخطيط','2025-11-02 21:39:25','2025-11-02 21:39:25'),
(33,2,'حمدان بن راشد الخاطري','مدير مساعد','التخطيط والإحصاء','2025-11-03 08:18:09','2025-11-03 08:18:09'),
(34,2,'جمال بن جابر بن خالد الهنائي',NULL,'دائرة التخطيط','2025-11-03 08:27:06','2025-11-03 08:27:06'),
(35,2,'أحمد بن سعيد بن محمد العامري','باحث شؤون إسلامية','مكتب الوكيل','2025-11-03 08:37:34','2025-11-03 08:37:34'),
(36,2,'رحاب بنت علي بن حمد الوهيبية','كاتبة شؤون مالية','دائرة التدقيق الداخلي','2025-11-03 08:39:05','2025-11-03 08:39:05'),
(37,2,'انتصار بنت عبدالله الضامريه','باحثة شؤون إداريه','التدقيق الداخلي','2025-11-03 08:39:06','2025-11-03 08:39:06'),
(38,2,'مصطفى محمد العلوي','مدير مختص','مديرية التخطيط والدراسات','2025-11-03 08:39:43','2025-11-03 08:39:43'),
(39,2,'ابراهيم بن عبدالله بن سليمان البيماني','رئيس قسم الإحصاء','دائرة التخطيط','2025-11-03 08:40:11','2025-11-03 08:40:11'),
(40,2,'أحمد بن سالم بن سويد البكاري','مدير دائرة القرآن الكريم','دائرة القرآن الكريم','2025-11-03 08:40:57','2025-11-03 08:40:57'),
(41,2,'أحمد بن راشد بن هاشل الذيابي','رئيس قسم استراتيجيات تعليم القرآن الكريم','دائرة القران الكريم','2025-11-03 08:41:13','2025-11-03 08:41:13'),
(42,2,'إيمان بنت سعيد الهدابية','أخصائية تخطيط ومتابعة','دائرة التخطيط والإحصاء','2025-11-03 08:47:35','2025-11-03 08:47:35'),
(43,2,'حميد بن سالم المعمري','رئيس قسم الجودة','التخطيط والدراسات','2025-11-03 10:31:59','2025-11-03 10:31:59'),
(44,2,'سلطان بن جمعة بن سالم الوهيبي','رئيس قسم البرامج القرآنية التفاعلية','دائرة القرآن الكريم','2025-11-03 13:02:19','2025-11-03 13:02:19'),
(45,2,'يوسف بن سالم بن ناصر المحروقي','رئيس قسم الأداء المؤسسي','دائرة الحكومة والأداء المؤسسي','2025-11-03 13:32:48','2025-11-03 13:32:48'),
(46,2,'شيخة بنت سعيد بن مسلم المحروقية','رئيسة قسم تعليم القرآن الكريم','دائرة التعليم والإرشاد النسوي','2025-11-03 13:33:45','2025-11-03 13:33:45'),
(47,3,'جمال بن جابر بن خالد الهنائي',NULL,'التخطيط','2025-11-04 09:00:41','2025-11-04 09:00:41'),
(48,3,'خالد بن جمعه بن سالم الصلتي','مشرف اداري','دائرة التعريف بالإسلام والتبادل الثقافي بمكتب الإفتاء','2025-11-04 09:01:02','2025-11-04 09:01:02'),
(49,3,'يوسف بن سالم بن ناصر المحروقي',NULL,'الحوكمه','2025-11-04 09:01:03','2025-11-04 09:01:03'),
(50,3,'أحمد بن محمد بن عبدالله العوفي','مدير دائرة التخطيط والإحصاء','مدير دائرة','2025-11-04 09:01:05','2025-11-04 09:01:05'),
(51,3,'ابراهيم بن عبدالله بن سليمان البيماني','رئيس قسم الإحصاء','دائرة التخطيط','2025-11-04 09:01:07','2025-11-04 09:01:07'),
(52,3,'أحمد بن سعيد بن محمد العامري','باحث شؤون إسلامية','مكتب الوكيل','2025-11-04 09:01:11','2025-11-04 09:01:11'),
(53,3,'مصطفى محمد العلوي','مدير محتص','مديرية التخطيط والدراسات','2025-11-04 09:01:22','2025-11-04 09:01:22'),
(54,3,'حسن بن سالم بن ناصر الجرداني','رئيس قسم التبادل الثقافي','دائرة التعريف بالإسلام والتبادل الثقافي','2025-11-04 09:01:25','2025-11-04 09:01:25'),
(55,3,'إبراهيم بن حمد بن سيف العزري','رئيس قسم التقويم والتطوير','مكتب الإفتاء','2025-11-04 09:01:29','2025-11-04 09:01:29'),
(56,3,'حمدان بن راشد الخاطري','المدير المساعد','التخطيط والإحصاء','2025-11-04 11:09:10','2025-11-04 11:09:10'),
(57,3,'حميد سالم  ناصر  المعمري','رئيس قسم الجودة','دائرة التخطيط والإحصاء','2025-11-04 13:08:33','2025-11-04 13:08:33'),
(58,4,'مصطفى بن محمد العلوي','مدير محتص','مديرية التخطيط والدراسات','2025-11-05 08:33:06','2025-11-05 08:33:06'),
(59,4,'جمال بن جابر بن خالد الهنائي',NULL,'التخطيط','2025-11-05 08:33:11','2025-11-05 08:33:11'),
(60,4,'قبس بن هلال بن أحمد البهلاني','المدير المساعد بدائرة الزكاة','دائرة الزكاة','2025-11-05 08:36:59','2025-11-05 08:36:59'),
(61,4,'كاملة بنت ناصر بن خلفان الحديدية','باحثة شؤون إدارية','دائرة التعليم والإرشادالنسوي','2025-11-05 08:40:04','2025-11-05 08:40:04'),
(62,4,'إبتهال بنت حارب بن سعيد الشكيلية','رئيسة قسم الوعظ والإرشاد','دائرة التعليم والإرشاد النسوي','2025-11-05 08:40:13','2025-11-05 08:40:13'),
(63,4,'إيمان بنت سعيد بن سليمان الهدابية','أخصائية تخطيط ومتابعة','دائرة التخطيط والإحصاء','2025-11-05 08:40:37','2025-11-05 08:40:37'),
(64,4,'إسماعيل بن سلمان بن محمد الرواحي','رئيس قسم الخطب','قسم الخطب / دائرة البحوث الشرعية','2025-11-05 09:05:59','2025-11-05 09:05:59'),
(65,4,'أحمد بن خميس بن سالم العلوي','مدقق لغوي','دائرة البحوث الشرعية   قسم المحتوى التعليمي والارشادي','2025-11-05 09:06:13','2025-11-05 09:06:13'),
(66,4,'ابراهيم بن عبدالله بن سليمان البيماني','رئيس قسم الإحصاء','دائرة التخطيط والإحصاء','2025-11-05 09:07:10','2025-11-05 09:07:10'),
(67,4,'حمدان بن راشد الخاطري','مدير مساعد','التخطيط والإحصاء','2025-11-05 09:11:21','2025-11-05 09:11:21'),
(68,4,'جميل بن سليمان بن سالم الناعبي','رئيس قسم الوعظ والإرشاد','دائرة الشؤون الإسلامية','2025-11-05 12:40:10','2025-11-05 12:40:10'),
(69,5,'جمال بن جابر بن خالد الهنائي','فني حاسب الي','دائرة التخطيط والدراسات','2025-12-22 09:16:41','2025-12-22 09:16:41');
/*!40000 ALTER TABLE `workshop_attendances` ENABLE KEYS */;
UNLOCK TABLES;
commit;

--
-- Table structure for table `workshops`
--

DROP TABLE IF EXISTS `workshops`;
/*!40101 SET @saved_cs_client     = @@character_set_client */;
/*!40101 SET character_set_client = utf8mb4 */;
CREATE TABLE `workshops` (
  `id` bigint(20) unsigned NOT NULL AUTO_INCREMENT,
  `title` varchar(255) NOT NULL,
  `location` varchar(255) DEFAULT NULL,
  `is_active` tinyint(1) NOT NULL DEFAULT 0,
  `created_by` bigint(20) unsigned NOT NULL,
  `starts_at` timestamp NOT NULL,
  `ends_at` timestamp NULL DEFAULT NULL,
  `description` text DEFAULT NULL,
  `created_at` timestamp NULL DEFAULT NULL,
  `updated_at` timestamp NULL DEFAULT NULL,
  PRIMARY KEY (`id`),
  KEY `workshops_created_by_foreign` (`created_by`),
  KEY `workshops_starts_at_index` (`starts_at`),
  KEY `workshops_is_active_index` (`is_active`),
  CONSTRAINT `workshops_created_by_foreign` FOREIGN KEY (`created_by`) REFERENCES `users` (`id`) ON DELETE CASCADE
) ENGINE=InnoDB AUTO_INCREMENT=7 DEFAULT CHARSET=utf8mb4 COLLATE=utf8mb4_unicode_ci;
/*!40101 SET character_set_client = @saved_cs_client */;

--
-- Dumping data for table `workshops`
--

LOCK TABLES `workshops` WRITE;
/*!40000 ALTER TABLE `workshops` DISABLE KEYS */;
set autocommit=0;
INSERT INTO `workshops` VALUES
(1,'ورشة إعداد الخطط التفصيلية لمشاريع وبرامج المديريات لعام 2026م','فندق مسك - الموج',0,1,'2025-11-02 08:00:00','2025-11-02 14:00:00','ورشة تدريبية في إعداد الخطط التفصيلية للمبادرات والمشاريع المعتمدة في الخطة السنوية 2026م.\r\nجدول الأعمال:\r\n1. التسجيل.\r\n2. كلمة الدائرة.\r\n3. مقطع مرئي.\r\n4. استعراض مؤشرات 2025م ونتيجة الأداء المؤسسي.\r\n6.استعراض خطة 2026.\r\n7. خطة الجهات المساندة.\r\n8. استمارت تكلفة المشروع.\r\n9. البدء في مراجعة وإدخال الخطط.\r\n10. الختام.','2025-11-01 08:37:24','2025-11-02 21:39:25'),
(2,'ورشة إعداد الخطط التفصيلية لمشاريع وبرامج المديريات لعام 2026م','فندق مسك ـ الموج',0,1,'2025-11-03 08:00:00','2025-11-03 13:30:00',NULL,'2025-11-02 18:11:31','2025-11-04 08:47:56'),
(3,'ورشة إعداد الخطط التفصيلية لمشاريع وبرامج المديريات لعام 2026م','فندق مسك ـ الموج',0,1,'2025-11-04 08:47:00',NULL,NULL,'2025-11-04 08:47:45','2025-11-05 08:29:19'),
(4,'ورشة إعداد الخطط التفصيلية لمشاريع وبرامج المديريات لعام 2026م (نسخة)','فندق مسك ـ الموج',0,1,'2025-11-05 08:28:34',NULL,NULL,'2025-11-05 08:28:34','2025-11-05 18:44:05'),
(5,'ورشة التخطيط لأخصائي التخطيط','فندق مسك',0,1,'2025-12-14 09:00:00','2025-12-16 00:31:00','ورشة خاصة بالتخطيط ومتابعة الأداء وقياس مؤشرات الأثر من البرامج والأنشطة خاصة بأخصائي التخطيط','2025-12-03 11:30:29','2026-01-04 05:36:44');
/*!40000 ALTER TABLE `workshops` ENABLE KEYS */;
UNLOCK TABLES;
commit;
/*!40103 SET TIME_ZONE=@OLD_TIME_ZONE */;

/*!40101 SET SQL_MODE=@OLD_SQL_MODE */;
/*!40014 SET FOREIGN_KEY_CHECKS=@OLD_FOREIGN_KEY_CHECKS */;
/*!40014 SET UNIQUE_CHECKS=@OLD_UNIQUE_CHECKS */;
/*!40101 SET CHARACTER_SET_CLIENT=@OLD_CHARACTER_SET_CLIENT */;
/*!40101 SET CHARACTER_SET_RESULTS=@OLD_CHARACTER_SET_RESULTS */;
/*!40101 SET COLLATION_CONNECTION=@OLD_COLLATION_CONNECTION */;
/*M!100616 SET NOTE_VERBOSITY=@OLD_NOTE_VERBOSITY */;

-- Dump completed on 2026-01-21  0:18:49
